V1,V2
AA0001,牛肉
AA0002,牛絞肉
AA0003,牛肉絲
AA0004,牛肉片
AA0005,牛排
AA0006,肩胛小排
AA0007,牛里肌
AA0008,牛肩肉
AA0009,板腱肉
AA0010,肋眼牛排
AA0011,牛小排
AA0012,牛肋排
AA0013,丁骨牛排
AA0014,紐約克牛排
AA0015,沙朗牛排
AA0016,腓力牛排
AA0017,牛菲力
AA0018,牛腰
AA0019,牛後腿肉
AA0020,牛臀肉
AA0021,牛腩
AA0022,雪花牛肉
AA0023,牛五花肉
AA0024,牛腱
AB0001,牛鞭
AB0002,牛腸
AB0003,牛尾
AB0004,牛舌
AB0005,牛心
AB0006,牛肝
AB0007,牛骨
AB0008,牛筋
AB0009,牛肚
AB0010,牛雜
AB0011,牛頭皮
AB0012,牛脂
AC0001,牛肉火腿
AC0002,牛肉丸子
BA0001,豬肉
BA0002,肥豬肉
BA0003,豬瘦肉
BA0004,豬肉片
BA0005,豬肉丁
BA0006,豬肉塊
BA0007,豬絞肉
BA0008,豬肉絲
BA0009,豬肉條
BA0010,豬排
BA0011,乳豬
BA0012,松阪豬
BA0013,豬梅花肉
BA0014,梅花肉片
BA0015,豬胛心肉
BA0016,胛心排
BA0017,豬軟骨排
BA0018,前排肉
BA0019,豬里肌
BA0020,豬里肌肉片
BA0021,二層肉
BA0022,龍骨
BA0023,豬里肌肉排
BA0024,排骨
BA0025,豬五花肉
BA0026,五花豬肉片
BA0027,子排
BA0028,豬肋排
BA0029,豬後腿肉
BA0030,豬腳
BA0031,蹄膀
BA0032,豬腱子肉
BA0033,嘴邊肉
BA0034,肝連肉
BB0001,虎掌
BB0002,豬蹄筋
BB0003,豬耳朵
BB0004,豬尾巴
BB0005,豬皮
BB0006,豬骨
BB0007,豬油
BB0008,白表
BB0009,網紗油
BB0010,豬舌
BB0011,豬心
BB0012,豬肝
BB0013,豬腸
BB0014,豬腦
BB0015,豬血
BB0016,豬肝
BB0017,豬肺
BB0018,豬肚
BB0019,腰子
BB0020,腰尺
BB0021,豬小腸
BB0022,豬大腸
BB0023,粉腸
BB0024,生腸
BB0025,豬小肚
BB0026,豬大腸頭
BB0027,豬眼筋
BB0028,豬脆管
BC0001,貢丸
BC0002,肉鬆
BC0003,肉角
BC0004,鹹肉
BC0005,臘肉
BC0006,臘腸
BC0007,肝腸
BC0008,辣腸
BC0009,香腸
BC0010,法蘭克福腸
BC0011,義式肉腸
BC0012,午餐肉
BC0013,匈牙利辣腸
BC0014,西班牙辣腸
BC0015,起司腸
BC0016,培根
BC0017,火腿
BC0018,洋火腿
BC0019,熱狗
BC0020,膨皮
BC0021,肉丸
CA0001,雞肉
CA0002,雞丁
CA0003,雞柳
CA0004,雞絞肉
CA0005,雞蓉
CA0006,雞肉絲
CA0007,雞胸肉
CA0008,雞里肌肉
CA0009,全雞
CA0010,半雞
CA0011,放山雞
CA0012,珠雞
CA0013,水雞
CA0014,春雞
CA0015,烏骨雞肉
CA0016,雞腳
CA0017,雞腿
CA0018,雞腿肉
CA0019,雞腿排
CA0020,棒棒腿
CA0021,雞翅
CA0022,雞屁股
CA0023,雞皮
CB0001,雞肝
CB0002,雞心
CB0003,雞胗
CB0004,雞睪丸
CB0005,雞油
CB0006,雞骨
CB0007,雞腸
CB0008,雞血
DA0001,羊肉
DA0002,羊肉片
DA0003,羊肩肉
DA0004,羊腰脊肉
DA0005,羊里肌肉
DA0006,羊胸肉
DA0007,小羔羊排
DA0008,羊排
DA0009,羊腿
DA0010,羊腩
DA0011,羊腱
DA0012,羊肚
DB0001,羊睪丸
DB0002,羊鞭
DB0003,羊大骨
DB0004,羊架
EA0001,鵝肉
EA0002,鵝胸肉
EA0003,鵝腿
EA0004,鵝腿肉
EA0005,鵝掌
EA0006,鵝肝
EA0007,鵝腸
EA0008,鵝油
EA0009,鵝血
EA0010,鵝胗
EA0011,鵝頭
EA0012,鵝肉丸
EA0013,鵝心
EB0001,鴨
EB0002,菜鴨
EB0003,水鴨
EB0004,鴨肉條
EB0005,鴨肉
EB0006,鴨柳
EB0007,鴨胸
EB0008,鴨頭
EB0009,鴨脖子
EB0010,鴨舌頭
EB0011,鴨翅膀
EB0012,鴨腳
EB0013,鴨腿
EB0014,鴨腿肉
EB0015,鴨心
EB0016,鴨肝
EB0017,鴨腸
EB0018,鴨胗
EB0019,鴨血
EB0020,鴨油
EB0021,鴨骨
EC0001,田雞
EC0002,鴿肉
EC0003,鴕鳥肉
EC0004,鴕鳥頸肉
EC0006,鴕鳥腩肉
EC0007,鹿肉
EC0008,螺肉
EC0009,田螺
EC0010,象牙鳳螺
EC0011,蠑螺
EC0012,香螺
EC0013,珠螺
EC0014,螺
EC0015,鮑片
EC0016,乾螺頭
EC0017,蛇肉
EC0018,鵪鶉
EC0019,麥皮蟲
EC0020,蟋蟀
EC0021,兔肉
EC0022,藤壺
EC0023,火雞肉
FA0001,魷魚
FA0002,魷魚乾
FA0003,魷魚嘴
FA0004,花枝
FA0005,透抽
FA0006,小卷
FA0007,章魚
FA0009,海參
FA0010,海蜇皮
FA0011,海蜇頭
FA0012,海膽
FA0013,墨魚汁
FB0001,蚌
FB0002,蚌殼
FB0003,蛤
FB0004,蛤乾
FB0005,海瓜子
FB0006,九孔
FB0007,竹蟶
FB0008,西施舌
FB0009,蘆筍貝
FB0010,蘭花蚌
FB0011,北極貝
FB0012,象拔蚌
FB0013,鮑魚
FB0014,扇貝
FB0015,干貝
FB0016,蜆
FB0017,牡蠣
FB0018,榮螺肉
FC0001,蝦
FC0002,車蝦
FC0003,蝦仁
FC0004,蝦仁乾
FC0005,蝦丁
FC0006,炸蝦
FC0007,蝦泥
FC0008,蝦肉丁
FC0009,白剌蝦
FC0010,櫻花蝦
FC0011,蝦母
FC0012,海蝦
FC0013,溪蝦
FC0014,蝦蛄
FC0015,蝦米
FC0016,蝦籽
FC0017,蝦皮
FC0018,蝦醬
FC0019,蝦卵
FC0021,蝦漿
FC0022,蝦丸
FC0023,蝦殼
FC0024,蝦球
FC0025,蝦頭
FC0026,蝦排
FC0027,蝦皮
FC0028,熟蝦
FC0029,紅蟹
FC0030,旭蟹
FC0031,海蟹
FC0032,螃蟹
FC0033,蟹肉
FC0034,蟹黃
FC0035,蟹腳
FC0036,軟殼蟹
FC0037,大閘蟹
FC0038,毛蟹
FC0039,帝王蟹
FC0040,鱈場蟹
FC0041,熟地蟹
FC0042,蟳
FC0043,膏蟹
FC0044,三點蟹
FC0045,花蟹蚶
FC0046,沙蟹
FC0047,蟹鉗
FC0048,蟹殼
FC0049,金門蟹
FC0050,鱉
FC0051,龍蝦
FD0001,魚肉
FD0002,鮭魚
FD0003,鯛魚
FD0004,鮪魚
FD0005,鱈魚
FD0006,鱸魚
FD0007,白魚
FD0008,黃魚
FD0009,小黃魚
FD0010,紅魚
FD0011,銀魚
FD0012,柴魚
FD0013,吳郭魚
FD0014,鯖魚
FD0015,虱目魚
FD0016,秋刀魚
FD0017,土魠魚
FD0018,白北魚
FD0019,香魚
FD0020,旗魚
FD0021,石斑魚
FD0022,鰻魚
FD0023,海鰻
FD0024,河鰻
FD0025,鯽魚
FD0026,草魚
FD0027,鯧魚
FD0028,刺鯧
FD0029,鯉魚
FD0030,魴魚
FD0031,鰱魚
FD0032,帶魚
FD0033,吻仔魚
FD0034,丁香魚
FD0035,沙丁魚
FD0036,沙梭魚
FD0037,石狗公
FD0038,金線魚
FD0039,柳葉魚
FD0040,多利魚
FD0041,鯷魚
FD0042,比目魚
FD0043,烏魚
FD0044,鱔魚
FD0045,鯊魚
FD0046,鰹魚
FD0047,油魚
FD0048,竹莢魚
FD0049,小吉魚
FD0050,赤宗魚
FD0051,紅尾冬魚
FD0052,紅甘魚
FD0053,鰤魚
FD0054,馬頭魚
FD0055,中華鱘
FD0056,鱘龍魚
FD0057,四破魚
FD0058,目孔魚
FD0060,黃鰭鯛
FD0061,水針魚
FD0062,象魚
FD0063,土虱魚
FD0064,黑喉
FD0065,紅鱸
FD0066,翻車魚
FD0067,皮刀魚
FD0068,鱒魚
FD0069,多利魚
FD0070,冰魚
FD0071,黑加網
FD0072,金眼鯛
FD0073,花魚
FD0074,燕尾斑
FD0075,青鱗魚
FD0076,燕魚
FD0077,竹筴魚
FD0079,殼魚
FD0080,黃雞魚
FD0081,青衣魚
FD0082,飛刀
FD0083,伍仔魚
FD0084,鯪魚
FD0085,金梭魚
FD0086,鬼頭刀
FD0087,紅槽魚
FD0088,豆仔魚
FD0089,鱒鮭
FD0090,寶石魚
FD0091,龍利魚
FD0092,脆皖魚
FD0093,海泥鰍
FD0094,泥鰍
FD0095,劍旗魚
FD0096,紅條魚
FD0097,三角仔
FD0098,蘭勃舵魚
FD0099,青嘴魚
FD0100,青星九刺鮨
FD0101,鰈魚
FD0102,海鱺
FD0103,甘仔魚
FD0104,飛魚
FD0105,青魚
FD0106,紅目鰱
FD0107,鯰魚
FE0001,魚肚
FE0002,魚腸
FE0003,魚頭
FE0004,魚骨
FE0005,魚下巴
FE0006,魚尾巴
FE0007,魚皮
FE0008,明太子
FE0009,魚卵
FE0010,鮭魚卵
FE0011,生魚片
FE0012,魚湯
FE0013,魚菲力
FE0014,松阪魚
FE0015,魚柳
FE0016,魚雜
FE0017,龍腸
FF0001,魚板
FF0002,魚露
FF0003,魚漿
FF0004,章魚花枝漿
FF0005,甜不辣
FF0006,小魚乾
FF0007,魚丸
FF0008,鹹魚
FF0009,魚鬆
FF0010,魚餃
FF0011,魚蛋
FF0012,一夜干
FF0013,魚乾
FF0014,蟹肉棒
FF0015,竹輪
FF0016,黑輪
FF0017,鳴戶卷
FF0018,沙魚煙
FF0019,柴魚粉
FF0020,魚高湯
FF0021,烏魚子
FF0022,鱈寶
FF0023,魚翅
FF0024,魚餅
FF0025,魚酥
FF0026,醃魚
FF0027,魚油
FF0028,魚粉
FF0029,魷魚絲
FF0030,魚唇
FF0031,魚滑
FF0032,魚醬
GA0001,小黃瓜
GA0002,黃瓜
GA0003,黃瓜皮
GA0004,絲瓜
GA0005,稜角絲瓜
GA0006,冬瓜
GA0007,冬瓜皮
GA0009,苦瓜
GA0010,南瓜
GA0012,日本南瓜
GA0013,菊花南瓜
GA0014,西葫蘆
GA0015,葫蘆
GA0016,瓠瓜
GA0017,節瓜
GA0018,越瓜
GA0019,筍瓜
GA0020,佛手瓜
GA0021,酪梨
GA0022,蛇瓜
GA0023,青木瓜
GA0024,碟瓜
GA0025,番茄
GA0026,秋葵
GA0027,茄子
GA0028,水茄
GA0029,泰式小圓茄
GA0030,人參果
GA0031,番椒
GA0032,青龍辣椒
GA0034,甜椒
GA0035,角椒
GA0036,米椒
GA0037,翡翠椒
GB0001,水果
GB0002,芒果
GB0003,芭樂
GB0004,梨子
GB0005,紅梨
GB0006,鴨梨
GB0007,柿子
GB0008,柚子
GB0009,香柚皮
GB0010,葡萄
GB0011,無子葡萄
GB0012,葡萄柚
GB0013,香蕉
GB0014,西瓜
GB0015,木瓜
GB0016,香瓜
GB0017,哈密瓜
GB0018,桃子
GB0019,甜桃
GB0020,脆桃
GB0021,黃桃
GB0022,李子
GB0023,加州李
GB0024,小番茄
GB0025,蘋果
GB0026,青蘋果
GB0027,蓮霧
GB0028,柳橙
GB0029,橙橘
GB0030,橘子
GB0031,鳳梨
GB0032,釋迦
GB0033,荔枝
GB0034,龍眼
GB0035,棗子
GB0036,草莓
GB0037,藍莓
GB0038,蔓越莓
GB0039,櫻桃
GB0040,楊桃
GB0041,山竹
GB0042,檸檬
GB0043,檸檬皮
GB0044,檸檬葉
GB0045,萊姆
GB0046,甘蔗
GB0047,甘蔗渣
GB0048,枇杷
GB0049,椰子
GB0050,椰纖
GB0051,榴槤
GB0052,蛋黃果
GB0053,番石榴
GB0054,紅毛丹
GB0055,龍鳳果
GB0056,嘉寶瓜
GB0057,百香果
GB0058,奇異果
GB0059,梅子
GB0060,烏梅
GB0061,金桔
GB0062,柑桔
GB0063,桔皮
GB0064,火龍果
GB0065,桑葚
GB0066,覆盆子
GB0067,藍苺
GB0068,樹莓
GB0069,醋栗
GB0070,紅醋栗
GB0071,杏桃
GB0072,波蘿蜜
GB0073,越橘
GB0074,甘果
GB0075,燈籠果
GC0001,花椰菜
GC0002,白花椰菜
GC0003,青花椰苗
GC0004,紫色花椰菜
GC0005,花菜心
GC0006,綠金針
GC0007,金針花
GC0008,美人心
GC0009,油菜花
GC0010,石蓮花
GC0011,檳榔花
GC0012,韭菜花
GC0013,芥蘭菜
GC0014,節瓜花
GC0015,寶塔花菜
GC0016,菜薊
GD0001,貝芽菜
GD0002,乾枇杷葉
GD0003,打拋葉
GD0004,千寶菜
GD0005,青江菜
GD0007,空心菜
GD0008,大陸妹
GD0009,茄茉菜
GD0010,芝麻菜
GD0011,客家褔菜
GD0012,水楊菜
GD0013,甘藷葉
GD0014,臭菜
GD0015,莧菜
GD0016,芋莖
GD0017,豆瓣菜
GD0018,油菜
GD0019,日本油菜
GD0020,芥菜
GD0021,芥菜梗
GD0022,大芥菜
GD0023,大心芥菜
GD0024,娃娃菜
GD0025,芥藍芽
GD0026,茼蒿
GD0027,落葵
GD0028,紅梗珍珠菜
GD0029,紅鳳菜
GD0030,美國空心菜
GD0031,食茱萸
GD0032,香樁
GD0033,甜菜根
GD0034,媚仔菜
GD0035,黃麻菜
GD0036,乾蓮葉
GD0037,甜菊葉
GD0038,雞屎藤
GD0039,菁菜
GD0040,茄冬葉
GD0041,紫蘇
GD0042,豇菜
GD0043,沙律菜
GD0044,萵苣
GD0045,A菜
GD0046,苦苣
GD0047,鹿角萵苣
GD0048,蘿蔓萵苣
GD0049,紅葉萵苣
GD0050,廣東萵苣
GD0051,奶油萵苣
GD0052,紫萵苣
GD0053,萵筍
GD0054,鬚苣
GD0055,美生菜
GD0056,冰山捲心
GD0057,拔葉萵苣
GD0058,波士頓萵苣
GD0059,紅捲鬚
GD0060,菜心
GD0061,綠捲鬚
GD0062,薺菜
GD0063,大白菜
GD0064,小白菜
GD0065,白菜芽
GD0066,芥藍菜
GD0067,高麗菜
GD0068,甘藍芽
GD0069,紫高麗菜
GD0070,包心芥菜
GD0071,大頭菜
GD0072,紫色甘藍
GD0073,白菜心
GD0074,羽衣甘藍
GD0075,山芹菜
GD0076,芹菜
GD0077,西洋芹菜
GD0078,土芹菜
GD0079,山蘇菜
GD0080,水菜
GD0081,鴨鵝芹
GD0082,假人蔘
GD0083,龍鬚菜
GD0085,野韭菜
GD0086,貢菜
GD0087,過溝菜
GD0088,白鳳菜
GD0089,荷葉白菜
GD0090,蚵仔白菜
GD0091,野莧菜
GD0092,菠菜
GD0093,葵扇白菜
GD0094,黑豆芽
GD0095,葵花芽
GD0096,蕎麥芽
GD0097,水麥芽
GD0098,蘿蔔芽
GD0099,綠豆芽
GD0100,紫高活芽
GD0101,豌豆芽
GD0102,黃豆芽
GD0103,苜蓿芽
GD0104,水麥芽
GD0105,大根芽
GD0106,苜宿芽
GD0107,筍
GD0108,筍乾
GD0109,桂竹筍
GD0110,扁尖筍
GD0111,箭竹筍
GD0112,綠竹筍
GD0113,烏殼綠竹筍
GD0114,筍嫩尖
GD0115,沙拉筍塊
GD0116,麻竹筍
GD0117,孟宗竹筍
GD0118,玉米筍
GD0119,香菜根
GD0120,海蘆筍
GD0121,蘆筍
GD0122,半天筍
GD0123,筊白筍
GD0124,雪裡紅
GD0125,蓴菜
GD0126,水蓮菜
GD0127,秋葵
GE0001,豇豆
GE0002,菜豆
GE0003,鵲豆
GE0004,花豆
GE0005,萊豆
GE0006,毛豆
GE0007,甜豌豆
GE0008,豌豆仁
GE0009,荷蘭豆
GE0010,白腰豆
GE0011,紅腰豆
GE0012,翼豆
GE0013,蛇豆
GE0014,甜豆
GF0001,番薯
GF0002,馬鈴薯
GF0003,芋頭
GF0004,山藥
GF0005,豆薯
GF0006,胡蘿蔔
GF0007,白蘿蔔
GF0008,青蘿蔔
GF0009,甜菜
GF0010,洋蔥
GF0011,蓮藕
GF0012,藕粉
GF0013,南瓜
GF0014,冬瓜
GF0015,菱角
GF0016,樹薯
GF0017,歐防風
GF0018,荸薺
GF0019,川牛膝
GF0020,蘆薈
GF0021,紫洋蔥
GG0001,調味蔬菜
GG0002,冷凍蔬菜
GG0003,三色蔬菜
GG0004,深綠色蔬菜
GG0005,彩色蔬菜
GG0007,蔬菜乾
GG0008,蔬菜條
GG0009,芽苗菜
GG0010,鼠麴草
GG0011,艾草
GG0012,厥子
GG0013,銀杏
GG0014,榨菜
GG0015,酸菜
GG0016,醃菜
GG0017,福菜
GG0018,梅菜
GG0019,鹽膚木
GG0020,龍葵
GG0021,百合鱗片
GG0022,乾百合鱗片
GG0023,青龍菜
GG0024,豬母菜
GG0025,麻薏
GG0026,麻薏粉
GG0027,楊莓
GG0028,金銀菜
GG0029,班蘭葉
GG0030,藤心
GG0031,西洋菊苣
GG0032,雞骨草
GG0033,仙鶴草
GG0034,芽菜
GG0035,慈菇
GG0036,龍舌蘭
GG0037,欖仁葉
GG0038,羊奶頭
GH0001,醬筍
GH0002,醬瓜
GH0003,鹹菜
GH0004,冬菜
GH0005,武林菜
GH0006,酸黃瓜
GH0007,水果罐頭
GH0008,莓果
GH0009,糖漬蔓越苺果粒
GH0010,莓果乾
GH0011,果乾
GH0012,芒果乾
GH0013,情人果
GH0014,柿乾
GH0015,葡萄乾
GH0016,罐裝蜜桃
GH0017,糖漬橙片
GH0018,甜桃果泥
GH0019,脆李
GH0020,脆梅
GH0021,話梅
GH0022,西梅乾
GH0023,日本梅
GH0024,紫蘇梅
GH0026,紹興梅
GH0027,荔枝果泥
GH0028,紅龍果泥
GH0029,龍眼乾
GH0030,黑棗
GH0031,棗泥
GH0032,草苺乾
GH0033,草苺泥
GH0034,乾藍梅粒
GH0036,椰棗
GH0037,無籽加州梅
GH0038,茶梅
HA0001,豆干
HA0002,豆枝
HA0003,蘭花干
HA0004,豆包
HA0005,豆胗
HA0006,豆漿
HA0007,腐皮
HA0008,豆皮包
HA0009,納豆
HA0010,臭豆腐
HA0011,山水豆腐
HA0012,杏仁豆腐
HA0013,豆腐
HA0014,胡麻豆腐
HA0015,豆腐乳
HA0016,豆豉
HA0017,味噌
HA0018,干絲
HA0019,板豆腐
HA0020,蛋豆腐
HA0021,百頁豆腐
HA0022,百頁結
HA0023,油豆腐
HA0024,千張
HA0025,素雞
HA0026,豆籤
HA0027,凍豆腐
HA0028,芝麻豆腐
HA0029,油揚
HA0030,炸豆腐
HA0031,素火腿
HA0032,豆花
HA0033,豆沙
HA0034,豆渣
HA0035,素肉丸
HA0036,素腰花
HA0037,素輪
HA0038,素肚
HA0039,素豆腸
HA0040,素香鬆
HA0041,素肉
HA0042,豆酥
HA0043,焗豆
HA0044,丹貝
HA0045,羊羹
HA0046,豆輪
HA0047,皮絲
HA0048,豆棗
HB0001,蛋液
HB0002,蛋末
HB0003,蛋絲
HB0004,蛋白
HB0005,蛋黃
HB0006,雞蛋
HB0007,鴨蛋
HB0008,鵪鶉蛋
HB0009,鐵蛋
HB0010,鴿蛋
HB0011,鵝蛋
HB0012,雞蛋粉
HB0013,糖心蛋
HB0014,皮蛋
HB0015,鹹鴨蛋
HB0016,水煮蛋
HB0017,紅蛋
HC0001,花生
HC0002,花生粉
HC0003,蒜花生碎
HC0004,決明子
HC0005,核桃
HC0006,山核桃
HC0007,栗子
HC0008,腰果
HC0009,蓮子
HC0010,蓮茸
HC0011,杏仁
HC0012,松子仁
HC0013,芡實
HC0014,榛果
HC0015,堅果
HC0016,夏威夷豆
HC0017,南瓜子
HC0018,無花果
HC0019,開心果
HC0020,愛玉子
HC0021,西谷米
HC0022,鷹嘴豆
HC0023,紅腰豆
HC0024,黑豆
HC0025,黃豆
HC0026,紅豆
HC0027,綠豆
HC0028,花豆
HC0029,米豆
HC0030,樹豆
HC0031,翅膀豆
HC0032,虎豆
HC0033,亞麻子
HC0034,白扁豆
HC0035,紅扁豆
HC0036,五香豆
HC0037,蝶豆藍花
HC0038,雜豆
HC0039,綜合豆
HC0040,豆酥碎
HC0041,可可豆
HC0042,伍仁果
HC0043,蠶豆
HC0044,鳥豆
HC0045,白刀豆
HC0046,蜜豆
HC0047,咖啡豆
HC0048,混合生豆
HC0049,香草籽
HC0050,莧菜籽
HC0051,奇亞籽
HC0052,奇雅籽
HC0053,破布籽
HC0054,亞答子
HC0055,亞麻籽
HC0056,葵瓜子
HC0057,西瓜子
HC0058,洋車前子
HC0059,胚芽
HC0060,羅勒子
HC0061,南瓜籽
HC0062,澎大海
HC0063,大麻籽
HD0001,奶精
HD0002,奶球
HD0003,鮮奶油
HD0004,奶粉
HD0005,奶水
HD0006,牛奶
HD0007,奶泡
HD0008,乳清
HD0009,牛油奶
HD0010,椰奶
HD0011,煉乳
HD0012,奶酪
HD0013,奶酥
HD0014,濃縮奶
HD0015,配方奶
HD0016,保久乳
HD0017,脫脂乳
HD0018,奶酪
HD0019,優格
HD0020,優酪乳
HD0021,母乳
HD0022,酪漿
HD0023,奶混合奶油
HD0024,法式酸奶
HD0025,十穀奶
HE0001,起司
HE0002,起司粉
HE0003,羊起司
HE0004,馬茲拉起司
HE0005,帕馬森起司
HE0006,瑪斯卡彭起司
HE0007,卡門貝爾起司
HE0008,瑞可達起司
HE0009,格呂耶爾起司
HE0010,切達起司
HE0011,茅屋起司
HE0012,白乳酪
HE0013,布利乳酪
HE0014,莫佐瑞拉起司
HE0015,藍起司
HE0016,奶油起司
HE0017,帕達諾起司
HE0018,焗烤起司
HE0019,貝爾佩斯起司
HE0020,帕芙隆起士
IA0001,海菜
IA0002,紅藻
IA0003,綠藻
IA0004,藍藻
IA0005,羊栖菜
IA0006,海苔
IA0007,海帶
IA0008,裙帶芽
IA0009,海藻
IA0010,海珊瑚
IA0011,洋菜
IA0012,髮菜
IA0013,螺璇藻
IB0001,混合菇
IB0002,粉紅甜心菇
IB0003,黃金菇
IB0004,珍珠菇
IB0005,黃金菇
IB0006,鮑魚菇
IB0007,木耳
IB0008,白木耳
IB0009,猴頭菇
IB0010,香菇
IB0011,金針菇
IB0012,銀耳
IB0013,洋菇
IB0014,巴西蘑菇
IB0015,杏鮑菇
IB0016,靈芝
IB0017,舞菇
IB0018,滑菇
IB0019,雞菇
IB0020,本菇
IB0021,白靈菇
IB0022,霸王菇
IB0023,松露
IB0024,牛肝菌
IB0025,傘菇
IB0026,珊瑚菇
IB0027,雞脾菇
IB0028,秀珍菇
IB0029,黑木耳
IB0030,鮑魚菇
IB0031,鴻喜菇
IB0032,珍菇
IB0033,白菇
IB0034,雪花菇
IB0035,栗子菇
IB0036,柳松菇
IB0037,草菇
IB0038,白雪菇
IB0039,螺旋藻
IB0040,竹笙
IB0041,香菇頭
IB0042,松茸菇
IB0043,姬松茸
IB0044,鈕扣菇
IB0045,靈芝
IB0046,舞茸
IB0047,金茸
IB0048,黑珍菇
IB0049,海唇菜
IB0050,素脆鱔
IB0051,真姬菇
IB0052,雞腿菇
IB0053,白鶴靈芝
IB0054,鹿尾菜
IB0055,天山華翠菇
IB0056,壽喜菇
IB0057,酒杯菇
IB0058,菌菇
IB0059,帝王菇
IB0060,牛樟菇
IB0061,冬蟲夏草
IB0062,韓國菇
IC0001,八角
IC0002,枸杞
IC0003,使君子
IC0004,當歸
IC0005,柳仔茄
IC0006,大黃
IC0007,熟地
IC0008,鼠麴
IC0009,苦蔘根
IC0010,蘆根
IC0011,鉤藤
IC0012,香薷
IC0013,牛膝
IC0014,桑枝片
IC0015,連翹
IC0016,淡竹葉
IC0017,木香
IC0018,丁香
IC0019,川芎
IC0020,黃耆
IC0021,炙耆
IC0022,小黃皮
IC0023,陳皮
IC0024,蜜柑皮屑
IC0025,玉帶根
IC0026,麥冬
IC0027,金錢草
IC0028,辛夷
IC0029,槐花
IC0030,桂枝
IC0031,興渠
IC0032,沙姜
IC0033,煙燻料
IC0034,益母草
IC0035,紅棗
IC0036,枯梗
IC0037,乾葛
IC0038,天麻
IC0039,明日葉
IC0040,大青葉
IC0041,山槴子
IC0042,黨參
IC0043,葛根
IC0044,蝴蝶果
IC0045,巴蕉葉
IC0046,尖尾風
IC0047,墨角蘭
IC0048,淮山
IC0049,桔梗
IC0050,茵蔯蒿
IC0051,玉竹
IC0052,芫荽子
IC0053,肉蓯蓉
IC0054,杜仲
IC0055,茯苓
IC0056,澤瀉
IC0057,香茹
IC0058,蓮子心
IC0059,何首烏
IC0060,枇杷葉
IC0061,荊芥
IC0062,臭草
IC0063,一陽齒
IC0064,桑白皮
IC0065,青粉
IC0066,雪蛤膏
IC0067,鐵樹葉
IC0068,含殼草
IC0069,知母
IC0070,板藍根
IC0071,伏苓
IC0072,地黃
IC0073,茅根
IC0074,黃精
IC0075,女貞子
IC0076,九尾草
IC0077,五加皮
IC0078,沙蔘
IC0079,花旗蔘
IC0080,野山蔘
IC0081,三七
IC0082,黃耳
IC0083,川貝
IC0084,珠貝
IC0085,茄苳
IC0086,佛甲草
IC0087,白芍
IC0088,白芷
IC0089,芍藥
IC0090,蛤蚧
IC0091,仙楂
IC0092,鳳尾草
IC0093,罌粟籽
IC0094,青杞
IC0095,樹子
IC0096,羅漢果
IC0097,天麻
IC0098,苦地膽
IC0099,世蒲鉾
IC0100,甘拿許
IC0101,七層塔
IC0102,猴尾仔
IC0103,月桃葉
IC0104,一陽齒
IC0105,牛蒡
IC0106,黨參
IC0107,人蔘
IC0108,蔘鬚
IC0109,丹蔘
IC0110,烏蔘
IC0111,西洋參
IC0112,桑枝
IC0113,川七
IC0114,蚌蘭
IC0115,雷公草
IC0116,甘露子
IC0117,五爪金英
IC0118,火炭母草
IC0119,何首烏藥包
IC0120,藥燉包
IC0121,十全藥包
IC0122,五香包
IC0123,八珍中藥包
IC0124,四神中藥包
IC0125,四物藥包
IC0126,東阿阿膠
IC0127,藥燉排骨藥包
IC0128,當歸藥包
IC0129,高麗蔘藥包
IC0130,黃花蜜菜
IC0131,通草
IC0132,虎尾草
IC0133,甜珠草
IC0134,金線蓮
IC0135,紫草
JA0001,米
JA0002,秈米
JA0003,梗米
JA0004,糯米
JA0005,紫糯米
JA0006,黑糯米
JA0007,紅糯米
JA0008,古斯米
JA0009,珍珠米
JA0010,紅麴米
JA0011,小米
JA0012,薏米
JA0013,糙米
JA0014,燉飯米
JA0015,胚芽米
JA0016,紫米
JA0017,發芽米
JA0018,庫司庫司
JA0019,彩米
JA0020,黃米
JA0021,牧師米
JA0022,飯
JA0023,胚芽米飯
JA0024,隔夜飯
JB0001,麵粉
JB0002,麥粉
JB0003,澄粉
JB0004,穀粉
JB0005,蒸粉
JB0006,麵包粉
JB0007,糯米粉
JB0008,十穀粉
JB0009,粉心粉
JB0010,脆漿粉
JB0011,螺絲粉
JB0012,糕仔粉
JB0013,鬆餅粉
JB0014,白玉粉
JB0015,酥心粉
JB0016,去筋麵粉
JB0017,低筋麵粉
JB0018,中筋麵粉
JB0019,高筋麵粉
JB0020,全麥麵粉
JB0021,雞蛋糕粉
JB0022,銅鑼燒粉
JB0023,道明寺粉
JB0024,芙蓉糕粉
JB0025,法國麵粉
JB0026,天婦羅粉
JB0027,韓式煎餅粉
JC0001,埔里米粉
JC0002,米粉
JC0003,新竹米粉
JC0004,米線
JC0005,米干
JC0006,米苔目
JC0007,粄條
JC0008,蒸粉
JC0009,蘿蔔糕
JC0010,年糕
JC0011,寧波年糕
JC0012,韓國年糕
JC0013,日式年糕
JC0014,油粿
JC0015,粿
JC0016,草仔粿
JC0017,菜頭粿
JC0018,芋粿
JC0019,湯圓
JC0020,元宵
JC0021,酒釀
JC0022,麻糬
JC0023,紅龜粿
JC0024,米紙
JC0025,糯米紙
JC0026,在來米粉
JC0027,米漿粉
JC0028,米漿
JC0029,米果
JC0030,趖
JC0031,西谷米
JC0032,春捲皮
JC0033,塔克皮
JC0034,潤餅皮
JC0035,刈包皮
JC0036,扁食皮
JC0037,煎包皮
JC0038,湯包皮
JC0039,餛飩皮
JC0040,煎餃皮
JC0041,水餃皮
JC0042,小黃皮
JC0043,甜塔皮
JC0044,起酥片
JC0045,酥皮
JC0046,粉皮
JC0047,塔皮
JC0048,餅皮
JC0049,燒賣皮
JC0050,披薩皮
JC0051,冰皮粉
JC0052,麻吉皮
JC0053,雪娘皮
JC0054,中式麵餅
JC0055,中東麵餅
JC0056,墨西哥餅皮
JC0057,麵糊
JC0058,麵糰
JC0059,湯種
JC0060,酸種
JC0061,蛋捲糊
JC0062,熟麥仔
JC0063,澱粉條
JC0064,修飾澱粉
JC0065,烤麩
JC0066,穀粒
JC0067,油條
JC0068,饅頭
JC0069,五穀饅頭
JC0070,銀絲卷
JC0071,土司
JC0072,土司邊
JC0073,厚片吐司
JC0074,肉鬆土司
JC0075,貝果
JC0076,圓餅
JC0077,餐包
JC0078,麵包
JC0079,披薩
JC0080,巧巴達
JC0081,法國麵包
JC0082,漢堡麵包
JC0083,雜糧麵包
JC0084,什穀雜糧
JC0085,穀類
JC0086,麥片
JC0087,穀片
JC0088,脆片
JC0089,餅乾
JC0090,派餅
JC0091,磨牙餅
JC0092,蘇打餅
JC0093,焦糖脆餅
JC0094,夾心餅乾
JC0095,威化餅乾
JC0096,消化餅乾
JC0097,手指餅乾
JC0098,Oreo餅乾
JC0099,巧克力餅乾
JC0100,義大利脆硬餅
JD0001,麵線
JD0002,蔬菜麵
JD0003,油麵
JD0004,意麵
JD0005,雞蛋麵
JD0006,麵片
JD0007,麵疙瘩
JD0008,拉麵
JD0009,素麵
JD0010,烏龍麵
JD0011,刀削麵
JD0012,義大利麵
JD0013,蒸煮麵
JD0014,科學麵
JD0015,泡麵
JD0016,麵
JD0017,碰皮麵
JD0018,豆簽
JD0019,通心粉
JD0020,貓耳朵
JD0021,雞絲麵
JE0001,蕎麥
JE0002,藜麥
JE0003,小薏仁
JE0004,薏仁
JE0005,麥角
JE0006,大麥
JE0007,小麥
JE0008,大麥仁
JE0009,黑麥
JE0010,綜合穀麥片
JE0011,紅薏仁
JE0012,燕麥
JE0013,高梁
JE0014,麥芽
JE0015,麥芽糖
JE0016,麥芽精
JE0017,玉米
JE0018,玉米餅
JE0019,玉米脆片
JE0020,玉米粒
JE0021,玉米醬
JE0022,玉米粉
JE0023,爆米花玉米
JE0024,麥麩
JE0025,麩片
JF0001,寬冬粉
JF0002,冬粉
JF0003,葛粉
JF0004,河粉
JF0005,蕎麥麵
JF0006,雞絲麵
JF0007,蚵仔麵線
JF0008,西米露
JF0009,粉圓
JF0010,脆圓
JF0011,芋圓
JF0012,粉圓
JF0013,地瓜圓
JF0014,糯米飯
JF0015,粥
JF0016,鍋粑
JF0017,壽司
JF0018,粽
JF0019,甜粽
JF0020,米糕
JF0021,粉稞
JF0022,甜八寶
KA0001,食鹽
KA0002,海鹽
KA0003,椒鹽
KA0004,黑鹽
KA0005,梅鹽
KA0006,蒜辣鹽
KA0007,鰹魚鹽
KA0008,糖鹽
KA0009,砂糖
KA0010,寡糖
KA0011,葡萄糖
KA0012,麻糬粉
KA0013,芝麻糖粉
KA0014,糖粉
KA0015,二砂糖
KA0016,蔗糖
KA0017,果糖
KA0018,冰糖
KA0019,方糖
KA0020,片糖
KA0021,紅糖
KA0022,代糖
KA0023,蜂蜜
KA0024,糖水
KA0025,糖漿
KA0026,龍舌蘭蜜
KA0027,麥芽
KA0028,荔枝蜜
KA0029,椰糖
KA0030,楓糖
KA0031,桂花糖
KA0032,麵衣
KA0033,綿白糖
KA0034,果醋
KA0036,焦糖
KA0037,焦糖粉
KA0038,葡萄糖漿
KA0039,檸檬糖漿
KA0040,薄荷糖漿
KA0041,醋
KA0042,土佐醋
KA0043,白醋
KA0044,紅醋
KA0045,白酒醋
KA0046,紅酒醋
KA0047,伍斯特醬
KA0048,烏醋
KA0049,香醋
KA0050,油醋
KA0051,梅醋
KA0052,甘醋
KA0053,雪利醋
KA0054,糯米醋
KA0055,義大利甜醋
KA0056,微酵多醣醋
KA0057,涼拌酢
KA0058,浙醋
KA0059,味精
KA0060,蝦粉
KA0061,肉粉
KA0062,嫩肉粉
KA0063,沙嗲粉
KA0064,酵素
KA0065,酒
KA0066,烈酒
KA0067,白蘭地
KA0068,威士忌
KA0069,清酒
KA0070,酒釀
KA0071,蘭姆酒
KA0072,紹興酒
KA0073,貝禮詩奶酒
KA0074,葡萄酒
KA0075,雪利酒
KA0076,高梁酒
KA0077,咖啡酒
KA0078,米酒
KA0079,啤酒
KA0080,小麥啤酒
KA0081,琴酒
KA0082,蘋果酒
KA0083,橙酒
KA0084,氣泡酒
KA0085,伏特加
KA0086,馬祖老酒
KA0087,茴香酒
KA0088,燒酒
KA0089,老土司
KA0090,柑曼怡
KA0091,紅露酒
KA0092,龍舌蘭酒
KA0093,君橙酒
KA0094,醬酒
KA0095,油
KA0096,豬油
KA0097,米油
KA0098,植物油
KA0099,苦茶油
KA0100,玉米油
KA0102,蠔油
KA0103,酸奶油
KA0104,麻油
KA0105,奶油
KA0106,乳瑪琳
KA0107,鮮奶油
KA0108,酥油
KA0109,紅油
KA0110,橄欖油
KA0111,芥子油
KA0112,亞麻籽油
KA0113,素耗油
KA0114,熟油
KA0115,豉油
KA0116,蛋油
KA0117,油蔥
KA0118,蔥油
KA0119,蒜苗
KA0120,蒜酥
KA0121,白蒜
KA0122,蒜
KA0123,薑
KA0124,蔥
KA0125,韭蔥
KA0126,乾蔥頭
KA0127,蝦夷蔥
KA0128,薤
KA0129,油蔥酥
KA0130,紅蔥頭
KA0131,香菜
KA0132,迷迭香
KA0133,水
KA0134,氣泡水
KA0135,冰塊
KA0136,鹼水
KA0137,通寧水
KA0138,出汁
KA0139,芡水
KA0140,沙薑
KA0141,刺蔥粉
KA0142,太白粉
KA0143,椰子粉
KA0144,玉米粉
KA0145,泡打粉
KA0146,發酵粉
KA0147,依士粉
KA0148,小蘇打粉
KA0149,地瓜粉
KA0150,紫薯粉
KA0151,炸粉
KA0152,塔塔粉
KA0153,馬蹄粉
KA0154,酵母粉
KA0155,卡士達粉
KA0156,卡士達醬
KA0157,黃豆粉
KA0158,蛋黃粉
KA0159,木瓜粉
KA0160,麥芽粉
KA0161,雞精粉
KA0162,咖哩
KA0163,咖喱醬
KA0164,五香粉
KA0165,七味粉
KA0166,十三香
KA0167,七色粉
KA0168,香蒜粉
KA0169,豌豆粉
KA0170,可可粉
KA0171,抹茶粉
KA0172,梅子粉
KA0173,甘梅粉
KA0174,甘梅
KA0175,香草粉
KA0176,番茜粉
KA0177,和風碳烤粉
KA0178,黃薑粉
KA0179,啤酒酵母
KA0180,藕粉
KA0181,椰纖粉
KA0182,纖維粉
KA0183,青豆粉
KA0184,黑豆粉
KA0185,沿蔉粉
KA0186,豉汁
KA0187,濃縮紅甜菜汁料理粉
KA0188,抹茶拉堤粉
KA0189,提拉米蘇慕斯粉
KA0190,餅乾粉
KA0191,布蕾粉
KA0192,奶香粉
KA0193,椰粉
KA0194,椰蓉
KA0195,脆酥粉
KA0196,蒸肉粉
KA0197,香辣粉
KA0198,香草冰砂粉
KA0199,豆花粉
KA0200,發糕粉
KA0201,慕斯粉
KA0202,艾草粉
KA0203,竹炭粉
KA0204,蛋白粉
KA0205,玫瑰花粉
KA0206,素蛋粉
KA0207,罌粟籽粉
KA0208,乾酪粉
KA0209,栗粉
KA0210,糕仔粉
KA0211,丁香粉
KA0212,白汁粉
KA0213,珍珠粉
KA0214,柿霜
KA0215,玫瑰花露
KA0216,紅趜醬
KA0217,醬鼓
KA0218,鹼油
KA0219,醬油露
KA0220,香糟露
KA0221,老抽
KA0222,生抽
KA0223,糟滷
KA0224,黃豆醬
KA0225,醬油
KA0226,醬油膏
KA0227,白蔭油
KA0228,白曝油
KA0229,素蠔油
KA0230,蒜蓉蔥油膏
KA0231,蔥油醬
KA0232,香豉醬
KA0233,蒜味醬
KA0234,蒜味粉
KA0235,醬爆醬
KA0236,薄鹽醬
KA0237,塔香油膏
KA0239,沙茶醬
KA0240,素沙茶醬
KA0241,肉燥
KA0242,肉醬
KA0243,豬肉醬
KA0244,烤肉醬
KA0245,蕃茄醬
KA0246,蕃茄糊
KA0247,蕃茄沙司
KA0248,沙拉醬
KA0249,和風醬
KA0250,千島醬
KA0251,凱薩醬
KA0252,花生醬
KA0253,巧克力醬
KA0254,雞醬
KA0255,甜麵醬
KA0256,甜辣醬
KA0257,春川燉雞塊調理醬
KA0258,XO醬
KA0259,HP醬
KA0260,豆瓣醬
KA0261,黑豆瓣醬
KA0262,白豆醬
KA0263,豆酥醬
KA0264,海鮮醬
KA0265,海山醬
KA0266,柱侯醬
KA0267,紅糟醬
KA0268,抹茶醬
KA0269,果醬
KA0270,果漿
KA0271,洛神醬
KA0272,咖哩醬
KA0273,奶油白醬
KA0274,黃芥末醬
KA0275,照燒醬
KA0276,糖醋醬
KA0277,葡萄醋
KA0278,麻婆醬
KA0279,o急汁
KA0280,老虎醬
KA0281,中濃醬
KA0282,蒜香黑糊椒醬
KA0283,黑胡椒蘑菇醬
KA0284,義式花香醬
KA0285,酒醋膏
KA0286,紅醬
KA0287,黃醬
KA0288,白醬
KA0289,青醬
KA0290,炸醬
KA0291,桔醬
KA0292,橘子醬
KA0293,梅醬
KA0294,沙嗲醬
KA0295,塔塔醬
KA0296,大阪燒醬汁
KA0297,壽喜燒醬
KA0298,魚香醬
KA0299,魚子醬
KA0300,莎莎醬
KA0301,蛋黃醬
KA0302,蛋奶醬
KA0303,黑龍炒醬
KA0304,京醬牛肉炒醬
KA0305,油蔥萬用醬
KA0306,五味醬
KA0307,胡麻醬
KA0308,菌菇醬
KA0309,欖仁醬
KA0310,香柚醬
KA0311,香樁醬
KA0312,奇香醬
KA0313,宮保醬
KA0314,麻婆豆腐淋醬
KA0315,蜜汁醬
KA0316,明太子醬
KA0317,褐醬
KA0318,酒糖液
KA0319,南乳汁
KA0320,香酒汁
KA0321,辣鮮露
KA0322,烤鴨醬
KA0323,叻沙醬
KA0324,西汁
KA0325,鮮味露
KA0326,鮮味粉
KA0327,海鮮粉
KA0328,豆醬醃床
KA0329,爆香調味醬
KA0330,蝦醬
KA0331,酸甜醬
KA0332,黑醬
KA0333,墨魚醬
KA0334,肝醬
KA0335,酸枳醬
KA0336,荷蘭醬
KA0337,四色調味醬
KA0338,卡非醬
KA0339,親子丼醬
KA0340,燒肉丼醬
KA0341,韓國辣炒醬
KA0342,韓國大醬
KA0343,醃醬
KA0344,春捲醬
KA0345,蒜蓉醬
KA0346,蒜蓉酥
KA0347,大醬
KA0348,味增醬
KA0349,春捲沾醬
KA0350,壺底蔭醬
KA0351,香蝦拌醬
KA0352,蘋果醬
KA0353,果律醬
KA0354,焦糖醬
KA0355,海膽醬
KA0356,香草醬
KA0357,燒雞醬
KA0358,煎餅沾醬
KA0359,乾燒醬
KA0360,粑粑絲醬
KA0361,柚醋醬
KA0362,酸橙醋
KA0363,打拋醬
KA0364,三杯醬
KA0365,怪味醬
KA0366,串燒醬
KA0367,雞卷沾醬
KA0368,粗豆醬
KA0369,核桃酪甜醬
KA0370,柚庵醬
KA0371,蠔醬
KA0372,A1醬
KA0373,莓醬
KA0374,廣式沾醬
KA0375,卡夫奇妙醬
KA0376,天婦羅沾醬
KA0377,摩卡醬
KA0378,馬麥醬
KA0379,白拌醬
KA0380,韓式拌醬
KA0381,義大利醬
KA0382,年糕醬
KA0383,紐奧良沾醬
KA0384,緬甸酸豆醬
KA0385,尼斯醬
KA0386,醉雞汁
KA0387,特製醬料
KA0388,台灣搵醬
KA0389,牛腩醬
KA0390,廣東油雞淋醬
KA0391,墨西哥醬
KA0392,加多加多醬
KA0393,香糟蒸醬
KA0394,香草籽醬
KA0395,BB醬
KA0396,豬骨醬
KA0397,紅燒汁
KA0398,花果香料醬
KA0399,英國伍斯塔醬
KA0400,辛奇醬
KA0401,韓式燉醬
KA0402,海鮮涮涮鍋醬
KA0403,月見沾醬
KA0404,客家豆醬
KA0405,調理素肉漿
KA0406,黑輪沾醬
KA0407,桔利蜜
KA0408,山海醬
KA0409,金平醬
KA0410,藍花汁
KA0411,原味醬包
KA0412,青紫蘇調味醬
KA0413,紅李沾醬
KA0414,PIZZA醬
KA0415,乳香醬
KA0416,TABASCO
KA0417,鬱金粉
KA0418,葛鬱金粉
KA0419,紫羅蘭粉
KA0420,胡椒粉
KA0421,胡椒粉
KA0422,辣椒
KA0423,五彩辣椒
KA0424,辣椒乾
KA0425,辣椒水
KA0426,辣椒粉
KA0427,辣油
KA0428,辣椒醬
KA0429,花椒
KA0430,青花椒
KA0431,芥末
KA0432,山葵
KA0433,山葵葉
KA0434,辣根
KA0435,牛小椒
KA0436,馬告
KA0437,莓果粉
KA0438,豉椒醬
KA0439,三巴醬
KA0440,桂花醬
KA0441,玫瑰花醬
KA0442,鰹魚水
KA0443,蘇打水
KA0444,鹽水
KA0445,蜂蜜水
KA0446,鹵水
KA0447,鹽麴
KA0448,檸檬酪
KA0449,酸辣湯塊
KA0450,克林姆餡
KA0451,歐利歐夾心餡
KA0452,美乃滋
KA0453,蘑菇醬
KA0454,海鮮塊
KA0455,清湯
KA0456,雞汁
KA0457,素湯頭
KA0458,奶香湯頭
KA0459,雞湯
KA0460,高湯
KA0461,素高湯
KA0462,冬陰功
KA0463,蝦油
KA0464,鮮雞晶
KA0465,米霖
KA0466,味醂
KA0467,香菇精
KA0468,嫩精
KA0469,改良劑
KA0470,紅潤釀
KA0471,醃味料
KA0472,乳化劑
KA0473,吉利丁　
KA0474,吉利T
KA0475,洋菜粉
KA0476,茶凍粉
KA0477,寒天粉
KA0478,藍藻粉
KA0479,果膠
KA0480,蜂膠
KA0481,亮光膠
KA0482,杏桃醬
KA0483,藍梅醬
KA0484,膠凍
KA0485,濃湯粉
KA0486,調味粉包
KA0487,Taco調味粉
KA0488,中華調味粉
KA0489,韓式甘味調味粉
KA0490,美式綜合調味粉
KA0491,醃肉調味粉
KA0492,鮮味炒手
KA0493,烹大師堅魚風味
KA0494,義式調味粉
KA0495,日式料理粉
KA0496,酒麴
KA0497,酒粕
KA0498,紅糟
KA0499,白酒麴
KA0500,白芝麻
KA0501,芝麻
KA0502,黑芝麻粉
KA0503,芝麻醬
KA0504,甘草粉
KA0505,甘草
KA0506,肉桂
KA0507,肉桂粉
KA0508,小茴香
KA0509,蒔蘿
KA0510,蒔蘿粉
KA0511,葛縷子
KA0512,巴西里
KA0513,草果
KA0514,刺山柑
KA0515,刺柏
KA0516,酸豆
KA0517,豆蔻
KA0518,荳蔻粉
KA0519,紫蘇
KA0520,孜然
KA0521,赤查某
KA0522,辣木
KA0523,葛樓子
KA0524,蓮葉
KA0525,香料
KA0526,西式香料
KA0527,義大利香料
KA0528,印度香料
KA0529,泰式香料
KA0530,美國西南方風味香料粉
KA0531,墨西哥香料
KA0532,法式香料
KA0533,鹽焗雞香料粉
KA0534,西洋香料
KA0535,桂花香料
KA0536,摩洛哥香料
KA0537,海鮮香料
KA0538,烤雞粉
KA0539,紅花
KA0540,龍蒿
KA0541,菩提葉
KA0542,月桂葉
KA0543,薰衣草
KA0544,薄荷葉
KA0545,杭菊
KA0546,甜葉菊
KA0547,藿香
KA0548,荷葉
KA0549,迷迭香
KA0550,奧勒岡
KA0551,九層塔
KA0552,甜蘿勒
KA0553,叻沙葉
KA0554,咖哩葉
KA0555,檸檬葉
KA0556,棕櫚葉
KA0557,香蕉葉
KA0558,烏芭葉
KA0559,七里香
KA0560,麝香草
KA0561,七葉蘭
KA0562,木糖醇
KA0563,山藥粉
KA0564,百草粉
KA0565,馬郁蘭
KA0566,馬鞭草
KA0567,蛇舌草
KA0568,黑罌栗
KA0569,盤龍蔘
KA0570,龍蒿葉
KA0571,蕺菜
KA0572,檳榔嫩莖
KA0573,藤三七
KA0574,欖角
KA0575,蘿蔔葉
KA0576,香草
KA0577,香茅
KA0578,香草精
KA0579,蘭姆精
KA0580,梅精
KA0581,橄欖
KA0582,綠橄欖
KA0583,玫瑰露
KA0584,蕃紅花粉
KA0585,鼠尾草
KA0586,茄冬葉
KA0587,杜卡
KA0588,炸香料
KA0589,肯瓊粉
KA0590,桑葉
KA0591,車前草
KA0592,柚子葉
KA0593,茶末
KA0594,泡椒
KA0595,石古子
KA0596,泰式涼拌醬
KA0597,酸辣醬
KA0598,辣拌醬
KA0599,宮保雞丁醬
KA0600,魯肉罐頭
KA0601,滷汁
KA0602,肉汁
KA0603,醬汁
KA0604,亨氏調味汁
KA0605,鮮辣淋汁
KA0606,滷水
KA0607,粉漿
KA0608,起酥片
KA0609,望羅子汁
KA0610,筍醬
KA0611,天婦羅沾料
KA0612,火鍋沾料
KA0613,優酪蝦球調味汁
KA0614,當歸湯汁
KA0615,油包
KA0616,橙皮
KA0617,蜜漬橙皮丁
KA0618,檸檬皮
KA0619,桔香料
KA0620,白蒲鉾
KA0621,紅蒲鉾
KA0622,百合
KA0623,芙蓉花
KA0624,櫻花
KA0625,桂花
KA0626,洛神花
KA0627,菊花
KA0628,蘿蔔花
KA0629,花萼
KA0630,蘋果花
KA0631,玫瑰花
KA0632,金銀花
KA0633,蓮花
KA0634,櫻花
KA0635,蒜花
KA0636,曇花
KA0637,雞蛋花
KA0638,胡蘿蔔花
KA0639,接骨木花
KA0640,洋甘菊
KA0641,甜菊
KA0642,食用菊
KA0643,黃金菊
KA0644,蒲公英
KA0645,雪蓮花
KA0646,金盞花
KA0647,雪蓮
KA0648,霸王花
KA0649,蘿凱花
KA0650,歐石南
KA0651,番紅花
KA0652,忘憂草
KA0653,金盞花
KA0654,木棉
KA0655,雪菊
KA0656,茉莉花
KA0657,半支蓮
KA0658,金蓮花
KA0659,紫羅蘭
KA0660,鬱金香
KA0661,珍珠梅
LA0001,蝦片
LA0002,巧克力
LA0003,巧克力粉
LA0004,巧克磚
LA0005,臻果巧可力醬
LA0006,泡菜
LA0007,布丁
LA0008,冰淇淋
LA0009,枝仔冰
LA0010,洋芋片
LA0011,草苺粉
LA0012,蜜薯片
LA0013,瓜子
LA0014,糖果
LA0015,焦糖絲
LA0016,糖花
LA0017,軟糖
LA0018,牛軋糖
LA0019,太妃糖
LA0020,維他命c軟糖
LA0021,花生糖
LA0022,牛奶糖
LA0023,巧克力糖
LA0024,裝飾糖粒
LA0025,薄荷糖
LA0026,棉花糖
LA0027,爆米花
LA0028,仙草
LA0029,生仁
LA0030,愛玉
LA0031,桔餅
LA0032,Q梅
LA0033,蜜餞
LA0034,冰梅
LA0035,話梅
LA0036,醃漬梅
LA0037,鳥梅
LA0038,紀州梅
LA0039,果凍
LA0040,蒟蒻
LA0041,茶凍
LA0042,Haagen dazs
LA0043,肉干
LA0044,冰糖葫蘆
LA0045,剉冰
LA0046,諾鈣C發泡錠
LA0047,黑芝麻交切片
LA0048,綿花糖
LA0049,柿種
LA0050,可可蜜糖
LA0051,彩色糖珠
LA0052,Scotch Finger
LA0053,懷舊點心
LA0054,五寶果
LA0055,什錦豆
LA0056,芋角
LA0057,果茸
LA0058,涼糕
LA0059,巧克力米
LA0060,椰果
LA0061,可麗餅
LA0062,可樂果
LA0063,米香
LA0064,蠶豆酥
LA0065,甜筒
LA0066,銅鑼燒
LA0067,鬆餅
LA0068,煎餅
LA0069,核桃酥
LA0070,蝦味先
LA0071,土耳其餅
LA0072,月餅
LA0073,脆迪酥
LA0074,千層香酥薄餅
LA0075,小饅頭點心餅
LA0076,模範生點心餅
LA0077,椒鹽點心棒
LA0078,五彩蒸糕
LA0079,豆沙餅
LA0080,沙其瑪
LA0081,印度Q餅
LA0082,可頌餅
LA0083,紫山藥丸子
LA0084,馬蹄糕
LA0085,芸豆卷
LA0086,蛋塔液
LA0087,農村派
LA0088,素方餅
LA0089,蛋卷
LA0090,蛋塔
LA0091,甜甜圈
LA0092,素麵包
LA0093,可頌
LA0094,港式波蘿包
LA0095,千層派
LA0096,泡芙
LA0097,泡芙殼
LA0098,核桃糕
LA0099,發糕
LA0100,布朗尼
LA0101,丹麥小西餅
LA0102,車輪餅
LA0103,櫻桃派
LA0104,海綿蛋糕
LA0105,核桃糕
LA0106,發糕
LA0107,布朗尼
LA0108,丹麥小西餅
LA0109,車輪餅
LA0110,櫻桃派
LA0111,海綿蛋糕
LA0112,鬆糕
LA0113,蛋糕
LA0114,蘋果派
LA0115,瑞士捲
LA0116,馬卡龍餅
LA0117,馬卡龍殼
LA0118,光餅
LA0119,戚風蛋糕
LA0120,餅乾棒
LA0121,金錢餅
LA0122,地瓜片
LA0123,酥球
LA0124,椪餅
LA0125,原味燒餅
LA0126,甜燒餅
LA0127,烤餅
LA0128,象鼻子糕
LA0129,四方餅
LA0130,焦糖片
LA0131,法棍切片
LA0132,英式馬芬
LA0133,大理石片
LA0134,費南雪
LA0135,杏仁豆腐丁
LA0136,涼拌茄段
LA0137,茄汁燉豆
LA0138,磯邊燒
LA0139,素菜酥
LA0140,菜脯
LA0141,魚香茄子
LA0142,魚香肉絲
LA0143,木須肉絲
LA0145,銀龍抱白玉
LA0146,紅絲炒蛋
LA0147,生菜沙拉
LA0148,亞達子
LA0149,玉子燒
LA0150,竹小町
LA0151,雲吞
LA0152,肉捲
LA0153,滷味
LA0154,雞精
LA0155,章魚燒
LA0156,酸筍
LA0157,乾瓢
LA0158,佛跳牆
LA0159,馬鞭草
LA0160,三明治
LA0161,壽喜燒
LA0162,天婦羅
LA0163,薯條
LA0164,薯餅
LA0165,柿餅
LA0166,枇杷膏
LA0167,醃漬菜
LA0168,醃蔥頭
LA0169,香鬆
LA0170,拌飯粉
LA0171,剩菜
LA0172,塔士塔達
LA0173,夏枯草
LA0174,拌飯料
LA0175,山楂
LA0176,椒麻花生
LA0177,飯友
LA0178,海鮮羹
LA0179,酸菜魚鍋
LA0180,綜合丸
LA0181,火鍋料
LA0182,蝦餃
LA0183,冰磚
LA0184,蔬菜冰磚
LA0185,肉泥冰磚
LA0186,蜜之果
LA0187,照燒親子滑蛋
LA0188,大判揚
LA0189,絲路
LA0190,奶油湯
LA0191,茶泡飯料
LA0192,紅土
LA0193,酸豆角
LA0194,Q心皮
LA0195,寒天
LA0196,紫藷香鬆
LA0197,鏗魚香鬆
LA0198,膽肝
LA0199,阿摩尼亞
LA0200,纖維粉
LA0201,三寶粉
LA0202,RDF禾法頌尼斯燉菜
LA0203,普羅旺斯燉菜
LA0204,手卷
LA0205,韭花甜條
LA0206,麵茶
LA0207,淡醬粉
LA0208,竹笛
LA0209,生菜沙拉葉
LA0210,淡小蘿蔔水泡菜
LA0211,糖漬鬼椒
LA0212,醬菜
LA0213,筑前煮
LA0214,素什錦羹
LA0215,泡椒水
LA0216,中藥酒汁
LA0217,黃金雪花片
LA0218,脆瓜
LA0219,茶碗蒸
LA0220,蝦餅
LA0221,沙拉米
LA0222,素竹輪
LA0223,燒賣
LA0224,素肉躁
LA0225,寒天春雨
LA0226,土瓶蒸
LA0227,脆藻
LA0228,破布子蒸肉
LA0229,罐頭朝鮮薊
LA0230,越南薄餅
LA0231,蝦捲
LA0232,七彩烘蛋
LA0233,金美人仙女貝罐頭
LA0234,紅色墨西哥豆罐頭
LA0235,魯菜
LA0236,素炒手
LA0237,廈門炒米粉
LA0238,星洲炒米粉
LA0239,麻婆豆腐
LA0240,墨西哥捲餅
LA0241,函館荒鮭
LA0242,素筋
LA0243,炒餅
LA0244,脆餅
LA0245,吞拿魚罐頭
LA0246,素獅子頭
LA0247,獅子頭
LA0248,荳蔻脆捲
LA0250,泰式涼拌海鮮總匯
LA0251,鹽蛋
LA0252,蔬菜素凍
LA0253,棺材板
LA0254,披薩
LA0255,潤餅
LA0256,三味淋汁
LA0257,小亨堡
LA0258,金品比薩
LA0259,海底芙蓉
LA0260,素鰻
LA0261,小籠湯包
LA0262,鍋貼
LA0263,糖醋魚塊
LA0264,津白
LA0265,炒蛤仔
LA0266,酒粕鰈鱈
LA0267,三杯筍塊
LA0268,四色蔬菜棒
LA0269,干瓢煮
LA0270,炸衣
LA0271,菜鬆
LA0272,櫻花素
LA0273,金萱炸物
LA0274,罐裝金槍魚
LA0275,大亨堡
LA0276,芋丸
LA0277,大餅
LA0278,炒黑白絲
LA0279,炸豆包皮
LA0280,螞蟻上樹
LA0281,果凍液
LA0282,菇菇炊飯
LA0283,飲氧品
LA0285,炸豆腐
LA0286,地瓜球
LA0287,海鮮炊飯料
LA0288,凸皮麵
LA0289,紫心地瓜漿
LA0290,肉圓
LA0291,五更腸旺
LA0292,客家小炒
LA0293,麻吉燒
LA0294,瑞典薄餅
LA0295,蔥油餅
LA0296,攤餅
LA0297,鍋餅
LA0298,水晶餃
LA0299,水餃
LA0300,煎餃
LA0301,義大利餃
LA0302,漢堡
LA0303,潛水艇堡
LA0304,沙拉堡
LA0305,包子
LA0306,車輪卷
LA0307,滿福堡
LA0308,餅乾派殼
LA0309,筍香飯
LA0310,馬芬堡
LA0311,刈包
LA0312,司康
LA0313,抓餅
LA0314,海鮮煎餅
LA0315,陽春麵
LA0316,鍋燒意麵
LA0317,蚵仔麵線
LA0318,炒飯
LA0319,茄汁炒飯
LA0320,蛋炒飯
LA0321,飯團
LA0322,鹹魚原鍋飯
LA0323,小米粥
LA0324,紫米粥
LA0325,糙米粥
LA0326,燕麥粥
LA0327,義大利玉米粥
LA0328,便當
LA0329,油飯
LA0330,麻婆豆腐燴飯
LA0331,豬排蓋飯
LA0332,韓式風味蛋包
LA0333,膳纖熟飯
LA0334,御飯糰雙手捲
LA0335,燕麥飯
LA0336,Uncle Ben's 方便飯
LA0337,烤鴨芥菜飯
LA0338,和風炊飯
LA0339,菠菜飯
LA0340,焗薯
LA0341,黃金炒飯
LA0342,蛋包飯
LA0343,天津丼
LA0344,台式油飯
LA0345,醬油飯
LA0346,蔬菜炒飯
LA0347,炒飯
LA0348,起司薄餅
LA0349,拌三絲
LA0350,鹹酥芋絲
LA0351,蛋餅
LA0352,厚蛋燒
LA0353,滷蛋
LA0354,茶葉蛋
LA0355,蛋鬆
LA0356,炒蛋
LA0357,熟蛋
LA0358,班尼迪克蛋
LA0359,蔥蛋
LA0360,蛋皮
LA0361,蔬菜湯
LA0362,關東煮
LA0363,四神湯
LA0364,清毒除痘湯
LA0365,羅宋湯
LA0366,藥燉湯底
LA0367,康寶濃湯
LA0368,酸辣羹湯
LA0369,煮鵝湯
LA0370,藥燉排骨湯
LA0371,沙茶湯底
LA0372,清湯底
LA0373,法式黃金清湯
LA0374,清燉湯頭
LA0375,紅燒湯底
LA0376,麻辣鍋底
LA0377,酸辣湯包
LA0378,蛤蜊湯
LA0379,酒味濃湯
LA0380,大骨湯
LA0381,綠豆湯
LA0382,海鮮濃湯
LA0383,滷湯
LA0384,紅豆湯
LA0385,齋湯
LA0386,澳門大骨煲
LA0387,越式湯頭
LA0388,素當歸湯
LA0389,蝦湯
LA0390,太和湯
LA0391,韓國冷湯包
LA0392,養生湯包
LA0393,破布子湯汁
LA0394,紫玉菜
LA0395,蔥燒湯頭
LA0396,蒜味湯頭
LA0397,藥燉湯頭
LA0398,鮮味湯頭
LA0399,泡菜鍋
LA0400,叻沙Laksa調理包
LA0401,泰式烤雞料理包
LA0402,酸白菜湯汁
LA0403,紅燒茄汁湯
LA0404,泡菜汁
LA0405,粟米湯
LA0406,輕煮汁
LA0407,越式涼拌汁
LA0408,美味濃湯
LA0409,康寶獨享杯
LA0410,日式燒汁
LA0411,蒸燒賣的湯汁
LA0412,日式鏗魚汁
LA0413,義大利燴海鮮調味汁
LA0414,狗尾草湯包
LA0415,壽喜醬
LA0416,丹參潤膚湯
LA0417,火鍋粉
LA0418,濃湯塊
LA0419,豚骨湯塊
LA0420,排骨湯塊
LA0421,泰式酸辣湯塊
LA0422,酸辣湯塊
LA0423,鮮美鍋汁
LA0424,蛤蜊湯塊
LA0425,烹大師
LA0426,大阪燒料理包
LA0427,天廚麻婆調理包
LA0428,葵果泰式打拋調理包
LA0429,立康養生固骨寶膠塊
LA0430,北海道白醬湯塊
LA0431,蔬菜湯塊
LA0432,樂活玫萃麗包
LA0433,紫菜湯包
LA0434,醬料包
LA0435,醃料包
LA0436,麻婆醬調理包
LA0437,明太子調理包
LA0438,燻肉
LA0439,燒肉
LA0440,牛豬混碎肉
LA0441,豬牛混和肉餅
LA0442,果泥清蒸蟹
LA0443,醬爆蟹
LA0444,烤肉片
LA0445,臘味
LA0446,鹽漬紅鮭
LA0447,時鮭切片
LA0448,鹽漬銀鮭
LA0449,麒麟七星斑
LA0450,薄燒魚
LA0451,黃金燴鱈寶
LA0452,炸大蝦
LA0453,雲海金龍
LA0454,福州丸
LA0455,素丸子
LA0456,腸旺
LA0457,醃紅梅肉
LA0458,瘦肉丁
LA0459,肉塊
LA0460,五花燒肉
LA0461,三絲丸
LA0462,回鍋肉片
LA0463,海鮮
LA0464,醉雞腿
LA0465,肉排
LA0466,肚片
LA0467,炸魚
LA0468,豬皮凍
LA0469,燉肉丸子
LA0470,肉羹
LA0471,滷肉
LA0472,雞卷
LA0473,獅子頭
LA0474,燉肉丸子
LA0475,台畜歐式冷蹄
LA0476,醃肉
LA0477,薄片肉
LA0478,紅燒肉
LA0479,叉燒肉
LA0480,熟肉絲
LA0481,照燒豬肉
LA0482,鹹豬肉
LA0483,滷元蹄
LA0484,米血
LA0485,鮮豬凍
LA0486,豬骨湯
LA0487,梅干扣肉
LA0488,粉蒸肉粉
LA0489,排骨飯
LA0490,糖醋排骨
LA0491,酸辣腰花
LA0492,燉排骨
LA0493,五香肉丁
LA0494,控肉
LA0495,紅燒扣肉
LA0496,回鍋肉片
LA0497,滷牛腱
LA0498,嫩煎菲力
LA0499,牛尾湯
LA0500,牛肉湯
LA0501,燉牛肉
LA0502,烤牛肉片
LA0503,醬牛肉
LA0504,滷牛筋
LA0505,燉牛肉
LA0506,雞肉鬆
LA0507,炸雞
LA0508,雞排
LA0509,封仔雞
LA0510,香草雞
LA0511,油雞
LA0512,港式油雞
LA0513,白斬雞
LA0514,燒雞
LA0515,燻雞
LA0516,燻雞片
LA0517,醉雞胸
LA0518,雞米花
LA0519,雞塊
LA0520,蒜味鹹酥雞
LA0521,雞酒
LA0522,炸雞
LA0523,炸雞腿
LA0524,烤雞
LA0525,雞湯罐頭
LA0526,燒酒雞藥包
LA0527,咖哩雞醬料包
LA0528,清燉雞湯
LA0529,熟烤雞胸
LA0530,烤雞腿
LA0531,仙草雞
LA0532,卡啦辣雞
LA0533,雪花雞米
LA0534,咖哩雞丁
LA0535,花雕醉雞
LA0536,花雕醉雞汁
LA0537,三夾雞
LA0538,雞肉飯
LA0539,炸雞翅
LA0540,醬油雞
LA0541,滷雞珍
LA0542,羊肉爐
LA0543,羊肉羹
LA0544,當歸羊肉藥包
LA0545,羊肉鍋湯
LA0546,肥膘
LA0547,沙拉米
LA0548,腸衣
LA0549,鵝肝醬
LA0550,鴨賞
LA0552,當歸鴨肉
LA0553,鹽水鴨胸肉
LA0554,廣式臘鴨腿
LA0555,臘鴨脾
LA0556,烤鴨片
LA0557,鴨肉湯頭
LA0558,燻鴨肉
LA0559,燒鴨
LA0560,北平烤鴨
LA0561,廣式烤鴨
LA0562,果汁
LA0563,蔬果汁
LA0564,香蘭汁
LA0565,荔枝汁
LA0566,檸檬汁
LA0567,高山茶
LA0568,傳統英國茶
LA0569,檸檬茶
LA0570,桑葚汁
LA0571,萊姆汁
LA0572,柳橙汁
LA0573,橘子汁
LA0574,楊桃汁
LA0575,櫻桃汁
LA0576,蜜桃汁
LA0577,蘋果汁
LA0578,百香果汁
LA0579,芒果汁
LA0580,鳳梨汁
LA0581,蕃茄汁
LA0582,西瓜汁
LA0583,椰子汁
LA0584,葡萄汁
LA0585,葡萄柚汁
LA0586,甘蔗汁
LA0587,梅子汁
LA0588,烏梅汁
LA0589,蘇梅汁
LA0590,蔬菜汁
LA0591,金桔汁
LA0592,黑瓜汁
LA0593,香瓜汁
LA0594,脆瓜汁
LA0595,番茄汁
LA0596,胡蘿蔔汁
LA0597,芭樂汁
LA0598,蘆筍汁
LA0599,蘆薈汁
LA0600,石榴汁
LA0601,西檸汁
LA0602,牧草汁
LA0603,小黃瓜汁
LA0605,香柚汁
LA0606,龍眼汁
LA0607,松茸汁
LA0608,酸梅湯
LA0609,茶汁
LA0610,玫瑰紅茶汁
LA0611,雪菜汁
LA0612,波菜汁
LA0613,杏桃汁
LA0614,鳳柳汁
LA0615,酸甜汁
LA0616,小麥草汁
LA0617,蜜柑原汁
LA0618,南非國寶茶
LA0619,桂花露
LA0620,可爾必思
LA0621,抹茶
LA0622,茉莉花茶
LA0623,熱帶風情茶
LA0624,七葉膽
LA0625,養樂多
LA0626,杏仁露
LA0627,茶葉
LA0628,綠茶
LA0629,紅茶
LA0634,水果茶
LA0635,花果茶酒汁
LA0636,柚子茶
LA0637,冬瓜茶
LA0638,烏龍茶
LA0639,普洱茶
LA0640,香蘋茶
LA0641,麥茶
LA0642,杏仁茶
LA0643,瓜片茶
LA0644,青草茶
LA0645,果粒茶
LA0646,東方美人茶
LA0647,大吉嶺茶
LA0648,洛神茶
LA0649,仙楂洛神
LA0650,黑糖塊
LA0651,金萱
LA0652,金萱
LA0653,茶包
LA0654,洋甘菊茶包
LA0655,金線蓮茶包
LA0656,咖啡
LA0657,美祿
LA0658,冷泡茶
LA0659,羅布麻茶包
LA0660,日本茶
LA0661,八寶粥
LA0662,汽水
LA0663,綠豆沙
LA0664,濃縮乳酸飲料
LA0665,液熊油
LA0666,奶昔
LA0667,桂花釀茶包
LA0668,摩卡冰砂粉
LA0669,接骨木花汁
LA0670,純喫茶
LA0671,香酸汁
LA0672,蜜漬汁
LA0673,玫瑰花茶
LA0674,蜜豆奶
LA0675,能量飲料
LA0676,芋汁
LA0677,蔘茶包
LA0678,巴蘭葉汁
LA0679,甜菜汁
LA0680,桂花烏龍茶湯
LA0681,丸久小山園抹茶
LA0682,菊花茶包
LA0683,大紅袍
LA0684,人篸茶包
LA0685,玫瑰花茶粉
LA0686,四果莓茶包
LA0687,熱帶風情茶包
LA0688,7-11茶攤手搖風
LA0689,蒜水
LA0690,蜂蜜水
LA0691,印度香料茶
LA0692,乳酸菌粉
LA0693,班蘭汁
LA0694,蔬果粉
LA0695,咸豐草
LA0696,花果香料
LA0697,蜜桃茶包
LA0698,青蛙下蛋
LA0699,五榖粒
LA0700,抹茶餡
LA0701,雞尾酒餡
LA0702,肉餡
LA0703,月餅餡
LA0704,餃子餡
LA0705,燻雞餡
LA0706,奶黃餡
LA0707,桃山奶黃餡
LA0708,麻蓉餡
LA0709,蔬菜泥
LA0710,薯泥
LA0711,芋泥
LA0712,梅泥
LA0713,青南瓜泥
LA0714,紅豆餡
LA0715,黑罌粒果泥
LA0716,紅罌栗泥
LA0717,蘋果派餡
LA0718,鹽滷石膏
LA0719,石膏粉
LA0720,果粒
LA0721,食用鹼
LA0722,硝鹽
LA0723,金粉
LA0724,銀粉
LA0725,鋁粉
LA0726,黃色著色劑
LA0727,粉紅色著色劑
LA0728,綠色色膏
LA0729,黃色色膏
LA0730,咖啡色色膏
LA0731,珍菇精
LA0732,針菇罐頭
LA0733,罐頭蘋果
LA0734,香精
LA0735,色素
LA0736,紅色色素
LA0737,黃色色素
LA0738,橘色食用色素
LA0739,紫色色素
LA0740,綠色色素
LA0741,黑色色素
LA0742,琵琶膏
LA0743,乾果
LA0744,咖啡豆
LA0745,肺炎草
LA0746,蔬菜粉
LA0747,豆子
LA0748,芭蕉葉
LA0749,黑莓
LA0750,菜乾
LA0751,麥門冬
LA0752,海燕窩
LA0753,綠豆粉
LA0754,橙花水
LA0755,竹碳粉
LA0756,葉綠素
LA0757,芡汁
LA0758,蕨粉
LA0759,青葙
LA0760,花茶包
LA0761,素百頁
LA0762,素蛋黃
LA0763,茉莉茶梗
LA0764,檸檬酸
LA0765,果泥
LA0766,甘納許
LA0767,茉莉
LA0768,碳酸氫銨
LA0769,碳酸氫鈉
LA0770,蔬菜
LA0771,花瓣
LA0772,葉子
LA0773,蝶荳藍花
LA0774,硫酸鋁納
LA0775,諾鈣 C
LA0776,燕窩
LA0777,高麗蔘精
LA0778,開味小菜
LA0779,水晶粉
LA0780,葡萄糖粉
LA0781,蛋黃素
LA0782,大豆卵磷脂
LA0783,鳳梨膏
LA0784,北耆
LA0785,龍吐珠
LA0786,雪茄
LA0787,酒藥
LA0788,南瓜皮
LA0789,苦精
LA0790,蛋殼
LA0791,能量粉
LA0792,小麥草濃縮膠囊
LA0793,含片
LA0794,Sahnesteif
LA0795,桃膠
LA0796,食用級竹炭粉
LA0797,碳酸氫氨
LA0798,木炭
LA0799,樟木屑
LA0800,灣葉
LA0801,海浮石
LA0802,醃漬破朴子
LA0804,槓香藤
LA0805,左手香
LA0806,桑葉
LA0807,椰殼
LA0808,卵磷脂
LA0809,榆耳
LA0810,雜糧
LA0811,眝麻根
LA0812,酵種
LA0813,香筍
LA0814,涼筍
LA0815,湯筍
LA0816,新北市健康三寶
LA0817,雞蛋殼
LA0818,糙米麩
LA0819,預拌粉
LA0820,椰絲