,K,食鹽
8424,,?菜
23015,,瓜子?
25028,,瑪莉餅
25035,,醬 油露
25057,,Haagen dazs迷你杯
25058,,Olive oil
25068,,花 生
25070,,核 桃
25092,,chicken breast
25126,,Whipping Cream
25128,,fresh rosemary
25144,,牙籤
25151,,Single Cream
25165,,Vanilla extract
25189,,Red Pepper
25201,,萬家香 日式和風輕食佐醬
25203,,extra virgin olive oil
25221,,瑪利餅碎
25228,,牛碎骨
25239,,九層 塔
25247,,balsamic vinegar
25248,,Dark Chocolate
25250,,Orange Juice
25267,,千層薄皮 yufka
25280,,Kool-aid
25286,,Heinz Sauce
25299,,紅 辣 椒
25324,,綠色圓形軟
25358,,ＸＯ醬
25376,,Tom Yum Paste
25380,,Baileys
25385,,乾攀龍蔘
25393,,四 季 豆
25416,,baking soda
25422,,rice flour
25425,,lemon curd
25430,,Ａ1醬
25460,,檸 檬 葉
25484,,品御方 - 品燕盞
25495,,牛腹肉心 Flap Steak
25523,,Bay leaf
25530,,La Feel微笑可可亞
25564,,早餐片
25580,,小豆蔻
25584,,brown suger
25605,,bran flakes
25613,,味噲　
25617,,Half and Half
25640,,Whipped Cream
8744,A,﻿牛肉
10960,﻿A,牛肉片
12241,﻿A,牛絞肉
14116,﻿A,牛排
14243,﻿A,牛腱
14420,﻿A,牛腩
14680,﻿A,牛肋排
16212,﻿A,牛小排
16346,﻿A,牛菲力
16540,﻿A,牛肉絲
17827,﻿A,沙朗牛排
18912,﻿A,牛骨
19383,﻿A,牛筋
19545,﻿A,牛五花肉
19664,﻿A,牛肚
20132,﻿A,腓力牛排
20956,﻿A,牛脂
21416,﻿A,牛肝
21775,﻿A,牛雜
21951,﻿A,牛里肌
22205,﻿A,牛尾
22250,﻿A,牛後腿肉
22358,﻿A,牛心
22404,﻿A,牛肩肉
22561,﻿A,雪花牛肉
22611,﻿A,肋眼牛排
22932,﻿A,紐約克牛排
23007,﻿A,牛肉丸子
23214,﻿A,牛舌
23284,﻿A,肩胛小排
24041,﻿A,牛肉火腿
24373,﻿A,板腱肉
24385,﻿A,牛臀肉
24743,﻿A,牛腰
25190,﻿A,牛頭皮
25204,﻿A,牛腸
25528,﻿A,丁骨牛排
2976,B,豬絞肉
5671,B,火腿
5946,B,培根
6983,B,豬五花肉
7097,B,排骨
7911,B,豬肉絲
8294,B,豬肉片
9583,B,豬肉
10269,B,香腸
10785,B,豬里肌
11427,B,豬梅花肉
12577,B,熱狗
12658,B,肉鬆
12924,B,豬肋排
14350,B,豬腳
14524,B,五花豬肉片
14598,B,豬瘦肉
14615,B,松阪豬
15090,B,臘腸
15107,B,豬排
15379,B,梅花肉片
15597,B,豬大腸
15731,B,豬後腿肉
16008,B,豬骨
16093,B,豬里肌肉片
16411,B,貢丸
16779,B,豬里肌肉排
17034,B,豬肝
17154,B,豬胛心肉
17390,B,臘肉
17980,B,蹄膀
18106,B,豬皮
18459,B,豬肉丁
18749,B,豬肚
19268,B,豬肉條
19401,B,豬大腸頭
19589,B,豬腱子肉
19898,B,豬血
19915,B,肝腸
20177,B,腰子
20194,B,肥豬肉
20268,B,豬耳朵
20432,B,子排
20803,B,豬蹄筋
20865,B,肉丸
20991,B,白表
21061,B,豬尾巴
21490,B,豬心
21606,B,嘴邊肉
21884,B,豬小腸
22035,B,豬舌
22131,B,龍骨
22137,B,洋火腿
22436,B,胛心排
22547,B,豬腸
22680,B,起司腸
23092,B,午餐肉
23312,B,豬肉塊
23535,B,生腸
23660,B,豬軟骨排
23769,B,膨皮
23824,B,西班牙辣腸
23993,B,粉腸
24010,B,鹹肉
24075,B,肝連肉
24238,B,豬脆管
24241,B,義式肉腸
24686,B,辣腸
24758,B,二層肉
24779,B,豬肺
24854,B,虎掌
24880,B,法蘭克福腸
24957,B,乳豬
24995,B,肉角
25044,B,豬眼筋
25347,B,豬小肚
25581,B,匈牙利辣腸
5512,C,雞胸肉
5991,C,雞腿
7327,C,雞腿肉
8600,C,全雞
9690,C,雞肉
10733,C,雞翅
13797,C,棒棒腿
14225,C,雞腿排
15522,C,雞骨
16854,C,雞里肌肉
17097,C,雞腳
17564,C,烏骨雞肉
17796,C,雞丁
18515,C,雞柳
18962,C,雞胗
19109,C,雞肉絲
19692,C,雞油
19851,C,雞軟骨
19935,C,雞心
20243,C,雞絞肉
20891,C,放山雞
20964,C,春雞
21450,C,雞肝
21799,C,雞蓉
22866,C,雞腸
23024,C,半雞
23047,C,雞皮
23634,C,雞屁股
23693,C,雞睪丸
23721,C,珠雞
24458,C,雞血
25535,C,水雞
15972,D,羊肉
16587,D,羊肉片
18163,D,羊排
22275,D,羊腩
23647,D,羊里肌肉
23836,D,羊大骨
24003,D,羊腿
24005,D,羊腱
24245,D,羊奶
24391,D,小羔羊排
24648,D,羊肚
24866,D,羊架
25163,D,羊肩肉
16241,E,鴨血
17005,E,鴨胸
17075,E,鴨
18928,E,鴨肉
19257,E,螺肉
19871,E,鴨腿
20339,E,田雞
20396,E,鴨頭
21040,E,鵝油
21189,E,火雞肉
21585,E,鵝肉
22149,E,鴨肉條
22253,E,鴨翅膀
22307,E,田螺
22313,E,鴨腸
22444,E,象牙鳳螺
22533,E,鴨胗
22881,E,鴨腳
22901,E,鵝胸肉
22918,E,鴨舌頭
23130,E,鵝肝
23539,E,鵝掌
23676,E,螺
23689,E,鴨腿肉
23924,E,鴨肝
23970,E,蠑螺
24169,E,鴨脖子
24208,E,鴨柳
24289,E,鵪鶉
24296,E,鵝腿肉
24422,E,鵝腸
24441,E,光鴨
24662,E,鮑片
24681,E,鴿肉
24701,E,鴨油
24778,E,鴨心
24839,E,鵝腿
24890,E,鴕鳥頸肉
24949,E,菜鴨
24953,E,珠螺
24963,E,鵝胗
25042,E,藤壺
25060,E,鵝頭
25139,E,麥皮蟲
25193,E,鹿肉
25249,E,蛇肉
25274,E,鴨骨
25318,E,鴕鳥腱肉
25366,E,鴕鳥腩肉
25467,E,乾螺頭
25491,E,鵝心
25546,E,鵝肉丸
25600,E,香螺
25616,E,兔肉
4239,F,蝦
4781,F,蝦仁
6248,F,蛤
6600,F,魚露
6726,F,蝦米
6869,F,柴魚粉
8208,F,干貝
8462,F,花枝
9420,F,鮭魚
9633,F,透抽
10080,F,鮪魚
10112,F,魚肉
10550,F,牡蠣
11113,F,鯛魚
11367,F,魷魚
12383,F,鰹魚
12613,F,蟹肉棒
13008,F,魚高湯
13298,F,小卷
13318,F,鱈魚
13440,F,吻仔魚
13678,F,櫻花蝦
13876,F,魚板
14566,F,蝦皮
14696,F,鱸魚
14767,F,魚漿
14970,F,柴魚
15321,F,虱目魚
15337,F,蟹肉
15396,F,蟹腳
15457,F,小魚乾
15482,F,魚丸
15878,F,魚卵
15985,F,鯖魚
16034,F,螃蟹
16227,F,鰻魚
16554,F,甜不辣
16569,F,鯷魚
16631,F,九孔
17263,F,魚餃
17717,F,丁香魚
17759,F,比目魚
17947,F,石斑魚
17956,F,黃魚
18152,F,旗魚
18248,F,海參
18294,F,鮑魚
18594,F,章魚
18773,F,明太子
18807,F,海瓜子
18857,F,龍蝦
18893,F,吳郭魚
18942,F,蜆
18952,F,草魚
18983,F,秋刀魚
19136,F,香魚
19194,F,鯧魚
19201,F,魚皮
19320,F,蟳
19348,F,竹輪
19407,F,軟絲仔
19491,F,烏魚子
19600,F,土魠魚
19612,F,魚肚
19682,F,扇貝
19748,F,蝦卵
19920,F,鮭魚卵
19963,F,魚鬆
20161,F,多利魚
20215,F,一夜干
20308,F,鯊魚
20326,F,柳葉魚
20473,F,鹹魚
20493,F,魚翅
20516,F,蟹黃
20727,F,海蝦
20836,F,魴魚
20876,F,油魚
20882,F,魚蛋
20896,F,蝦泥
20947,F,海蜇皮
21119,F,魚湯
21169,F,烏魚
21283,F,鯽魚
21305,F,生魚片
21376,F,魚醬
21391,F,魚下巴
21398,F,帶魚
21405,F,鰱魚
21422,F,黑輪
21455,F,魚頭
21572,F,帝王蟹
21631,F,魷魚絲
21717,F,三點蟹
21812,F,海鱺
21896,F,鱔魚
22012,F,伍仔魚
22056,F,魚骨
22140,F,鯉魚
22284,F,大閘蟹
22303,F,車蝦
22321,F,魷魚乾
22362,F,魷魚嘴
22430,F,蝦殼
22462,F,蝦頭
22514,F,海膽
22588,F,翻車魚
22617,F,蝦丸
22636,F,鬼頭刀
22646,F,紅魚
22729,F,馬頭魚
22741,F,軟殼蟹
22779,F,白魚
22789,F,魚酥
22794,F,刺鯧
22841,F,銀魚
22847,F,魚粉
22874,F,蝦漿
22896,F,竹莢魚
23012,F,冰魚
23058,F,竹筴魚
23120,F,溪蝦
23128,F,紅目鰱
23195,F,熟蝦
23219,F,魚乾
23340,F,魚柳
23397,F,紅甘魚
23459,F,鳴戶卷
23531,F,海鰻
23571,F,沙丁魚
23599,F,紅條魚
23617,F,膏蟹
23641,F,鱈寶
23696,F,魚油
23723,F,蘭花蚌
23766,F,土虱魚
23847,F,豆仔魚
23978,F,白北魚
23988,F,蚌殼
24022,F,鱉
24027,F,蝦排
24066,F,小黃魚
24107,F,蝦球
24120,F,鱈場蟹
24177,F,寶石魚
24213,F,鱘龍魚
24252,F,鰤魚
24264,F,黃雞魚
24347,F,龍利魚
24361,F,鰈魚
24393,F,魚雜
24429,F,金線魚
24436,F,鱒魚
24438,F,赤宗魚
24455,F,金眼鯛
24468,F,蝦肉丁
24517,F,青星九刺鮨
24532,F,蝦仁乾
24546,F,毛蟹
24553,F,魚滑
24564,F,蝦蛄
24596,F,脆皖魚
24606,F,蘭勃舵魚
24618,F,魚餅
24660,F,墨魚汁
24737,F,蟹鉗
24767,F,海蜇頭
24783,F,花魚
24785,F,魚菲力
24788,F,青衣魚
24792,F,小吉魚
24838,F,沙蟹
24843,F,青嘴魚
24845,F,目孔魚
24857,F,四破魚
24863,F,紅蟹
24868,F,旭蟹
24870,F,黃鰭鯛
24884,F,海蟹
24928,F,金梭魚
24933,F,章魚花枝漿
24940,F,水針魚
24981,F,甘仔魚
24983,F,紅鱸
24993,F,紅尾冬魚
25000,F,石狗公
25001,F,馬口魚
25016,F,劍旗魚
25031,F,飛魚
25036,F,白剌蝦
25065,F,蘆筍貝
25066,F,金門蟹
25069,F,榮螺肉
25072,F,青鱗魚
25075,F,沙梭魚
25095,F,燕尾斑
25110,F,鯪魚
25114,F,魚唇
25121,F,燕魚
25131,F,魚腸
25137,F,河鰻
25149,F,象魚
25152,F,沙魚煙
25167,F,海泥鰍
25192,F,蚌
25202,F,泥鰍
25226,F,松阪魚
25241,F,西施舌
25254,F,蟹殼
25294,F,中華鱘
25306,F,龍腸
25311,F,殼魚
25317,F,蛤乾
25321,F,紅槽魚
25356,F,魚尾巴
25360,F,蝦母
25370,F,皮刀魚
25398,F,青魚
25452,F,炸蝦
25470,F,北極貝
25526,F,三角仔
25545,F,鱒鮭
25549,F,蝦籽
25551,F,花蟹蚶
25606,F,蝦丁
25638,F,鯰魚
1619,G,洋蔥
2088,G,胡蘿蔔
2617,G,番茄
3192,G,甜椒
3461,G,馬鈴薯
4021,G,小黃瓜
4159,G,高麗菜
4936,G,檸檬
5041,G,南瓜
5115,G,草莓
5316,G,白蘿蔔
5388,G,花椰菜
5449,G,蘋果
5614,G,芹菜
5751,G,番薯
6558,G,青椒
6643,G,小番茄
6774,G,美生菜
7212,G,芋頭
7542,G,鳳梨
7868,G,香蕉
7981,G,西洋芹菜
8166,G,蘆筍
8700,G,小白菜
8909,G,芒果
9025,G,豌豆仁
9143,G,茄子
9216,G,葡萄乾
9746,G,綠豆芽
9781,G,筍
9822,G,大白菜
9882,G,菜豆
9946,G,菠菜
10027,G,青江菜
10060,G,奇異果
10298,G,苦瓜
10456,G,玉米筍
10597,G,柳橙
10693,G,山藥
11027,G,蔓越莓
11329,G,絲瓜
11540,G,藍莓
11760,G,荸薺
12066,G,水果
12263,G,酸菜
12728,G,蘿蔓萵苣
12802,G,毛豆
12879,G,冬瓜
12977,G,櫻桃
13048,G,筍乾
13068,G,秋葵
13151,G,筊白筍
13197,G,黃瓜
13373,G,空心菜
13389,G,百香果
13459,G,桃子
13591,G,醬瓜
13619,G,綠竹筍
13639,G,豌豆芽
13852,G,龍眼乾
13892,G,甜豆
13917,G,蓮藕
13946,G,柚子
14094,G,萵苣
14143,G,梨子
14266,G,萊姆
14399,G,節瓜
14460,G,橘子
14539,G,酪梨
14866,G,三色蔬菜
14879,G,葡萄
14948,G,金桔
15053,G,金針花
15190,G,龍眼
15215,G,梅子
15263,G,覆盆子
15583,G,青木瓜
15827,G,苜蓿芽
15843,G,韭菜花
15900,G,黃豆芽
16157,G,白花椰菜
16277,G,紫洋蔥
16324,G,銀杏
16471,G,酸黃瓜
16617,G,果乾
16649,G,香樁
16716,G,榨菜
16733,G,紫蘇梅
16815,G,茼蒿
16889,G,樹薯
16913,G,火龍果
16983,G,黑棗
17051,G,大芥菜
17292,G,甜菜
17372,G,甘藷葉
17517,G,雪裡紅
17557,G,水麥芽
17662,G,葡萄柚
17745,G,芥蘭菜
17773,G,梅菜
17965,G,桑葚
18002,G,山芹菜
18089,G,紫高麗菜
18139,G,冷凍蔬菜
18280,G,芭樂
18392,G,哈密瓜
18534,G,木瓜
18607,G,西瓜
18717,G,瓠瓜
18739,G,沙拉筍塊
18759,G,豇豆
18971,G,番石榴
19008,G,大頭菜
19090,G,莧菜
19122,G,冬菜
19150,G,甘蔗
19216,G,A菜
19232,G,福菜
19418,G,椰子
19435,G,龍鬚菜
19464,G,莓果
19507,G,杏桃
19520,G,大陸妹
19536,G,桂竹筍
19569,G,娃娃菜
19645,G,麻竹筍
19724,G,荔枝
19772,G,青蘋果
19879,G,脆梅
19970,G,棗子
19986,G,荷蘭豆
20023,G,菱角
20224,G,莓果乾
20374,G,芥藍菜
20410,G,箭竹筍
20448,G,鹹菜
20461,G,蘆薈
20586,G,米椒
20743,G,豆薯
20809,G,過溝菜
20818,G,菜心
20982,G,水菜
21016,G,油菜
21026,G,柿子
21054,G,楊桃
21108,G,柑桔
21231,G,蓮霧
21288,G,水蓮菜
21313,G,山蘇菜
21326,G,稜角絲瓜
21339,G,苜宿芽
21346,G,美人心
21471,G,紫萵苣
21559,G,棗泥
21616,G,李子
21640,G,桔皮
21663,G,芥菜
21738,G,紅鳳菜
21751,G,甜桃
21786,G,芒果乾
21863,G,烏梅
21923,G,佛手瓜
21930,G,綠捲鬚
21998,G,藍苺
22016,G,香瓜
22050,G,紅醋栗
22089,G,醋栗
22151,G,芽菜
22170,G,深綠色蔬菜
22239,G,甜豌豆
22448,G,香菜根
22457,G,青龍辣椒
22526,G,芝麻菜
22602,G,落葵
22641,G,半天筍
22710,G,情人果
22715,G,西葫蘆
22720,G,石蓮花
22806,G,土芹菜
22825,G,苦苣
22831,G,茶梅
22836,G,水果罐頭
22885,G,鵲豆
22950,G,日本南瓜
22973,G,打拋葉
23042,G,青花椰苗
23103,G,貝芽菜
23175,G,龍葵
23180,G,榴槤
23229,G,加州李
23238,G,日本油菜
23253,G,豆瓣菜
23265,G,萊豆
23305,G,班蘭葉
23413,G,蛇瓜
23422,G,糖漬橙片
23431,G,楊莓
23440,G,捲鬚生菜
23467,G,白菜心
23526,G,羽衣甘藍
23557,G,綠金針
23575,G,艾草
23637,G,菜薊
23653,G,翡翠椒
23716,G,孟宗竹筍
23729,G,油菜花
23814,G,水茄
23822,G,紅毛丹
23844,G,蚵仔白菜
23888,G,紹興梅
23891,G,海蘆筍
23953,G,葫蘆
23968,G,醬筍
24017,G,芋莖
24060,G,椰棗
24102,G,蛋黃果
24105,G,甘藍芽
24153,G,枇杷
24161,G,角椒
24299,G,香柚皮
24308,G,寶塔花菜
24311,G,甜桃果泥
24315,G,紅葉萵苣
24325,G,扁尖筍
24366,G,調味蔬菜
24415,G,紅捲鬚
24465,G,波士頓萵苣
24477,G,黃桃
24490,G,西梅乾
24500,G,冬瓜皮
24512,G,欖仁葉
24514,G,鹽膚木
24523,G,橙橘
24526,G,波蘿蜜
24530,G,歐防風
24570,G,芥菜梗
24573,G,柿乾
24575,G,釋迦
24602,G,彩色蔬菜
24626,G,無子葡萄
24650,G,罐裝蜜桃
24703,G,黑豆芽
24711,G,武林菜
24726,G,龍舌蘭
24741,G,羊奶頭
24801,G,龍鳳果
24815,G,包心芥菜
24836,G,慈菇
24848,G,檳榔花
24852,G,鼠麴草
24873,G,越瓜
24876,G,紅龍果泥
24882,G,麻薏
24893,G,越橘
24901,G,牛奶白菜
24920,G,鴨鵝芹
24930,G,baby potato
24941,G,豬母菜
24946,G,萵筍
24972,G,白菜芽
24974,G,7-11鮮採小松葉
24991,G,燈籠果
25007,G,筍嫩尖
25017,G,臭菜
25039,G,芽苗菜
25041,G,無籽加州梅
25073,G,甜菊葉
25077,G,大根芽
25088,G,花菜心
25094,G,紫高活芽
25097,G,假人蔘
25107,G,鬚苣
25109,G,糖漬蔓越苺果粒
25113,G,節瓜花
25140,G,翼豆
25147,G,客家褔菜
25154,G,醃菜
25159,G,黃瓜皮
25164,G,泰式小圓茄
25166,G,草苺乾
25176,G,甘果
25179,G,青蘿蔔
25181,G,野韭菜
25188,G,冰山捲心
25195,G,奶油萵苣
25206,G,乾藍梅粒
25208,G,紫色甘藍
25235,G,薺菜
25251,G,白腰豆
25257,G,脆桃
25262,G,紅梨
25288,G,蓴菜
25300,G,碟瓜
25302,G,黃麻菜
25308,G,荔枝果泥
25319,G,蛇豆
25320,G,金銀菜
25323,G,甘蔗渣
25328,G,樹莓
25334,G,乾蓮葉
25339,G,仙鶴草
25362,G,豇菜
25369,G,青龍菜
25417,G,蔬菜乾
25423,G,廣東萵苣
25427,G,雞屎藤
25443,G,鴨梨
25456,G,菊花南瓜
25479,G,麻薏粉
25490,G,蕎麥芽
25500,G,雞骨草
25510,G,西洋菊苣
25525,G,藤心
25532,G,菁菜
25533,G,沙律菜
25550,G,水楊菜
25566,G,乾枇杷葉
25574,G,椰纖
25577,G,蔬菜條
25590,G,日本梅
25610,G,脆李
25635,G,草苺泥
25637,G,川牛膝
943,H,雞蛋
1742,H,牛奶
2442,H,起司
2733,H,奶酪
3254,H,蛋黃
4301,H,蛋白
5907,H,豆腐
6033,H,杏仁
6473,H,蛋液
7264,H,奶粉
7288,H,煉乳
7944,H,味噌
8324,H,優格
8510,H,奶油起司
8653,H,紅豆
8832,H,核桃
9105,H,椰奶
9179,H,花生
9664,H,起司粉
10243,H,豆干
10377,H,豆豉
10524,H,板豆腐
10581,H,鹹鴨蛋
11245,H,奶水
11291,H,豆漿
11457,H,腐皮
11617,H,水煮蛋
11730,H,帕馬森起司
11880,H,豆腐乳
11949,H,皮蛋
12003,H,栗子
12031,H,堅果
12197,H,松子仁
12776,H,花生粉
13749,H,綠豆
13775,H,蓮子
14491,H,馬茲拉起司
14663,H,油豆腐
14930,H,蛋豆腐
15000,H,腰果
15129,H,優酪乳
15283,H,黃豆
15805,H,黑豆
16135,H,豆沙
16336,H,豆包
16492,H,瑪斯卡彭起司
16503,H,南瓜子
16806,H,臭豆腐
17140,H,鵪鶉蛋
17235,H,榛果
17358,H,素火腿
17702,H,豆渣
17992,H,葵瓜子
18347,H,五香豆
18430,H,切達起司
18494,H,鷹嘴豆
18682,H,豆酥碎
18694,H,百頁豆腐
18731,H,焗烤起司
18842,H,素肉
19098,H,胚芽
19239,H,開心果
19310,H,夏威夷豆
19362,H,凍豆腐
19391,H,奶精
19483,H,豆花
19653,H,米豆
20082,H,奶酥
20335,H,鴨蛋
20348,H,亞麻籽
20500,H,花豆
20565,H,豆輪
20599,H,可可豆
20771,H,南瓜籽
20841,H,白扁豆
20902,H,奇亞籽
20920,H,無花果
20961,H,綜合豆
20978,H,奶球
20994,H,素雞
21103,H,素香鬆
21381,H,亞麻子
21463,H,蛋絲
21580,H,瑞可達起司
21603,H,蓮茸
21734,H,干絲
21972,H,香草籽
22064,H,羅勒子
22098,H,芡實
22200,H,羊起司
22338,H,皮絲
22501,H,酪漿
22539,H,納豆
22565,H,奶泡
22578,H,蘭花干
22651,H,愛玉子
22655,H,素肚
22658,H,紅扁豆
22692,H,決明子
22758,H,保久乳
23106,H,千張
23115,H,豆棗
23199,H,紅腰豆
23322,H,鴿蛋
23358,H,配方奶
23417,H,白乳酪
23425,H,糖心蛋
23438,H,芝麻豆腐
23491,H,格呂耶爾起司
23495,H,豆枝
23853,H,濃縮奶
23869,H,蜜豆
23899,H,茅屋起司
23903,H,破布籽
23937,H,樹豆
23985,H,莫佐瑞拉起司
24014,H,蝶豆藍花
24021,H,丹貝
24047,H,混合生豆
24081,H,素豆腸
24085,H,蒜花生碎
24116,H,山核桃
24145,H,雜豆
24150,H,法式酸奶
24166,H,百頁結
24189,H,雞蛋粉
24192,H,CREAM CHEESE
24196,H,澎大海
24287,H,藍起司
24335,H,帕達諾起司
24445,H,素腰花
24503,H,洋車前子
24509,H,羊羹
24528,H,油揚
24571,H,貝爾佩斯起司
24641,H,伍仁果
24647,H,卡門貝爾起司
24729,H,鐵蛋
24795,H,豆酥
24827,H,布利乳酪
24850,H,乳清
24902,H,椰 漿
24915,H,翅膀豆
24944,H,牛油奶
24973,H,奇雅籽
25029,H,山水豆腐
25081,H,紅蛋
25099,H,十穀奶
25115,H,鳥豆
25119,H,豆皮包
25125,H,白刀豆
25191,H,帕芙隆起士
25213,H,素肉丸
25238,H,胡麻豆腐
25272,H,蠶豆
25315,H,豆胗
25333,H,虎豆
25335,H,母乳
25397,H,蛋末
25401,H,焗豆
25462,H,亞答子
25497,H,大麻籽
25504,H,脫脂乳
25534,H,素輪
25583,H,豆籤
2345,I,香菇
5265,I,海苔
5804,I,洋菇
6116,I,枸杞
6954,I,八角
7028,I,杏鮑菇
7676,I,海帶
8095,I,紅棗
8253,I,鴻喜菇
8570,I,金針菇
9067,I,黑木耳
9348,I,木耳
11493,I,白菇
11930,I,當歸藥包
12294,I,牛蒡
13481,I,黃耆
13524,I,秀珍菇
13732,I,丁香
14209,I,陳皮
15240,I,混合菇
15775,I,樹子
16051,I,草菇
16071,I,白木耳
16188,I,蔘鬚
16395,I,桂枝
16462,I,川芎
17208,I,松露
17460,I,柳松菇
17610,I,海藻
17687,I,舞菇
18038,I,海菜
18320,I,鮑魚菇
18664,I,人蔘
18999,I,熟地
19053,I,洋菜
19185,I,淮山
19299,I,竹笙
19794,I,藥燉包
19809,I,黨參
20506,I,猴頭菇
20656,I,髮菜
20717,I,珊瑚菇
20752,I,銀耳
21142,I,羅漢果
21161,I,茵蔯蒿
21267,I,甘露子
21277,I,玉竹
21647,I,海珊瑚
21673,I,菌菇
21724,I,杜仲
21765,I,茯苓
21858,I,當歸
21871,I,九尾草
21993,I,四物藥包
22047,I,何首烏
22163,I,牛肝菌
22271,I,綠藻
22382,I,仙楂
22481,I,巴西蘑菇
22492,I,天山華翠菇
22698,I,珍珠菇
22733,I,白雪菇
22799,I,松茸菇
22851,I,花旗蔘
22927,I,十全藥包
22963,I,靈芝
22987,I,紅藻
23150,I,茅根
23186,I,冬蟲夏草
23205,I,珠貝
23210,I,白芍
23244,I,烏蔘
23309,I,鈕扣菇
23350,I,金茸
23387,I,香菇頭
23394,I,川七
23513,I,珍菇
23563,I,西洋參
23586,I,沙蔘
23626,I,黃金菇
23707,I,川貝
23712,I,芫荽子
23734,I,真姬菇
23776,I,舞茸
23790,I,鼠麴
23803,I,天麻
23819,I,白芷
23862,I,壽喜菇
23957,I,青杞
24030,I,白靈菇
24099,I,世蒲鉾
24119,I,月桃葉
24131,I,黃花蜜菜
24143,I,桔梗
24174,I,益母草
24176,I,甘拿許
24225,I,八珍中藥包
24229,I,三七
24312,I,芍藥
24318,I,荊芥
24331,I,牛膝
24334,I,板藍根
24336,I,蘆根
24343,I,罌粟籽
24355,I,地黃
24409,I,藥燉排骨藥包
24419,I,金線蓮
24483,I,青粉
24501,I,大黃
24505,I,蚌蘭
24556,I,淡竹葉
24557,I,黑珍菇
24569,I,鳳尾草
24574,I,伏苓
24656,I,五加皮
24692,I,雞脾菇
24694,I,本菇
24735,I,雞腿菇
24747,I,煙燻料
24761,I,栗子菇
24765,I,五爪金英
24793,I,連翹
24808,I,葛根
24835,I,雪蛤膏
24841,I,金錢草
24875,I,香茹
24878,I,牛樟菇
24903,I,明日葉
24913,I,螺璇藻
24917,I,枇杷葉
24924,I,臭草
24932,I,苦蔘根
24934,I,麥冬
24936,I,一陽齒
24938,I,紫草
24964,I,五香包
24971,I,玉帶根
24979,I,姬松茸
25003,I,七層塔
25010,I,東阿阿膠
25032,I,雪花菇
25033,I,苦地膽
25053,I,鐵樹葉
25059,I,虎尾草
25087,I,桑枝片
25124,I,含殼草
25130,I,山槴子
25148,I,茄苳
25169,I,柳仔茄
25174,I,蜜柑皮屑
25182,I,香薷
25186,I,藍藻
25227,I,野山蔘
25240,I,佛甲草
25243,I,桑白皮
25259,I,通草
25260,I,滑菇
25263,I,四神中藥包
25265,I,帝王菇
25282,I,尖尾風
25285,I,炙耆
25291,I,辛夷
25297,I,使君子
25304,I,何首烏藥包
25332,I,白鶴靈芝
25338,I,猴尾仔
25348,I,韓國菇
25351,I,蛤蚧
25353,I,桑枝
25374,I,丹蔘
25375,I,海唇菜
25377,I,巴蕉葉
25389,I,甜珠草
25412,I,枯梗
25418,I,興渠
25432,I,肉蓯蓉
25444,I,墨角蘭
25457,I,螺旋藻
25466,I,乾葛
25469,I,雷公草
25478,I,大青葉
25482,I,槐花
25485,I,知母
25486,I,酒杯菇
25494,I,鹿尾菜
25514,I,高麗蔘藥包
25517,I,黃精
25548,I,鉤藤
25556,I,傘菇
25557,I,木香
25576,I,女貞子
25595,I,黃耳
25596,I,蓮子心
25614,I,羊栖菜
25623,I,蝴蝶果
25626,I,霸王菇
25634,I,澤瀉
2296,J,低筋麵粉
3387,J,高筋麵粉
3524,J,中筋麵粉
3587,J,飯
3873,J,麵
4349,J,麵粉
4483,J,米
5228,J,土司
6906,J,玉米粒
7154,J,義大利麵
7783,J,麵包粉
8371,J,玉米
9309,J,糯米
9462,J,冬粉
9505,J,糯米粉
10757,J,鬆餅粉
11089,J,在來米粉
11354,J,麵糰
11666,J,米粉
11780,J,麵包
11820,J,燕麥
12150,J,拉麵
12172,J,水餃皮
12421,J,消化餅乾
12598,J,全麥麵粉
12758,J,梗米
12792,J,厚片吐司
12830,J,麵線
12906,J,酥皮
13030,J,油麵
13112,J,麵糊
13176,J,烏龍麵
13811,J,薏仁
13835,J,塔皮
14191,J,湯圓
14300,J,壽司
14633,J,餅乾
14849,J,隔夜飯
14907,J,糙米
14938,J,泡麵
15166,J,紫米
15411,J,法國麵包
15508,J,餛飩皮
16144,J,油條
16204,J,麥粉
16425,J,粉圓
16520,J,去筋麵粉
16528,J,春捲皮
16595,J,Oreo餅乾
16683,J,蘿蔔糕
16700,J,年糕
16835,J,餅皮
16995,J,麻糬
17022,J,穀片
17123,J,通心粉
17252,J,玉米醬
17341,J,粄條
17546,J,饅頭
17603,J,西谷米
17674,J,小麥
17812,J,粥
17900,J,河粉
18123,J,小米
18182,J,貝果
18314,J,漢堡麵包
18383,J,大麥
18413,J,蕎麥麵
18630,J,玉米脆片
18788,J,手指餅乾
18901,J,脆漿粉
19065,J,意麵
19293,J,湯種
19453,J,雞蛋麵
19556,J,蕎麥
19674,J,蘇打餅
19825,J,粿
19948,J,高梁
20089,J,秈米
20371,J,披薩皮
20386,J,藜麥
20528,J,巧克力餅乾
20539,J,黑糯米
20649,J,韓國年糕
20689,J,蔬菜麵
20780,J,法國麵粉
20938,J,脆片
20965,J,粉皮
21032,J,米苔目
21047,J,芋圓
21089,J,中東麵餅
21180,J,西米露
21206,J,寧波年糕
21213,J,紅糯米
21366,J,烤麩
21689,J,土司邊
21771,J,餐包
21828,J,刀削麵
21837,J,胚芽米
21868,J,麥芽精
21878,J,寬冬粉
21942,J,葛粉
22041,J,雞絲麵
22083,J,韓式煎餅粉
22106,J,地瓜圓
22176,J,素麵
22184,J,鍋粑
22187,J,夾心餅乾
22213,J,麵疙瘩
22262,J,黑麥
22279,J,米紙
22324,J,紫糯米
22354,J,胚芽米飯
22428,J,珍珠米
22489,J,潤餅皮
22523,J,發芽米
22580,J,米線
22595,J,雞蛋糕粉
22621,J,糯米紙
22773,J,紅麴米
22818,J,薏米
22823,J,新竹米粉
22913,J,古斯米
22970,J,彩米
23021,J,燒賣皮
23053,J,米漿
23079,J,庫司庫司
23084,J,元宵
23087,J,紅薏仁
23127,J,科學麵
23153,J,穀粉
23162,J,大麥仁
23224,J,米果
23232,J,小薏仁
23331,J,圓餅
23409,J,墨西哥餅皮
23474,J,燉飯米
23485,J,雜糧麵包
23516,J,中式麵餅
23533,J,威化餅乾
23619,J,玉米餅
23642,J,牧師米
23703,J,糯米飯
23772,J,粽
23784,J,米糕
23859,J,穀粒
23906,J,麻吉皮
23920,J,麥芽糖
23944,J,銅鑼燒粉
23966,J,甜塔皮
23976,J,麥片
24001,J,小黃皮
24079,J,趖
24087,J,冰皮粉
24098,J,巧巴達
24130,J,蛋捲糊
24222,J,粉心粉
24248,J,麵片
24250,J,埔里米粉
24272,J,黃米
24295,J,銀絲卷
24323,J,豆簽
24363,J,麥麩
24380,J,麥角
24417,J,白玉粉
24430,J,爆米花玉米
24549,J,碰皮麵
24586,J,酸種
24632,J,Rice Krispies
24635,J,什穀雜糧
24665,J,十穀粉
24667,J,日式年糕
24677,J,綜合穀麥片
24749,J,脆圓
24763,J,焦糖脆餅
24772,J,蒸煮麵
24790,J,貓耳朵
24832,J,澄粉
24861,J,天婦羅粉
24881,J,修飾澱粉
24883,J,道明寺粉
24916,J,刈包皮
24952,J,肉鬆土司
24996,J,湯包皮
24999,J,risotto rice
25025,J,澱粉條
25093,J,粉稞
25146,J,熟麥仔
25168,J,酥心粉
25178,J,煎餃皮
25183,J,扁食皮
25222,J,芙蓉糕粉
25303,J,煎包皮
25341,J,菜頭粿
25382,J,螺絲粉
25421,J,五穀饅頭
25426,J,義大利脆硬餅
25483,J,雪娘皮
25499,J,穀類
25512,J,甜八寶
25527,J,蒸粉
25561,J,磨牙餅
25571,J,派餅
25593,J,塔克皮
1,K,食鹽
149,K,砂糖
310,K,水
535,K,蒜
716,K,胡椒粉
799,K,醬油
1027,K,蔥
1169,K,薑
1325,K,米酒
1430,K,油
1547,K,麻油
1877,K,辣椒
1977,K,奶油
2221,K,太白粉
2541,K,橄欖油
2789,K,高湯
2872,K,雞精粉
2907,K,鮮奶油
3041,K,酒
3118,K,香菜
3417,K,酵母粉
3669,K,九層塔
3761,K,味醂
3819,K,蕃茄醬
3968,K,泡打粉
4075,K,糖粉
4106,K,冰糖
4415,K,蜂蜜
4576,K,蠔油
4693,K,玉米粉
4743,K,醬油膏
4830,K,白醋
4875,K,咖哩
5008,K,白芝麻
5187,K,烏醋
5557,K,紅糖
5719,K,美乃滋
6079,K,豆瓣醬
6168,K,地瓜粉
6208,K,辣椒醬
6300,K,醋
6361,K,巴西里
6422,K,芝麻
6514,K,花椒
6686,K,吉利丁
6821,K,紅蔥頭
7370,K,香草精
7416,K,豬油
7450,K,海鹽
7483,K,義大利香料
7509,K,辣椒粉
7595,K,冰塊
7646,K,五香粉
7758,K,椒鹽
7818,K,雞湯
8032,K,紹興酒
8082,K,味精
8131,K,油蔥酥
8536,K,沙茶醬
8796,K,小蘇打粉
8869,K,植物油
8952,K,香草
9008,K,月桂葉
9248,K,二砂糖
9287,K,滷汁
9385,K,肉桂粉
9851,K,沙拉醬
9922,K,辣油
9992,K,蒜苗
10149,K,芥末
10182,K,素蠔油
10210,K,果醬
10415,K,葡萄酒
10484,K,辣椒乾
10629,K,麥芽
10649,K,迷迭香
10815,K,抹茶粉
10881,K,醬汁
10917,K,檸檬皮
10988,K,麝香草
11061,K,芝麻醬
11139,K,肉桂
11176,K,薄荷葉
11217,K,果糖
11396,K,肉燥
11525,K,七味粉
11584,K,蘭姆酒
11631,K,和風醬
11703,K,醬油露
11855,K,香料
12226,K,甘草
12323,K,豬肉醬
12351,K,花生醬
12434,K,烤肉醬
12458,K,紅糟
12520,K,鮮味炒手
12536,K,甜麵醬
12555,K,小茴香
12632,K,薄鹽醬
12851,K,香茅
13090,K,香草粉
13129,K,香蒜粉
13253,K,清酒
13274,K,橄欖
13340,K,XO醬
13355,K,生抽
13416,K,米油
13499,K,糖漿
13554,K,黃芥末醬
13706,K,果醋
13974,K,高梁酒
14002,K,酒釀
14032,K,甜辣醬
14051,K,椰粉
14063,K,巧克力醬
14331,K,炸醬
14372,K,楓糖
14437,K,白蘭地
14515,K,香菇精
14583,K,塔塔粉
14739,K,白醬
14802,K,紫蘇
15074,K,卡士達粉
15155,K,檸檬葉
15304,K,咖哩醬
15361,K,炸粉
15443,K,黑芝麻粉
15494,K,洋菜粉
15546,K,荳蔻粉
15565,K,酸奶油
15616,K,酸辣醬
15632,K,孜然
15649,K,啤酒
15672,K,奧勒岡
15691,K,義大利醬
15713,K,青醬
15859,K,酸豆
15914,K,酥油
15922,K,鮮雞晶
15931,K,玫瑰花
15954,K,伍斯特醬
16102,K,椰糖
16117,K,洛神花
16254,K,老抽
16270,K,草果
16292,K,梅醬
16311,K,吉利T
16363,K,紅醬
16382,K,鮮味露
16445,K,紅酒醋
16665,K,蕃茄糊
16752,K,糖水
16794,K,蒜酥
16840,K,咖啡酒
16869,K,蝦醬
16879,K,沙薑
16927,K,梅子粉
17109,K,山葵
17181,K,鬱金粉
17193,K,橙酒
17228,K,嫩精
17408,K,白酒醋
17504,K,莓醬
17530,K,豆蔻
17622,K,苦茶油
17838,K,起酥片
17844,K,蔥油
17855,K,紅油
17867,K,藕粉
17915,K,黃豆醬
17925,K,改良劑
17928,K,黃豆粉
17940,K,果膠
18013,K,素高湯
18052,K,油醋
18072,K,橙皮
18236,K,乳化劑
18255,K,油蔥
18357,K,照燒醬
18371,K,卡士達醬
18447,K,百合
18544,K,桂花
18564,K,蘑菇醬
18572,K,糯米醋
18587,K,糖醋醬
18642,K,荷葉
18703,K,薰衣草
18801,K,奶油白醬
18815,K,番紅花
18828,K,香醋
18868,K,鹽麴
18878,K,米霖
19023,K,焦糖
19038,K,薤
19082,K,紅糟醬
19166,K,乳瑪琳
19177,K,千島醬
19279,K,海山醬
19338,K,焦糖醬
19472,K,壽喜燒醬
19621,K,甘草粉
19705,K,黃薑粉
19714,K,凱薩醬
19819,K,清湯
19835,K,威士忌
19906,K,五味醬
19931,K,出汁
19977,K,菊花
20002,K,桂花醬
20009,K,調味粉包
20031,K,胡麻醬
20038,K,蝦夷蔥
20060,K,桔醬
20122,K,蒔蘿
20138,K,濃湯粉
20170,K,發酵粉
20199,K,寒天粉
20207,K,脆酥粉
20232,K,鹽水
20344,K,三杯醬
20401,K,莎莎醬
20482,K,蛋黃醬
20524,K,酒糖液
20545,K,鼠尾草
20618,K,蒜花
20639,K,七葉蘭
20676,K,素沙茶醬
20681,K,豉油
20705,K,TABASCO
20733,K,丁香粉
20762,K,香草醬
20783,K,乾蔥頭
20797,K,蛋白粉
20932,K,鬱金香
20971,K,蒜蓉醬
21008,K,貝禮詩奶酒
21072,K,麵衣
21153,K,馬蹄粉
21197,K,綠橄欖
21244,K,義大利甜醋
21253,K,A1醬
21257,K,蒜味醬
21319,K,片糖
21331,K,海鮮醬
21439,K,葡萄醋
21500,K,沙嗲醬
21515,K,玫瑰露
21524,K,酵素
21543,K,氣泡酒
21551,K,烹大師堅魚風味
21569,K,綿白糖
21597,K,和風碳烤粉
21621,K,伏特加
21651,K,梅醋
21660,K,塔塔醬
21679,K,印度香料
21756,K,黑醬
21791,K,蘿蔔葉
21819,K,蔗糖
21845,K,櫻花
21888,K,蝦油
21914,K,肉汁
21945,K,雞醬
21982,K,馬告
22027,K,墨魚醬
22072,K,魚子醬
22077,K,酸甜醬
22143,K,蛋黃粉
22224,K,西式香料
22228,K,宮保醬
22232,K,大阪燒醬汁
22245,K,龍舌蘭蜜
22259,K,發糕粉
22292,K,香辣粉
22316,K,打拋醬
22319,K,金銀花
22330,K,嫩肉粉
22334,K,蜜漬橙皮丁
22343,K,豆花粉
22372,K,韭蔥
22378,K,芡水
22387,K,竹炭粉
22392,K,蒸肉粉
22417,K,椰子粉
22422,K,紅醋
22454,K,串燒醬
22486,K,柱侯醬
22520,K,味增醬
22542,K,琴酒
22554,K,雞汁
22573,K,百草粉
22600,K,滷水
22673,K,白蒜
22686,K,紅露酒
22742,K,胡蘿蔔花
22746,K,辣椒水
22752,K,氣泡水
22869,K,粉漿
22926,K,魚香醬
22938,K,辣拌醬
22983,K,BB醬
23061,K,墨西哥香料
23099,K,杭菊
23137,K,黑豆瓣醬
23139,K,蘇打水
23146,K,燒酒
23192,K,客家豆醬
23203,K,油包
23236,K,蜜汁醬
23249,K,豆酥醬
23270,K,杏桃醬
23273,K,肝醬
23279,K,蝦粉
23294,K,油蔥萬用醬
23316,K,餅乾粉
23334,K,方糖
23346,K,玉米油
23355,K,香蕉葉
23377,K,海膽醬
23383,K,蕺菜
23392,K,鹽焗雞香料粉
23402,K,奶香粉
23405,K,甘梅
23408,K,天婦羅沾醬
23411,K,豉汁
23442,K,咖喱醬
23452,K,鮮味粉
23470,K,甜菊
23502,K,紅花
23520,K,白蔭油
23543,K,龍舌蘭酒
23552,K,鹼水
23555,K,紫羅蘭粉
23567,K,咖哩葉
23577,K,桂花糖
23584,K,蒜香黑糊椒醬
23589,K,蘋果醬
23608,K,葡萄糖
23614,K,刺蔥粉
23623,K,燒雞醬
23650,K,檸檬酪
23656,K,木瓜粉
23667,K,蘋果酒
23683,K,葡萄糖漿
23699,K,法式香料
23739,K,蛋奶醬
23743,K,蒜蓉蔥油膏
23745,K,醃味料
23751,K,雪蓮
23760,K,白酒麴
23763,K,春捲醬
23779,K,橘子醬
23782,K,年糕醬
23787,K,海鮮塊
23807,K,莓果粉
23828,K,糖鹽
23833,K,甘梅粉
23849,K,刺柏
23857,K,怪味醬
23865,K,椰纖粉
23877,K,泡椒
23901,K,Baking Powder
23909,K,蒜味粉
23928,K,糕仔粉
23930,K,茉莉花
23933,K,英國伍斯塔醬
23938,K,吉利Ｔ
23940,K,蕃紅花粉
23948,K,酒麴
23950,K,甘醋
23973,K,洛神醬
23991,K,蒲公英
23997,K,浙醋
24009,K,蛇舌草
24025,K,紅燒汁
24035,K,韓國大醬
24043,K,乾燒醬
24044,K,代糖
24051,K,洋甘菊
24055,K,依士粉
24069,K,抹茶醬
24096,K,辣根
24111,K,桂花香料
24124,K,薄荷糖漿
24127,K,筍醬
24129,K,南乳汁
24135,K,荷蘭醬
24147,K,龍蒿
24155,K,卡非醬
24159,K,蠔醬
24164,K,蓮花
24184,K,白豆醬
24199,K,大醬
24205,K,冬陰功
24232,K,乾酪粉
24235,K,提拉米蘇慕斯粉
24259,K,蕃茄沙司
24274,K,明太子醬
24276,K,啤酒酵母
24279,K,吉利Ｔ粉
24282,K,vanilla extract
24285,K,麻婆豆腐淋醬
24293,K,叻沙醬
24320,K,慕斯粉
24329,K,白拌醬
24337,K,海鮮粉
24340,K,馬郁蘭
24353,K,克林姆餡
24354,K,酸橙醋
24376,K,罌粟籽粉
24378,K,金平醬
24395,K,酸枳醬
24396,K,麻婆醬
24398,K,香糟露
24399,K,烤鴨醬
24406,K,醃肉調味粉
24427,K,親子丼醬
24442,K,紅趜醬
24447,K,肯瓊粉
24470,K,馬祖老酒
24476,K,紅蒲鉾
24480,K,地 瓜 粉
24481,K,葛縷子
24492,K,香樁醬
24496,K,黑豆粉
24507,K,艾草粉
24513,K,小麥啤酒
24535,K,豉椒醬
24536,K,車前草
24538,K,義式花香醬
24542,K,布蕾粉
24544,K,烈酒
24551,K,芥子油
24555,K,柚庵醬
24559,K,茴香酒
24567,K,葛鬱金粉
24577,K,辣 椒 粉
24579,K,老虎醬
24588,K,豆醬醃床
24589,K,中濃醬
24590,K,玫瑰花醬
24594,K,通寧水
24601,K,五彩辣椒
24609,K,墨西哥醬
24611,K,果漿
24613,K,紫羅蘭
24616,K,荔枝蜜
24619,K,香草籽醬
24628,K,雪利酒
24634,K,素湯頭
24636,K,青花椒
24638,K,黃醬
24645,K,蒔蘿粉
24653,K,木糖醇
24664,K,寡糖
24668,K,香酒汁
24672,K,泰式涼拌醬
24674,K,摩卡醬
24675,K,黑龍炒醬
24682,K,卡夫奇妙醬
24683,K,京醬牛肉炒醬
24687,K,素蛋粉
24690,K,沙嗲粉
24693,K,曇花
24715,K,蘿蔔花
24717,K,茶凍粉
24719,K,胡 椒 粉
24722,K,玫瑰花粉
24744,K,酒粕
24746,K,Baking Soda
24760,K,土佐醋
24771,K,欖角
24774,K,君橙酒
24776,K,Chicken seasoning
24786,K,HP醬
24797,K,紫薯粉
24809,K,藍藻粉
24810,K,香柚醬
24813,K,紅潤釀
24821,K,接骨木花
24823,K,柑曼怡
24825,K,可可粉
24831,K,果律醬
24834,K,菌菇醬
24842,K,山藥粉
24846,K,醃醬
24855,K,藍花汁
24869,K,白蒲鉾
24885,K,青紫蘇調味醬
24886,K,牛小椒
24888,K,香蝦拌醬
24894,K,Tahini 醬
24895,K,望羅子汁
24900,K,糟滷
24911,K,欖仁醬
24912,K,栗粉
24914,K,當歸湯汁
24919,K,高 湯
24921,K,豌豆粉
24925,K,奇香醬
24929,K,西洋香料
24935,K,辛奇醬
24937,K,蓮葉
24939,K,PIZZA醬
24942,K,柚醋醬
24943,K,椰蓉
24948,K,白曝油
24956,K,鮮辣淋汁
24958,K,爆香調味醬
24960,K,味 霖
24962,K,半支蓮
24967,K,芙蓉花
24970,K,藿香
24975,K,老土司
24977,K,沿蔉粉
24985,K,cranberry jam
24988,K,柚子葉
24989,K,尼斯醬
24994,K,韓式甘味調味粉
24997,K,甜蘿勒
25006,K,韓式拌醬
25011,K,加多醬
25013,K,韓式燉醬
25015,K,粑粑絲醬
25019,K,桔香料
25021,K,蘿凱花
25022,K,七里香
25024,K,梅鹽
25027,K,馬麥醬
25030,K,葛樓子
25034,K,優酪蝦球調味汁
25043,K,塔香油膏
25048,K,泰式香料
25050,K,奶香湯頭
25051,K,花果香料醬
25055,K,鰹魚水
25056,K,茶末
25063,K,烤雞粉
25067,K,西汁
25071,K,亞麻籽油
25078,K,濃縮紅甜菜汁料理粉
25079,K,焦糖粉
25083,K,蛋油
25084,K,炸香料
25085,K,壺底蔭醬
25089,K,金蓮花
25090,K,素耗油
25096,K,茄冬葉
25102,K,菩提葉
25106,K,石古子
25111,K,香豉醬
25117,K,春川燉雞塊調理醬
25118,K,芝麻糖粉
25127,K,四色調味醬
25133,K,藍梅醬
25153,K,杜卡
25156,K,龍蒿葉
25160,K,蔥油醬
25172,K,十三香
25177,K,醬酒
25184,K,魯肉罐頭
25187,K,雪蓮花
25198,K,粗豆醬
25199,K,肉醬
25214,K,梅精
25217,K,燒肉丼醬
25220,K,山葵葉
25224,K,天婦羅沾料
25225,K,日式料理粉
25229,K,亮光膠
25237,K,三巴醬
25244,K,柿霜
25252,K,鹵水
25258,K,香草冰砂粉
25266,K,金盞花
25277,K,Taco調味粉
25281,K,食用菊
25292,K,桔利蜜
25298,K,黃金菊
25305,K,青豆粉
25314,K,忘憂草
25326,K,核桃酪甜醬
25327,K,珍珠梅
25329,K,木棉
25336,K,辣鮮露
25340,K,涼拌酢
25345,K,台灣搵醬
25349,K,刺山柑
25355,K,雪利醋
25357,K,o急汁
25359,K,海鮮香料
25368,K,醬爆醬
25373,K,麻糬粉
25381,K,黑胡椒蘑菇醬
25386,K,摩洛哥香料
25390,K,緬甸酸豆醬
25391,K,褐醬
25392,K,山海醬
25402,K,醉雞汁
25404,K,蜂膠
25408,K,特製醬料
25411,K,熟油
25414,K,赤查某
25420,K,蘋果花
25424,K,香糟蒸醬
25429,K,加多加多醬
25437,K,鹼油
25438,K,美國西南方風味香料粉
25440,K,醬鼓
25442,K,珍珠粉
25448,K,豬骨醬
25459,K,廣東油雞淋醬
25464,K,蒜蓉酥
25465,K,辣木
25471,K,蘭姆精
25477,K,抹茶拉堤粉
25481,K,霸王花
25496,K,宮保雞丁醬
25511,K,番茜粉
25513,K,雞蛋花
25516,K,微酵多醣醋
25529,K,美式綜合調味粉
25539,K,雪菊
25540,K,鰹魚鹽
25543,K,花萼
25547,K,牛腩醬
25553,K,蒜辣鹽
25558,K,月見沾醬
25562,K,中華調味粉
25568,K,檸檬糖漿
25569,K,歐石南
25582,K,調理素肉漿
25597,K,黑輪沾醬
25611,K,歐利歐夾心餡
25612,K,原味醬包
25615,K,玫瑰花露
25618,K,乳香醬
25619,K,甜葉菊
25625,K,韓國辣炒醬
25629,K,白汁粉
25631,K,義式調味粉
25639,K,黑鹽
3293,L,檸檬汁
4617,L,巧克力
5863,L,巧克力粉
9533,L,泡菜
10327,L,咖啡
10842,L,生菜沙拉
11264,L,紅茶
11902,L,蒟蒻
11962,L,柳橙汁
12099,L,烹大師
12117,L,蔬菜
12490,L,冰淇淋
12677,L,披薩
12697,L,菜脯
12952,L,火鍋料
13229,L,蛋糕
13573,L,香鬆
13660,L,布丁
14080,L,紅豆餡
14162,L,海鮮
14556,L,諾鈣C發泡錠
14708,L,汽水
14780,L,壽喜燒
14829,L,綿花糖
15025,L,綠茶
15428,L,話梅
15750,L,茶葉
15794,L,水餃
16170,L,叉燒肉
16767,L,裝飾糖粒
16907,L,預拌粉
16940,L,可爾必思
16959,L,仙草
17170,L,巧克力米
17273,L,雲吞
17317,L,米血
17334,L,肥膘
17426,L,蕃茄汁
17446,L,蜜餞
17474,L,蛋皮
17491,L,色素
17574,L,養樂多
17590,L,陽春麵
17639,L,抹茶
17727,L,糖果
17883,L,烏龍茶
18027,L,海綿蛋糕
18063,L,麻辣鍋底
18187,L,梅子汁
18203,L,果汁
18222,L,炸雞
18240,L,果泥
18272,L,肉餡
18333,L,巧克磚
18403,L,芋泥
18469,L,紅色色素
18478,L,雞精
18526,L,茶包
18621,L,粉蒸肉粉
18654,L,蔥油餅
18988,L,奶茶
19015,L,燻雞
19249,L,剉冰
19287,L,滷蛋
19328,L,炒飯
19375,L,康寶濃湯
19443,L,漢堡
19628,L,三明治
19636,L,蘋果汁
19737,L,鹹豬肉
19759,L,泡菜汁
19781,L,鳳梨汁
19801,L,蝦餃
19865,L,牛肉湯
19890,L,熟蛋
20018,L,檸檬酸
20052,L,脆瓜
20069,L,鴨賞
20097,L,百香果汁
20108,L,關東煮
20150,L,肉羹
20190,L,綠豆沙
20252,L,滷味
20258,L,雜糧
20283,L,番茄汁
20299,L,雞塊
20318,L,戚風蛋糕
20361,L,醃肉
20416,L,車輪餅
20420,L,香精
20439,L,雞排
20559,L,可麗餅
20577,L,滷肉
20608,L,果粒
20627,L,椰子汁
20665,L,軟糖
20697,L,寒天
20792,L,大骨湯
20831,L,咖啡豆
20849,L,泡芙
20857,L,濃湯塊
20864,L,大理石片
20872,L,拌飯粉
20911,L,蘇梅汁
21001,L,原味燒餅
21069,L,醃料包
21075,L,泰式酸辣湯塊
21093,L,芒果汁
21131,L,萊姆汁
21148,L,控肉
21223,L,洋芋片
21236,L,愛玉
21299,L,黃色色素
21352,L,乾果
21360,L,冬瓜茶
21409,L,鬆餅
21431,L,椰絲
21448,L,豬皮凍
21481,L,天婦羅
21486,L,諾鈣Ｃ
21494,L,山楂
21504,L,烤雞
21528,L,香筍
21533,L,葡萄柚汁
21564,L,茶汁
21687,L,酸辣湯塊
21699,L,肉排
21707,L,醃漬梅
21711,L,紅豆湯
21719,L,飯團
21729,L,排骨湯塊
21748,L,膳纖熟飯
21784,L,大亨堡
21807,L,柿餅
21852,L,杏仁露
21893,L,飲氧品
21899,L,燒鴨
21903,L,綜合丸
21911,L,包子
21934,L,果凍
21954,L,厚蛋燒
21959,L,花瓣
21965,L,滷牛腱
21977,L,酸辣湯包
22003,L,石榴汁
22022,L,糖花
22102,L,阿摩尼亞
22110,L,燒肉
22118,L,可頌
22121,L,鵝肝醬
22158,L,胡蘿蔔汁
22192,L,薯條
22218,L,雞酒
22235,L,抓餅
22268,L,蛤蜊湯塊
22286,L,薯餅
22298,L,豆子
22349,L,脆迪酥
22366,L,金桔汁
22399,L,Q梅
22412,L,四神湯
22471,L,白斬雞
22475,L,牛奶糖
22498,L,蜜之果
22507,L,大豆卵磷脂
22552,L,乾瓢
22567,L,玉子燒
22585,L,彩色糖珠
22606,L,橘子汁
22622,L,綠豆粉
22629,L,金粉
22632,L,針菇罐頭
22665,L,拌飯料
22669,L,羊肉爐
22705,L,桔餅
22726,L,酸豆角
22736,L,紅燒湯底
22739,L,抹茶餡
22762,L,炸魚
22767,L,八寶粥
22786,L,腸衣
22811,L,茉莉
22859,L,茶葉蛋
22864,L,千層派
22878,L,柚子茶
22892,L,煎餅
22906,L,剩菜
22923,L,刈包
22929,L,銀粉
22941,L,蔬果粉
22945,L,食用鹼
22954,L,椰果
22959,L,烤鴨片
22967,L,花生糖
22979,L,章魚燒
22992,L,沙拉米
22996,L,桂花釀茶包
23001,L,棉花糖
23031,L,滷元蹄
23038,L,醬料包
23039,L,藥燉排骨湯
23065,L,水晶餃
23071,L,甘蔗汁
23074,L,葡萄汁
23110,L,冰梅
23124,L,蛋餅
23157,L,炒蛋
23166,L,桑葉
23170,L,蔬菜粉
23231,L,鮮美鍋汁
23257,L,班尼迪克蛋
23260,L,烤肉片
23288,L,米香
23299,L,雞米花
23303,L,美味濃湯
23320,L,茄汁炒飯
23327,L,肉塊
23336,L,蝦湯
23364,L,泡菜鍋
23368,L,銅鑼燒
23373,L,燻肉
23380,L,雞卷
23407,L,豚骨湯塊
23429,L,蛋塔
23434,L,蜂蜜水
23436,L,甜甜圈
23447,L,馬鞭草
23457,L,冷泡茶
23461,L,蝦餅
23473,L,竹小町
23478,L,蛋殼
23481,L,乳酸菌粉
23498,L,甜筒
23506,L,黑糖塊
23510,L,薯泥
23523,L,紅燒肉
23548,L,櫻桃汁
23559,L,花果茶粒
23560,L,新北市健康三寶
23581,L,燒酒雞藥包
23592,L,花茶包
23595,L,臻果巧可力醬
23603,L,海燕窩
23610,L,蜜桃汁
23630,L,滷湯
23643,L,蔬菜湯
23649,L,潛水艇堡
23664,L,肉干
23672,L,烏梅汁
23680,L,甘納許
23687,L,纖維粉
23710,L,肉捲
23726,L,地瓜片
23741,L,油飯
23747,L,普洱茶
23753,L,冰磚
23757,L,黑莓
23768,L,滿福堡
23774,L,清湯底
23792,L,烤雞腿
23795,L,南非國寶茶
23797,L,煎餃
23799,L,蔬菜汁
23811,L,炸大蝦
23817,L,碳酸氫銨
23830,L,鍋餅
23839,L,奶油湯
23842,L,五榖粒
23867,L,醬菜
23873,L,破布子湯汁
23881,L,酸梅湯
23885,L,脆餅
23893,L,巧克力糖
23896,L,硫酸鋁納
23911,L,海鮮濃湯
23914,L,津白
23917,L,布朗尼
23922,L,粉紅色著色劑
23961,L,蛋炒飯
23963,L,石膏粉
23981,L,桑葚汁
24033,L,酸辣羹湯
24038,L,北耆
24057,L,瓜子
24064,L,燒賣
24072,L,英式馬芬
24083,L,燒雞
24089,L,檸檬茶
24091,L,鹽滷石膏
24093,L,三絲丸
24095,L,葉綠素
24100,L,藥燉湯底
24104,L,印度Q餅
24110,L,輕煮汁
24113,L,肚片
24122,L,烤餅
24133,L,麥茶
24136,L,金萱茶
24138,L,夏枯草
24140,L,咸豐草
24157,L,香草雞
24171,L,便當
24179,L,綠豆湯
24181,L,蔥蛋
24185,L,蔬菜素凍
24186,L,蘆筍汁
24188,L,蔘茶包
24193,L,壽喜醬
24202,L,馬卡龍餅
24211,L,生菜沙拉葉
24215,L,茉莉花茶
24217,L,芡汁
24219,L,可樂果
24223,L,蝦捲
24227,L,素獅子頭
24239,L,素丸子
24243,L,蛤蜊湯
24254,L,鹽蛋
24257,L,馬芬堡
24261,L,南瓜皮
24266,L,玫瑰花茶
24269,L,法式黃金清湯
24270,L,蛋鬆
24291,L,葉子
24302,L,綠色色素
24304,L,醬油飯
24305,L,大紅袍
24327,L,雞湯罐頭
24345,L,亞達子
24350,L,花果茶
24357,L,飯友
24358,L,發糕
24359,L,苦精
24365,L,麥門冬
24368,L,涼筍
24370,L,阿華田
24372,L,獅子頭
24383,L,紅燒茄汁湯
24386,L,荔枝汁
24389,L,濃縮乳酸飲料
24402,L,燻雞片
24405,L,月餅
24411,L,中藥酒汁
24413,L,蒜水
24424,L,紅燒扣肉
24425,L,素鰻
24433,L,大餅
24449,L,凸皮麵
24452,L,紫菜湯包
24454,L,丹麥小西餅
24456,L,攤餅
24457,L,普羅旺斯燉菜
24459,L,芋角
24461,L,含片
24463,L,義大利餃
24466,L,爆米花
24472,L,紫米粥
24474,L,滷牛筋
24479,L,瑞士捲
24484,L,香酸汁
24485,L,醃漬破朴子
24487,L,楊桃汁
24488,L,波菜汁
24494,L,麻吉燒
24498,L,左手香
24504,L,酵種
24511,L,青草茶
24515,L,三寶粉
24519,L,果茸
24521,L,雞蛋殼
24524,L,蠶豆酥
24534,L,明太子調理包
24539,L,光餅
24540,L,紅罌栗泥
24547,L,瘦肉丁
24561,L,牛豬混碎肉
24562,L,菜乾
24565,L,蕨粉
24578,L,RDF禾法頌尼斯燉菜
24580,L,諾鈣ｃ
24582,L,椪餅
24583,L,桂花露
24585,L,綠色色膏
24592,L,素菜酥
24598,L,食用級竹炭粉
24599,L,油雞
24604,L,燕麥飯
24608,L,液熊油
24615,L,核桃糕
24620,L,草苺粉
24622,L,櫻桃派
24624,L,高山茶
24630,L,手卷
24640,L,牛軋糖
24643,L,洛神茶
24652,L,柿種
24654,L,七葉膽
24658,L,烤牛肉片
24669,L,日本茶
24670,L,糙米麩
24671,L,鹽漬紅鮭
24679,L,吞拿魚罐頭
24685,L,法棍切片
24688,L,麻婆豆腐燴飯
24696,L,橙花水
24698,L,火鍋粉
24700,L,咖哩雞丁
24704,L,竹碳粉
24706,L,糙米粥
24708,L,炸豆腐
24710,L,紫色色素
24713,L,美祿
24720,L,香蘋茶
24724,L,蘋果派
24727,L,蝦味先
24731,L,麻婆豆腐
24733,L,純喫茶
24739,L,墨西哥捲餅
24750,L,素方餅
24751,L,甜菜汁
24752,L,茶碗蒸
24754,L,焗薯
24756,L,諾鈣 C
24769,L,枇杷膏
24781,L,焦糖片
24799,L,燉牛肉
24803,L,燕麥粥
24805,L,粟米湯
24807,L,沙茶湯底
24812,L,黃色色膏
24817,L,黃金炒飯
24818,L,蔬菜湯塊
24819,L,蝦片
24824,L,五寶果
24829,L,日式燒汁
24859,L,鍋貼
24864,L,鳳梨膏
24871,L,大判揚
24887,L,7-11的三色果物
24889,L,芭樂汁
24891,L,福州丸
24892,L,當歸鴨肉
24896,L,熱帶風情茶
24897,L,四紅果茶
24898,L,罐頭朝鮮薊
24899,L,臘鴨脾
24904,L,淡小蘿蔔水泡菜
24905,L,竹笛
24906,L,黑色色素
24907,L,地瓜球
24908,L,灣葉
24909,L,蔬菜炒飯
24910,L,杏桃汁
24918,L,樟木屑
24922,L,台式油飯
24923,L,東方美人茶
24926,L,燕窩
24927,L,鳥梅
24931,L,膽肝
24945,L,醬油雞
24947,L,叻沙Laksa調理包
24950,L,瑞典薄餅
24951,L,7-11一日野菜
24954,L,薄荷糖
24955,L,奶黃餡
24959,L,熟烤雞胸
24961,L,蚵仔麵線
24965,L,酒味濃湯
24966,L,越式湯頭
24968,L,起司薄餅
24969,L,酸甜汁
24976,L,蛋塔液
24978,L,菇菇炊飯
24980,L,熟肉絲
24982,L,脆瓜汁
24984,L,金線蓮茶包
24986,L,土耳其餅
24987,L,罐裝金槍魚
24990,L,醉雞腿
24992,L,梅泥
24998,L,鮮豬凍
25002,L,費南雪
25004,L,Cream of chicken罐頭
25005,L,鹽水鴨胸肉
25008,L,7-11 茶攤手搖風水果茶
25009,L,茉莉茶梗
25012,L,可頌餅
25014,L,海浮石
25018,L,卵磷脂
25020,L,香蘭汁
25023,L,紫山藥丸子
25026,L,鳳柳汁
25037,L,魯菜
25038,L,槓香藤
25040,L,義大利玉米粥
25045,L,眝麻根
25046,L,甜燒餅
25047,L,摩卡冰砂粉
25049,L,梅干扣肉
25052,L,素麵包
25061,L,滷雞珍
25062,L,黃金雪花片
25064,L,蛋卷
25074,L,蔬菜冰磚
25076,L,煮鵝湯
25080,L,寒天春雨
25082,L,蜜柑原汁
25086,L,馬卡龍殼
25091,L,茶泡飯料
25098,L,龍吐珠
25100,L,紅土
25101,L,紀州梅
25103,L,Q心皮
25104,L,脆藻
25105,L,廣式烤鴨
25108,L,茄汁燉豆
25112,L,紫藷香鬆
25116,L,菊花茶包
25120,L,沙拉堡
25122,L,維他命c軟糖
25123,L,蘋果派餡
25129,L,蒜味鹹酥雞
25132,L,清燉雞湯
25134,L,餅乾派殼
25135,L,開味小菜
25136,L,人篸茶包
25138,L,農村派
25141,L,羅布麻茶包
25142,L,臘味
25143,L,日式鏗魚汁
25145,L,豬排蓋飯
25150,L,淡醬粉
25155,L,五花燒肉
25157,L,芭蕉葉
25158,L,花雕醉雞汁
25161,L,蜜薯片
25162,L,蔬果汁
25170,L,鋁粉
25171,L,糖漬鬼椒
25173,L,水晶粉
25175,L,葡萄糖粉
25180,L,松茸汁
25185,L,太和湯
25194,L,照燒豬肉
25196,L,泡椒水
25197,L,燉肉丸子
25200,L,杏仁豆腐丁
25205,L,香瓜汁
25207,L,接骨木花汁
25209,L,橘色食用色素
25210,L,西檸汁
25211,L,青南瓜泥
25212,L,傳統英國茶
25215,L,五香肉丁
25216,L,蔥燒湯頭
25218,L,四果莓茶包
25219,L,黑芝麻交切片
25223,L,齋湯
25230,L,泡芙殼
25231,L,和風炊飯
25232,L,咖哩雞醬料包
25233,L,潤餅
25234,L,薄燒魚
25236,L,司康
25242,L,韓國冷湯包
25245,L,龍眼汁
25246,L,御飯糰雙手捲
25253,L,小亨堡
25255,L,葵果泰式打拋調理包
25256,L,酸白菜湯汁
25261,L,印度香料茶
25264,L,蜜桃茶包
25268,L,小饅頭點心餅
25269,L,義大利燴海鮮調味汁
25270,L,茶凍
25271,L,時鮭切片
25273,L,玫瑰紅茶汁
25275,L,炸衣
25276,L,蘆薈汁
25278,L,懷舊點心
25279,L,蜜豆奶
25283,L,仙楂洛神
25284,L,菜鬆
25287,L,泰式烤雞料理包
25289,L,港式波蘿包
25290,L,7-11茶攤手搖風
25293,L,當歸羊肉藥包
25295,L,玫瑰花茶粉
25296,L,雪菜汁
25301,L,肉圓
25307,L,酸筍
25309,L,廣式臘鴨腿
25310,L,鍋燒意麵
25312,L,絲路
25313,L,醬牛肉
25316,L,豬骨湯
25322,L,狗尾草湯包
25325,L,肺炎草
25330,L,Sahnesteif
25331,L,果粒茶
25337,L,杏仁茶
25342,L,巴蘭葉汁
25343,L,金美人仙女貝罐頭
25344,L,塔士塔達
25346,L,高麗蔘精
25350,L,小麥草濃縮膠囊
25352,L,醃蔥頭
25354,L,麻蓉餡
25361,L,素百頁
25363,L,椒麻花生
25364,L,大阪燒料理包
25365,L,鬆糕
25367,L,馬蹄糕
25371,L,燻雞餡
25372,L,蛋包飯
25378,L,素炒手
25379,L,太妃糖
25383,L,洋甘菊茶包
25384,L,黃色著色劑
25387,L,醃紅梅肉
25388,L,大吉嶺茶
25394,L,菠菜飯
25395,L,小米粥
25396,L,鴨肉湯頭
25399,L,椰殼
25400,L,花果香料
25403,L,蛋黃素
25405,L,桂花烏龍茶湯
25406,L,香柚汁
25407,L,核桃酥
25409,L,封仔雞
25410,L,丸久小山園抹茶
25413,L,清燉湯頭
25415,L,藥燉湯頭
25419,L,越南薄餅
25428,L,桃山奶黃餡
25431,L,鮮味湯頭
25433,L,紅色墨西哥豆罐頭
25434,L,蜜漬汁
25435,L,紫心地瓜漿
25436,L,素肉躁
25439,L,芋汁
25441,L,湯筍
25445,L,青葙
25446,L,炒蟹粉
25447,L,餅乾棒
25449,L,函館荒鮭
25450,L,紫玉菜
25451,L,豬牛混和肉餅
25453,L,立康養生固骨寶膠塊
25454,L,罐頭蘋果
25455,L,嫩煎菲力
25458,L,牧草汁
25461,L,水果茶
25463,L,硝鹽
25468,L,養生湯包
25472,L,黑瓜汁
25473,L,果凍液
25474,L,琵琶膏
25475,L,素竹輪
25476,L,焦糖絲
25480,L,素筋
25487,L,可可蜜糖
25488,L,雞肉飯
25489,L,炸雞翅
25492,L,月餅餡
25493,L,北平烤鴨
25498,L,荳蔻脆捲
25501,L,車輪卷
25502,L,桃膠
25503,L,三味淋汁
25505,L,北海道白醬湯塊
25506,L,西瓜汁
25507,L,星洲炒米粉
25508,L,Scotch Finger
25509,L,蝶荳藍花
25515,L,筍香飯
25518,L,金萱
25519,L,鹽漬銀鮭
25520,L,台畜歐式冷蹄
25521,L,四方餅
25522,L,花果茶酒汁
25524,L,炸豆包皮
25531,L,樂活玫萃麗包
25536,L,佛跳牆
25537,L,金品比薩
25538,L,干瓢煮
25541,L,模範生點心餅
25542,L,椒鹽點心棒
25544,L,木炭
25552,L,奶昔
25554,L,天廚麻婆調理包
25555,L,越式涼拌汁
25559,L,康寶獨享杯
25560,L,熱帶風情茶包
25563,L,肉泥冰磚
25565,L,炸雞腿
25567,L,麻婆醬調理包
25570,L,四色蔬菜棒
25572,L,破布子蒸肉
25573,L,能量粉
25575,L,海鮮炊飯料
25578,L,蒸燒賣的湯汁
25579,L,鏗魚香鬆
25585,L,禾法頌布列塔尼薄餅
25586,L,咖啡色色膏
25587,L,雞尾酒餡
25588,L,沙其瑪
25589,L,雪茄
25591,L,小麥草汁
25592,L,酒藥
25594,L,蔬菜泥
25598,L,千層香酥薄餅
25599,L,班蘭汁
25601,L,醃漬菜
25602,L,牛尾湯
25603,L,醉雞胸
25604,L,珍菇精
25607,L,薄片肉
25608,L,素蛋黃
25609,L,羊肉鍋湯
25620,L,餃子餡
25621,L,芋丸
25622,L,能量飲料
25624,L,黑罌粒果泥
25627,L,小黃瓜汁
25628,L,蒜味湯頭
25630,L,韭花甜條
25632,L,什錦豆
25633,L,碳酸氫氨
25636,L,櫻花素
