食鹽,24400
砂糖,23221
水,20359
蒜,13424
胡椒粉,13058
醬油,11910
雞蛋,11583
蔥,10795
薑,9539
米酒,9031
油,8243
麻油,7718
洋蔥,7485
牛奶,6429
辣椒,6424
奶油,6099
胡蘿蔔,5908
太白粉,5591
低筋麵粉,5514
香菇,3861
起司,3767
橄欖油,3622
奶酪,3190
高湯,2950
雞精粉,2815
鮮奶油,2786
豬絞肉,2780
酒,2576
香菜,2440
甜椒,2402
蛋黃,2317
檸檬汁,2305
高筋麵粉,2294
酵母粉,2228
馬鈴薯,2210
中筋麵粉,2175
飯,2146
九層塔,2072
味醂,2066
蕃茄醬,2034
麵,2020
泡打粉,2012
小黃瓜,1958
糖粉,1937
冰糖,1869
高麗菜,1837
蝦,1822
蛋白,1801
麵粉,1758
蜂蜜,1725
米,1714
蠔油,1673
巧克力,1598
玉米粉,1539
醬油膏,1508
蝦仁,1408
白醋,1392
咖哩,1367
檸檬,1358
白芝麻,1351
南瓜,1322
草莓,1317
烏醋,1290
土司,1280
海苔,1276
白蘿蔔,1244
花椰菜,1209
蘋果,1160
雞胸肉,1124
紅糖,1112
芹菜,1104
火腿,1091
美乃滋,1088
番薯,1085
洋菇,1082
巧克力粉,1072
豆腐,1065
培根,1063
雞腿,1056
杏仁,1051
豆瓣醬,1041
枸杞,1035
地瓜粉,1034
辣椒醬,1028
蛤,1020
醋,1009
巴西里,1004
芝麻,978
蛋液,931
花椒,931
青椒,929
魚露,925
小番茄,918
吉利丁　,916
蝦米,914
美生菜,901
紅蔥頭,882
柴魚粉,881
豬五花肉,864
玉米粒,864
八角,862
杏鮑菇,860
排骨,848
義大利麵,828
芋頭,819
奶粉,811
煉乳,809
雞腿肉,808
香草精,792
豬油,788
海鹽,777
義大利香料,772
辣椒粉,755
鳳梨,746
冰塊,745
五香粉,743
海帶,743
椒鹽,725
麵包粉,725
雞湯,718
香蕉,712
豬肉絲,703
味噌,700
西洋芹菜,695
紹興酒,693
味精,688
紅棗,687
油蔥酥,672
干貝,661
蘆筍,659
鴻喜菇,651
豬肉片,644
優格,638
玉米,632
花枝,631
?菜,631
奶油起司,623
金針菇,620
沙茶醬,619
全雞,611
紅豆,607
小白菜,606
﻿牛肉,605
小蘇打粉,603
核桃,603
植物油,602
芒果,590
香草,583
月桂葉,570
豌豆仁,570
黑木耳,569
椰奶,568
茄子,557
花生,551
葡萄乾,546
二砂糖,544
滷汁,544
肉桂粉,541
木耳,540
糯米,539
冬粉,535
鮭魚,534
糯米粉,528
泡菜,527
豬肉,526
透抽,522
起司粉,517
雞肉,515
綠豆芽,513
筍,508
大白菜,508
沙拉醬,508
菜豆,505
辣油,505
菠菜,500
蒜苗,499
青江菜,493
奇異果,491
鮪魚,485
魚肉,481
芥末,479
素蠔油,479
果醬,475
豆干,473
香腸,471
苦瓜,460
咖啡,458
豆豉,456
葡萄酒,452
玉米筍,450
辣椒乾,444
板豆腐,431
牡蠣,429
鹹鴨蛋,425
柳橙,416
麥芽,415
迷迭香,404
山藥,403
雞翅,386
鬆餅粉,385
豬里肌,383
抹茶粉,380
生菜沙拉,379
檸檬皮,373
醬汁,372
牛肉片,371
麝香草,371
蔓越莓,365
芝麻醬,359
在來米粉,343
鯛魚,342
肉桂,342
薄荷葉,340
果糖,339
奶水,336
紅茶,336
豆漿,333
絲瓜,332
番茄,332
麵糰,328
肉燥,325
魷魚,324
豬梅花肉,321
腐皮,319
白菇,316
七味粉,314
藍莓,309
蘭姆酒,308
水煮蛋,305
和風醬,304
米粉,303
醬油露,299
帕馬森起司,296
荸薺,295
麵包,288
燕麥,287
香料,286
豆腐乳,281
蒟蒻,273
當歸藥包,272
皮蛋,270
柳橙汁,268
栗子,268
堅果,267
水果,265
烹大師,265
蔬菜,261
拉麵,258
水餃皮,252
松子仁,249
甘草,247
牛絞肉,245
酸菜,237
牛蒡,236
豬肉醬,232
花生醬,231
消化餅乾,230
鰹魚,230
烤肉醬,228
紅糟,227
冰淇淋,226
鮮味炒手,225
小茴香,225
甜麵醬,225
熱狗,223
全麥麵粉,222
蟹肉棒,221
薄鹽醬,221
肉鬆,219
披薩,219
菜脯,218
蘿蔓萵苣,217
梗米,214
花生粉,210
毛豆,209
厚片吐司,208
麵線,207
香茅,205
冬瓜,202
酥皮,200
豬肋排,200
火鍋料,200
櫻桃,199
魚高湯,197
油麵,197
筍乾,195
香草粉,194
秋葵,194
麵糊,192
香蒜粉,192
筊白筍,192
烏龍麵,191
黃瓜,190
蛋糕,189
清酒,188
鱈魚,187
小卷,187
橄欖,187
XO醬,186
生抽,186
空心菜,185
百香果,184
米油,182
吻仔魚,181
桃子,181
黃耆,180
糖漿,179
秀珍菇,179
黃芥末醬,179
醬瓜,176
香鬆,175
綠竹筍,174
豌豆芽,174
櫻花蝦,174
布丁,174
果醋,173
丁香,172
綠豆,171
棒棒腿,171
蓮子,170
薏仁,166
塔皮,165
龍眼乾,165
魚板,165
甜豆,165
蓮藕,165
柚子,164
高梁酒,163
甜辣醬,163
炸醬,162
巧克力醬,162
酒釀,162
椰粉,161
萵苣,161
牛排,161
梨子,161
紅豆餡,161
海鮮,160
雞腿排,160
湯圓,159
陳皮,158
節瓜,158
牛腱,157
萊姆,157
壽司,157
楓糖,156
豬腳,156
牛腩,154
橘子,154
白蘭地,153
馬茲拉起司,152
五花豬肉片,151
香菇精,151
酪梨,148
諾鈣C發泡錠,147
松阪豬,146
蝦皮,146
塔塔粉,146
牛肋排,145
豬瘦肉,144
餅乾,144
油豆腐,144
汽水,143
鱸魚,143
白醬,142
魚漿,142
壽喜燒,142
紫蘇,141
綿花糖,140
隔夜飯,140
三色蔬菜,138
葡萄,138
糙米,138
蛋豆腐,137
柴魚,136
泡麵,136
金桔,136
腰果,135
綠茶,133
金針花,131
臘腸,131
卡士達粉,131
豬排,130
優酪乳,130
檸檬葉,130
紫米,129
龍眼,128
梅子,128
混合菇,128
覆盆子,126
黃豆,126
咖哩醬,126
虱目魚,126
蟹肉,123
梅花肉片,123
炸粉,123
蟹腳,121
法國麵包,121
魚丸,121
話梅,121
黑芝麻粉,120
小魚乾,120
洋菜粉,119
餛飩皮,119
酸奶油,117
雞骨,117
荳蔻粉,117
酸辣醬,116
青木瓜,116
孜然,116
,115
豬大腸,115
啤酒,113
奧勒岡,113
義大利醬,112
青醬,112
豬後腿肉,111
茶葉,111
樹子,110
韭菜花,110
水餃,110
黑豆,109
苜蓿芽,109
酸豆,109
魚卵,109
黃豆芽,109
酥油,108
鮮雞晶,108
玫瑰花,107
伍斯特醬,107
羊肉,106
鯖魚,105
豬骨,105
白花椰菜,105
螃蟹,105
草菇,105
白木耳,105
叉燒肉,105
豬里肌肉片,104
椰糖,104
洛神花,104
豆沙,104
油條,104
老抽,102
蔘鬚,102
麥粉,102
牛小排,102
鰻魚,101
鴨血,101
草果,101
紫洋蔥,101
梅醬,100
吉利T,99
豆包,99
銀杏,98
牛菲力,97
紅醬,97
鮮味露,96
桂枝,96
貢丸,96
粉圓,96
紅酒醋,95
川芎,95
春捲皮,93
酸黃瓜,93
瑪斯卡彭起司,93
南瓜子,93
去筋麵粉,93
牛肉絲,92
甜不辣,92
鯷魚,91
羊肉片,91
九孔,91
Oreo餅乾,90
果乾,90
香樁,89
蕃茄糊,89
蘿蔔糕,88
年糕,88
榨菜,87
紫蘇梅,87
糖水,86
裝飾糖粒,86
豬里肌肉排,86
茼蒿,86
蒜酥,86
臭豆腐,85
樹薯,85
餅皮,85
咖啡酒,84
雞里肌肉,84
蝦醬,84
沙薑,84
竹籤,84
預拌粉,83
火龍果,82
可爾必思,81
梅子粉,81
仙草,80
鴨,79
黑棗,79
麻糬,79
鴨胸,79
穀片,79
豬肝,79
大芥菜,79
雞腳,78
山葵,78
通心粉,78
鬱金粉,78
鵪鶉蛋,77
豬胛心肉,77
巧克力米,77
橙酒,76
松露,76
榛果,75
嫩精,75
玉米醬,74
魚餃,74
雲吞,74
甜菜,74
米血,73
肥膘,73
粄條,72
素火腿,72
臘肉,72
甘藷葉,71
白酒醋,71
蕃茄汁,70
蜜餞,70
柳松菇,70
蛋皮,69
色素,69
養樂多,69
莓醬,69
雪裡紅,69
豆蔻,69
饅頭,68
水麥芽,68
烏骨雞肉,68
陽春麵,67
西谷米,67
海藻,67
苦茶油,67
抹茶,67
葡萄柚,66
小麥,66
舞菇,65
豆渣,65
丁香魚,65
糖果,65
芥蘭菜,65
比目魚,65
梅菜,65
雞丁,65
粥,64
沙朗牛排,64
起酥片,64
蔥油,64
紅油,64
藕粉,64
烏龍茶,64
河粉,63
黃豆醬,63
改良劑,63
黃豆粉,63
果膠,63
其他配菜,63
石斑魚,62
素高湯,62
黃魚,62
油醋,61
桑葚,61
蹄膀,61
葵瓜子,61
山芹菜,61
海綿蛋糕,61
海菜,61
冷凍蔬菜,61
麻辣鍋底,60
橙皮,60
紫高麗菜,60
豬皮,60
小米,60
旗魚,60
羊排,59
貝果,59
梅子汁,58
果汁,58
炸雞,57
乳化劑,57
果泥,57
海參,57
油蔥,56
肉餡,56
芭樂,55
鮑魚,55
漢堡麵包,55
鮑魚菇,55
芋泥,55
巧克磚,55
五香豆,55
照燒醬,54
卡士達醬,54
大麥,54
哈密瓜,54
蕎麥麵,54
雞柳,54
切達起司,54
百合,54
豬肉丁,53
蘑菇醬,53
紅色色素,53
雞精,53
鷹嘴豆,53
木瓜,53
茶包,53
桂花,52
糯米醋,52
糖醋醬,52
章魚,52
西瓜,52
粉蒸肉粉,51
玉米脆片,51
荷葉,51
蔥油餅,51
人蔘,51
豆酥碎,51
百頁豆腐,50
薰衣草,50
瓠瓜,50
焗烤起司,50
沙拉筍塊,50
豬肚,50
豇豆,50
素肉,49
明太子,49
手指餅乾,49
奶油白醬,49
海瓜子,49
番紅花,49
香醋,48
龍蝦,48
鹽麴,48
米霖,48
吳郭魚,47
脆漿粉,47
牛骨,47
鴨肉,47
蜆,47
草魚,47
雞胗,46
番石榴,46
秋刀魚,46
奶茶,46
熟地,46
大頭菜,46
燻雞,46
焦糖,45
薤,45
牙籤,45
洋菜,45
意麵,45
紅糟醬,45
莧菜,45
胚芽,45
鯧魚,45
雞肉絲,45
冬菜,44
香魚,44
甘蔗,44
乳瑪琳,44
千島醬,44
淮山,44
魚皮,43
A菜,43
福菜,43
開心果,43
剉冰,43
螺肉,43
豬肉條,43
海山醬,42
滷蛋,42
湯種,42
竹笙,42
夏威夷豆,42
鋁箔紙,42
蟳,42
炒飯,42
焦糖醬,41
椰子,41
竹輪,41
凍豆腐,41
康寶濃湯,41
牛筋,41
奶精,41
豬大腸頭,41
軟絲仔,41
漢堡,40
龍鬚菜,40
雞蛋麵,40
莓果,40
桂竹筍,40
壽喜燒醬,40
保鮮膜,40
豆花,40
烏魚子,39
杏桃,39
大陸妹,39
牛五花肉,39
蕎麥,39
娃娃菜,39
棉繩,38
九陽豆漿機,38
豬腱子肉,38
土魠魚,38
魚肚,38
甘草粉,37
三明治,37
蘋果汁,37
麻竹筍,37
米豆,37
鹹豬肉,37
牛肚,37
蘇打餅,36
扇貝,36
雞油,36
黃薑粉,36
凱薩醬,36
荔枝,36
蝦卵,36
泡菜汁,36
青蘋果,36
鳳梨汁,36
藥燉包,35
蝦餃,35
黨參,35
清湯,34
粿,34
威士忌,34
雞軟骨,34
牛肉湯,34
鴨腿,34
脆梅,34
熟蛋,34
豬血,34
五味醬,33
肝腸,33
鮭魚卵,33
出汁,33
雞心,33
高梁,33
魚鬆,33
棗子,33
菊花,32
荷蘭豆,32
桂花醬,32
調味粉包,32
檸檬酸,32
菱角,32
胡麻醬,32
蝦夷蔥,32
脆瓜,32
桔醬,32
鴨賞,31
奶酥,31
秈米,31
百香果汁,31
關東煮,31
蒔蘿,31
腓力牛排,31
濃湯粉,31
鹽水,31
肉羹,30
多利魚,30
腰子,30
發酵粉,30
綠豆沙,30
肥豬肉,30
寒天粉,30
脆酥粉,30
一夜干,30
莓果乾,30
雞絞肉,30
滷味,29
雜糧,29
豬耳朵,29
番茄汁,29
雞塊,29
鯊魚,29
戚風蛋糕,29
柳葉魚,29
鴨蛋,29
披薩皮,28
田雞,28
三杯醬,28
亞麻籽,28
醃肉,28
芥藍菜,28
藜麥,28
鴨頭,28
莎莎醬,28
箭竹筍,27
車輪餅,27
香精,27
子排,27
雞排,27
鹹菜,27
蘆薈,27
鹹魚,26
蛋黃醬,26
魚翅,26
花豆,26
猴頭菇,26
蟹黃,26
酒糖液,26
巧克力餅乾,26
黑糯米,26
鼠尾草,26
可麗餅,26
豆輪,25
滷肉,25
米椒,25
可可豆,25
果粒,25
蒜花,25
椰子汁,25
七葉蘭,24
韓國年糕,24
髮菜,24
海蝦,24
軟糖,24
素沙茶醬,24
Dowai全營養萃取鍋,24
豉油,24
蔬菜麵,24
寒天,24
TABASCO,24
珊瑚菇,24
丁香粉,23
豆薯,23
銀耳,23
香草醬,23
南瓜籽,23
法國麵粉,23
乾蔥頭,23
大骨湯,23
蛋白粉,23
豬蹄筋,23
過溝菜,23
菜心,23
咖啡豆,23
魴魚,23
白扁豆,23
泡芙,22
濃湯塊,22
大理石片,22
肉丸,22
拌飯粉,22
油魚,22
魚蛋,22
放山雞,22
蝦泥,22
蘇梅汁,22
無花果,22
鬱金香,22
脆片,22
海蜇皮,22
牛脂,22
綜合豆,22
奇亞籽,22
春雞,22
粉皮,21
蒜蓉醬,21
奶球,21
水菜,21
白表,21
素雞,21
原味燒餅,21
貝禮詩奶酒,21
油菜,21
柿子,21
米苔目,21
鵝油,21
芋圓,21
楊桃,21
豬尾巴,21
醃料包,21
麵衣,20
泰式酸辣湯塊,20
錫箔紙,20
中東麵餅,20
芒果汁,20
素香鬆,20
柑桔,20
魚湯,20
萊姆汁,20
棉布袋,20
羅漢果,20
控肉,20
馬蹄粉,20
茵蔯蒿,20
烏魚,20
西米露,20
火雞肉,20
綠橄欖,20
寧波年糕,20
紅糯米,19
洋芋片,19
蓮霧,19
愛玉,19
義大利甜醋,19
A1醬,19
蒜味醬,19
甘露子,19
玉竹,19
鯽魚,19
水蓮菜,19
粽葉,19
黑輪,19
黃色色素,18
生魚片,18
山蘇菜,18
片糖,18
稜角絲瓜,18
海鮮醬,18
苜宿芽,18
美人心,18
乾果,18
冬瓜茶,18
烤麩,18
魚醬,18
亞麻子,18
魚下巴,18
帶魚,18
鰱魚,18
鬆餅,18
牛肝,18
椰絲,18
葡萄醋,18
豬皮凍,17
雞肝,17
魚頭,17
蛋絲,17
紫萵苣,17
天婦羅,17
諾鈣Ｃ,17
豬心,17
沙嗲醬,17
烤雞,17
玫瑰露,17
酵素,17
香筍,17
葡萄柚汁,17
氣泡酒,17
烹大師堅魚風味,17
棗泥,17
菇,17
山楂,17
茶汁,16
綿白糖,16
帝王蟹,16
瑞可達起司,16
鵝肉,16
和風碳烤粉,16
蓮茸,16
嘴邊肉,16
李子,16
伏特加,16
魷魚絲,16
桔皮,16
烘焙紙,16
海珊瑚,16
梅醋,16
塔塔醬,16
芥菜,16
菌菇,16
印度香料,16
調味,16
酸辣湯塊,16
土司邊,16
肉排,16
醃漬梅,15
紅豆湯,15
三點蟹,15
飯團,15
杜仲,15
當歸,15
排骨湯塊,15
干絲,15
紅鳳菜,15
膳纖熟飯,15
甜桃,15
黑醬,15
肉,15
大亨堡,15
擠花袋,15
茯苓,15
餐包,15
牛雜,15
香草籽,15
芒果乾,14
蘿蔔葉,14
雞蓉,14
柿餅,14
海鱺,14
蔗糖,14
刀削麵,14
新鮮,14
胚芽米,14
櫻花,14
杏仁露,14
烏梅,14
麥芽精,14
九尾草,14
寬冬粉,14
豬小腸,14
蝦油,14
飲氧品,14
燒鴨,14
綜合丸,14
包子,14
肉汁,14
佛手瓜,14
綠捲鬚,14
果凍,14
鱔魚,14
葛粉,14
雞醬,14
牛里肌,14
厚蛋燒,14
花瓣,14
滷牛腱,14
酸辣湯包,14
馬告,13
四物藥包,13
藍苺,13
石榴汁,13
伍仔魚,13
塑膠袋,13
黃金珠,13
糖花,13
墨魚醬,13
豬舌,13
雞絲麵,13
何首烏,13
紅醋栗,13
魚骨,13
羅勒子,13
甜豌豆,13
玻璃紙,13
香瓜,13
魚子醬,13
酸甜醬,13
韓式煎餅粉,13
醋栗,13
九陽紫砂煲,13
芡實,13
阿摩尼亞,13
地瓜圓,13
燒肉,13
可頌,12
鵝肝醬,12
龍骨,12
洋火腿,12
鯉魚,12
鴨肉條,12
薯條,12
芽菜,12
胡蘿蔔汁,12
牛肝菌,12
深綠色蔬菜,12
鍋粑,12
夾心餅乾,12
羊起司,12
竹葉,12
牛尾,12
麵疙瘩,12
雞酒,12
西式香料,12
宮保醬,12
大阪燒醬汁,12
抓餅,12
龍舌蘭蜜,12
牛後腿肉,12
鴨翅膀,12
發糕粉,12
素麵,12
黑麥,12
蛤蜊湯塊,12
綠藻,12
羊腩,12
米紙,12
蛋黃粉,12
大閘蟹,12
薯餅,12
香辣粉,12
豆子,11
車蝦,11
田螺,11
鴨腸,11
打拋醬,11
金銀花,11
魷魚乾,11
紫糯米,11
嫩肉粉,11
蜜漬橙皮丁,11
豆花粉,11
肋眼牛排,11
脆迪酥,11
胚芽米飯,11
牛心,11
魷魚嘴,11
金桔汁,11
韭蔥,11
芡水,11
皮絲,11
仙楂,11
竹炭粉,11
蒸肉粉,11
Q梅,11
牛肩肉,11
玻璃瓶,11
四神湯,11
椰子粉,11
紅醋,11
珍珠米,11
蝦殼,10
胛心排,10
象牙鳳螺,10
香菜根,10
串燒醬,10
青龍辣椒,10
蝦頭,10
沾醬,10
白斬雞,10
牛奶糖,10
巴西蘑菇,10
柱侯醬,10
潤餅皮,10
天山華翠菇,10
蜜之果,10
酪漿,10
大豆卵磷脂,10
海膽,10
味增醬,10
發芽米,10
芝麻菜,10
鴨胗,10
納豆,10
琴酒,10
豬腸,10
乾瓢,10
雞汁,10
雪花牛肉,10
奶泡,10
玉子燒,10
百草粉,10
蘭花干,10
米線,10
彩色糖珠,10
翻車魚,10
雞蛋糕粉,10
棉線,10
滷水,10
落葵,10
橘子汁,10
蝦丸,10
長柄湯匙,10
糯米紙,9
綠豆粉,9
金粉,9
針菇罐頭,9
鬼頭刀,9
半天筍,9
紅魚,9
愛玉子,9
素肚,9
紅扁豆,9
拌飯料,9
羊肉爐,9
白蒜,9
起司腸,9
紅露酒,9
決明子,9
珍珠菇,9
紐約克牛排,9
桔餅,9
情人果,9
西葫蘆,9
石蓮花,9
酸豆角,9
馬頭魚,9
白雪菇,9
紅燒湯底,9
抹茶餡,9
軟殼蟹,9
胡蘿蔔花,9
辣椒水,9
氣泡水,9
保久乳,9
炸魚,9
八寶粥,9
紅麴米,9
白魚,9
腸衣,9
魚酥,9
刺鯧,9
松茸菇,9
土芹菜,9
茉莉,9
長竹籤,9
薏米,9
新竹米粉,9
苦苣,9
茶梅,9
水果罐頭,9
銀魚,9
魚粉,9
方形微波容器,9
花旗蔘,9
茶葉蛋,9
千層派,8
雞腸,8
粉漿,8
蝦漿,8
柚子茶,8
鴨腳,8
鵲豆,8
煎餅,8
竹莢魚,8
鵝胸肉,8
五月花妙用廚紙,8
剩菜,8
古斯米,8
鴨舌頭,8
刈包,8
魚香醬,8
銀粉,8
辣拌醬,8
蔬果粉,8
食用鹼,8
日本南瓜,8
椰果,8
烤鴨片,8
靈芝,8
花生糖,8
彩米,8
打拋葉,8
章魚燒,8
翡翠,8
紅藻,8
沙拉米,8
桂花釀茶包,8
棉花糖,8
牛肉丸子,8
溫度計,8
瓜子?,8
冰魚,8
燒賣皮,8
半雞,8
滷元蹄,8
醬料包,8
藥燉排骨湯,8
酒水,8
青花椰苗,8
雞皮,8
米漿,8
BB醬,8
竹筴魚,8
墨西哥香料,8
舒潔威象廚房紙巾,8
水晶餃,8
甘蔗汁,8
葡萄汁,8
果汁機,8
庫司庫司,8
十全藥包,8
元宵,8
紅薏仁,8
綿繩,8
午餐肉,8
杭菊,8
貝芽菜,8
千張,7
冰梅,7
豆棗,7
溪蝦,7
蛋餅,7
鋼杯,7
科學麵,7
紅目鰱,7
黑豆瓣醬,7
蘇打水,7
燒酒,7
茅根,7
穀粉,7
炒蛋,7
大麥仁,7
桑葉,7
全麥,7
蔬菜粉,7
中藥材,7
龍葵,7
榴槤,7
冬蟲夏草,7
客家豆醬,7
烤肉片,7
熟蝦,7
紅腰豆,7
油包,7
珠貝,7
白芍,7
牛舌,7
魚乾,7
米果,7
加州李,7
鮮美鍋汁,7
小薏仁,7
蜜汁醬,7
草繩,7
日本油菜,7
烏蔘,7
豆酥醬,7
豆瓣菜,7
班尼迪克蛋,7
廚房紙巾,7
萊豆,7
鵝肝,7
杏桃醬,7
九陽智慧全能鍋,7
蔥蒜,7
肝醬,7
肩胛小排,7
蝦粉,7
米香,7
油蔥萬用醬,6
雞米花,6
美味濃湯,6
班蘭葉,6
鈕扣菇,6
白玉,6
豬肉塊,6
餅乾粉,6
鴿蛋,6
茄汁炒飯,6
醬色,6
肉塊,6
圓餅,6
方糖,6
蝦湯,6
魚柳,6
好菇道,6
玉米油,6
金茸,6
速酵,6
香蕉葉,6
配方奶,6
泡菜鍋,6
銅鑼燒,6
燻肉,6
白報紙,6
雞卷,6
蕺菜,6
香菇頭,6
糖色,6
鹽焗雞香料粉,6
川七,6
紅甘魚,6
菇菇,6
清蒸汁,6
奶香粉,6
甘梅,6
豚骨湯塊,6
天婦羅沾醬,6
玻璃容器,6
墨西哥餅皮,6
豉汁,6
蛇瓜,6
白乳酪,6
糖漬橙片,6
糖心蛋,6
蛋塔,6
竹簾,6
楊莓,6
肉捲,6
甜甜圈,6
芝麻豆腐,6
捲鬚生菜,6
海膽醬,6
咖喱醬,6
馬鞭草,6
鮮味粉,6
冷泡茶,6
鳴戶卷,6
白菜心,6
蝦餅,6
甜菊,6
蒸籠,6
蜂蜜水,6
甜筒,6
竹小町,6
燉飯米,6
蛋殼,6
乳酸菌粉,6
雜糧麵包,6
格呂耶爾起司,6
豆枝,6
紅花,5
玻璃罐,5
黑糖塊,5
薯泥,5
珍菇,5
中式麵餅,5
白蔭油,5
紅燒肉,5
羽衣甘藍,5
蔬菜汁,5
海鰻,5
威化餅乾,5
生腸,5
鵝掌,5
腿翅,5
龍舌蘭酒,5
櫻桃汁,5
鹼水,5
粽繩,5
Parsley,5
大葉,5
葡萄糖漿,5
紫羅蘭粉,5
花果茶粒,5
新北市健康三寶,5
西洋參,5
咖哩葉,5
沙丁魚,5
意大利粉,5
小湯匙,5
五月花妙用廚房紙巾,5
桂花糖,5
燒酒雞藥包,5
蒜香黑糊椒醬,5
沙蔘,5
夾鏈袋,5
花茶包,5
臻果巧可力醬,5
紅條魚,5
海燕窩,5
葡萄糖,5
蜜桃汁,5
刺蔥粉,5
膏蟹,5
玉米餅,5
燒雞醬,5
蘋果醬,5
膳魔師達人原味平底鍋,5
烤紙,5
黃金菇,5
滷湯,5
雞屁股,5
菜薊,5
鱈寶,5
蔬菜湯,5
羊里肌肉,5
潛水艇堡,5
檸檬酪,5
翡翠椒,5
木瓜粉,5
豬軟骨排,5
肉干,5
蘋果酒,5
烏梅汁,5
螺,5
艾草,5
甘納許,5
食用水,5
綠金針,5
塔模,5
纖維粉,5
鴨腿肉,5
雞睪丸,5
魚油,5
法式香料,5
糯米飯,5
川貝,5
芫荽子,5
湯匙,5
孟宗竹筍,5
珠雞,5
蘭花蚌,5
牧師米,5
地瓜片,5
油菜花,5
真姬菇,5
蛋奶醬,5
中,5
油飯,5
蒜蓉蔥油膏,5
醃味料,5
普洱茶,5
雪蓮,5
冰磚,5
黑莓,4
白酒麴,4
春捲醬,4
土虱魚,4
膨皮,4
粽,4
清湯底,4
舞茸,4
橘子醬,4
紹興,4
年糕醬,4
發酵種,4
米糕,4
海鮮塊,4
鼠麴,4
烤雞腿,4
打蛋器,4
南非國寶茶,4
煎餃,4
天麻,4
莓果粉,4
炸大蝦,4
水茄,4
碳酸氫銨,4
白芷,4
紅毛丹,4
西班牙辣腸,4
糖鹽,4
鍋餅,4
甘梅粉,4
奶油湯,4
樂扣樂扣圓形保鮮盒,4
五榖粒,4
羊大骨,4
蚵仔白菜,4
柱候醬,4
豆仔魚,4
刺柏,4
濃縮奶,4
炒鍋,4
怪味醬,4
福袋,4
穀粒,4
壽喜菇,4
椰纖粉,4
醬菜,4
蜜豆,4
破布子湯汁,4
泡椒,4
桑葚汁,4
滿福堡,4
酸梅湯,4
脆餅,4
紹興梅,4
海蘆筍,4
硫酸鋁納,4
茅屋起司,4
冷凍,4
Baking Powder,4
破布籽,4
麻吉皮,4
蒜味粉,4
海鮮濃湯,4
津白,4
布朗尼,4
麥芽糖,4
粉紅色著色劑,4
鴨肝,4
糕仔粉,4
茉莉花,4
英國伍斯塔醬,4
勾芡,4
樹豆,4
吉利Ｔ,4
寶塔花菜,4
蕃紅花粉,4
浙醋,4
心型模型,4
磨豆機,4
銅鑼燒粉,4
酒麴,4
葫蘆,4
青杞,4
蛋炒飯,4
石膏粉,4
甜塔皮,4
醬筍,4
蠑螺,4
洛神醬,4
其他配料,4
麥片,4
白北魚,4
巧克力糖,4
莫佐瑞拉起司,4
蚌殼,4
蒲公英,4
水米杯,4
粉腸,4
烤盤,4
小黃皮,4
羊腿,4
羊腱,4
春風家用紙巾,4
蛇舌草,4
鹹肉,4
蝶豆藍花,4
芋莖,4
丹貝,4
鱉,4
紅燒汁,4
蝦排,4
白靈菇,4
酸辣羹湯,4
韓國大醬,4
九陽料理奇機,4
北耆,4
牛肉火腿,4
乾燒醬,4
代糖,4
電鍋,4
甘醋,4
混合生豆,4
洋甘菊,4
依士粉,4
瓜子,4
保潔膜,4
椰棗,4
威化紙,4
燒賣,4
小黃魚,4
抹茶醬,4
英式馬芬,4
揚丸,4
肝連肉,4
趖,4
素豆腸,4
燒雞,3
黃芪,3
8-9 inch 寸烤派盤,3
冰皮粉,3
檸檬茶,3
鹽滷石膏,3
三絲丸,3
悶燒鍋,3
葉綠素,3
辣根,3
巧巴達,3
世蒲鉾,3
香蕉油,3
鑄鐵鍋,3
月餅,3
蛋黃果,3
印度Q餅,3
Dowai氣炸鍋,3
甘藍芽,3
蝦球,3
攪拌匙,3
輕煮汁,3
桂花香料,3
裝飾品,3
肚片,3
山核桃,3
魔帶,3
生菜沙拉葉,3
月桃葉,3
鱈場蟹,3
手沖壺,3
彩色餐巾紙,3
烤餅,3
薄荷糖漿,3
筍醬,3
濕布,3
蛋捲糊,3
黃花蜜菜,3
膳魔師達人原味湯鍋,3
麥茶,3
荷蘭醬,3
表面裝飾,3
金萱茶,3
夏枯草,3
咸豐草,3
桔梗,3
雜豆,3
龍蒿,3
剪刀,3
法式酸奶,3
枇杷,3
香草雞,3
藥燉湯底,3
耐熱玻璃保鮮盤保鮮盤,3
角椒,3
益母草,3
蓮花,3
百頁結,3
鴨脖子,3
便當,3
甘拿許,3
寶石魚,3
蔥蛋,3
蘆筍汁,3
蔘茶包,3
八吋活動模,3
雞蛋粉,3
CREAM CHEESE,3
壽喜醬,3
澎大海,3
大醬,3
馬卡龍餅,3
冬陰功,3
冷凍袋,3
鴨柳,3
方型烤盤,3
鱘龍魚,3
茉莉花茶,3
芡汁,3
可樂果,3
粉心粉,3
蝦捲,3
春風三層超厚手家用紙巾,3
模型,3
卡非醬,3
八珍中藥包,3
膳魔師時尚享瘦鍋,3
提拉米蘇慕斯粉,3
素獅子頭,3
三七,3
竹串,3
乾酪粉,3
蠔醬,3
豬脆管,3
素丸子,3
義式肉腸,3
蛤蜊湯,3
羊奶,3
麵片,3
埔里米粉,3
鹽蛋,3
馬芬堡,3
蕃茄沙司,3
金線蓮,3
南瓜皮,3
黃雞魚,3
玫瑰花茶,3
法式黃金清湯,3
吉立丁片,3
杯子,3
蛋鬆,3
黃米,3
明太子醬,3
蒜花生碎,3
啤酒酵母,3
吉利Ｔ粉,3
vanilla extract,3
麻婆豆腐淋醬,3
比利時咖啡壺,3
藍起司,3
鵪鶉,3
酒精燈,3
葉子,3
真空燜燒罐,3
叻沙醬,3
烤箱,3
銀絲卷,3
鵝腿肉,3
香柚皮,3
綠色色素,3
醬油飯,3
大紅袍,3
甜桃果泥,3
芍藥,3
紅葉萵苣,3
荊芥,3
醬,3
慕斯粉,3
白豆醬,3
豆簽,3
扁尖筍,3
雞湯罐頭,3
金平醬,3
酒糟,3
白拌醬,3
牛膝,3
烘培紙,3
小碟子,3
板藍根,3
帕達諾起司,3
蘆根,3
海鮮粉,3
計時器,3
紗布,3
茶,3
馬郁蘭,3
鰤魚,3
罌粟籽,3
亞達子,3
龍利魚,3
花果茶,3
克林姆餡,3
酸橙醋,3
地黃,3
飯友,3
樂扣樂扣方形保鮮盒,3
綠豆湯,3
發糕,3
苦精,3
鰈魚,3
麥麩,3
麥門冬,3
調味蔬菜,3
涼筍,3
阿華田,3
獅子頭,3
食物處理機,3
板腱肉,3
南乳汁,3
罌粟籽粉,3
麥角,3
紅燒茄汁湯,3
牛臀肉,3
荔枝汁,3
濃縮乳酸飲料,3
虹吸式咖啡壺,3
烤模大小,3
吸管,3
鮮蔬,3
小羔羊排,3
酸枳醬,3
麻婆醬,3
香糟露,3
6吋圓模,3
濾紙,3
烤鴨醬,3
燻雞片,3
紅趜醬,3
雪克杯,3
醃肉調味粉,3
蔬菜素凍,3
藥燉排骨藥包,3
中藥酒汁,3
蒜水,3
紅捲鬚,3
白玉粉,3
鵝腸,3
焗烤盤,3
紅燒扣肉,3
素鰻,3
親子丼醬,3
金線魚,3
菇蕈,3
爆米花玉米,3
TPT,3
大餅,3
鱒魚,3
丸子類,3
赤宗魚,3
四破魚,3
模具,3
魚雜,3
光鴨,3
素腰花,3
蜜世界,3
肯瓊粉,3
凸皮麵,3
紫菜湯包,3
冰棒棍,2
丹麥小西餅,2
金眼鯛,2
攤餅,2
普羅旺斯燉菜,2
雞血,2
陶杯9cm,2
芋角,2
攪拌棒,2
含片,2
義大利餃,2
紙杯烤模,2
桂冠日式小火鍋,2
爆米花,2
蝦肉丁,2
馬祖老酒,2
紫米粥,2
料理紙,2
筷子,2
蚌蘭,2
滷牛筋,2
紅蒲鉾,2
黃桃,2
瑞士捲,2
碗公,2
地 瓜 粉,2
噴槍,2
平底鍋,2
油鍋,2
青粉,2
炒油,2
醃漬破朴子,2
楊桃汁,2
波菜汁,2
慕斯杯,2
西梅乾,2
香樁醬,2
麻吉燒,2
黑豆粉,2
左手香,2
刀,2
波士頓萵苣,2
烤盤紙,2
小吸管,2
飛刀,2
冬瓜皮,2
刷子,2
大黃,2
快鍋,2
洋車前子,2
酵種,2
豆醬醃床,2
艾草粉,2
羊羹,2
野櫻莓汁,2
青草茶,2
欖仁葉,2
棕繩,2
小麥啤酒,2
碗,2
鹽膚木,2
三寶粉,2
葛縷子,2
青星九刺鮨,2
乾燥,2
dowai全營養萃取鍋,2
果茸,2
雞蛋殼,2
法棍切片,2
橙橘,2
蠶豆酥,2
波蘿蜜,2
老乾媽,2
油揚,2
歐防風,2
蝦仁乾,2
姜泥,2
明太子調理包,2
豉椒醬,2
車前草,2
義式花香醬,2
光餅,2
紅罌栗泥,2
布蕾粉,2
黃金炒飯,2
烈酒,2
高 湯,2
毛蟹,2
鐵蛋,2
瘦肉丁,2
碰皮麵,2
芥子油,2
魚滑,2
柚庵醬,2
摩堤釜鍋IH智慧感應爐,2
淡竹葉,2
膳魔師養生壺,2
湯塊,2
黑珍菇,2
紫色色素,2
茴香酒,2
紙杯,2
牛豬混碎肉,2
橡皮刮刀,2
香酒汁,2
菜乾,2
?蝦蛄,2
葛鬱金粉,2
鳳尾草,2
小鋁杯,2
貝爾佩斯起司,2
柿乾,2
五寶果,2
辣 椒 粉,2
RDF禾法頌尼斯燉菜,2
噴水,2
老虎醬,2
諾鈣ｃ,2
氣炸鍋,2
石頭火鍋湯汁,2
桂花露,2
保羅瓶,2
綠色色膏,2
酸種,2
中濃醬,2
玫瑰花醬,2
原味,2
燕麥飯,2
素菜酥,2
脆皖魚,2
食用級竹炭粉,2
五彩辣椒,2
彩色蔬菜,2
蘭勃舵魚,2
丸類,2
小圓形慕斯模,2
液熊油,2
鍋子,2
湯排,2
叉子,2
竹筒,2
墨西哥醬,2
樂扣樂扣長形保鮮盒,2
果漿,2
紫羅蘭,2
核桃糕,2
荔枝蜜,2
魚餅,2
無子葡萄,2
香草籽醬,2
,2
櫻桃派,2
高山茶,2
罐頭,2
素排,2
雪利酒,2
手卷,2
紅鞠粉,2
Rice Krispies,2
素湯頭,2
什穀雜糧,2
竹牙籤,2
黃色,2
青花椒,2
黃醬,2
半自動義式咖啡機,2
牛軋糖,2
伍仁果,2
洛神茶,2
打火機,2
蒔蘿粉,2
煙燻料,2
香酸汁,2
醬包,2
卡門貝爾起司,2
羊肚,2
罐裝蜜桃,2
costco,2
柿種,2
木糖醇,2
五加皮,2
烤牛肉片,2
摩卡醬,2
墨魚汁,2
不銹鋼拉花杯,2
春捲魚水,2
鮑片,2
寡糖,2
新鮮莫扎瑞拉起司,2
9吋派盤,2
十穀粉,2
日式年糕,2
容器,2
基底青茶,2
日本茶,2
沾板,2
炸皮,2
糙米麩,2
鹽漬紅鮭,2
木棒,2
無鹽,2
原味對切,2
調味汁,2
示範,2
馬芬紙杯,2
穀盛,2
波浪刀,2
泰式涼拌醬,2
黑龍炒醬,2
綜合穀麥片,2
吞拿魚罐頭,2
鴿肉,2
卡夫奇妙醬,2
京醬牛肉炒醬,2
好水,2
辣腸,2
蝴蝶餅,2
白紙,2
素蛋粉,2
麻婆豆腐燴飯,2
摩堤鑄鐵釜鍋,2
沙嗲粉,2
全營養萃取鍋,2
雞脾菇,2
橘椒,2
陳紹,2
曇花,2
本菇,2
小菜,2
蒸籠布,2
橙花水,2
火鍋粉,2
咖哩雞丁,2
鴨油,2
黑豆芽,2
竹碳粉,2
糙米粥,2
炸豆腐,2
武林菜,2
美祿,2
蘿蔔花,2
茶凍粉,2
胡 椒 粉,2
烤培紙,2
香蘋茶,2
玫瑰花粉,2
蘋果派,2
龍舌蘭,2
芒 果,2
伏苓,2
威寶製冰淇淋機,2
澱粉,2
份量,2
蝦味先,2
麻婆豆腐,2
純喫茶,2
蕨粉,2
雞腿菇,2
重物,2
墨西哥捲餅,2
羊奶頭,2
配料,2
重石,2
牛腰,2
保鮮盒,2
8吋派模,2
酒粕,2
Baking Soda,2
釋迦,2
Oregano,2
脆圓,2
素方餅,2
甜菜汁,2
茶碗蒸,2
紅龍果泥,2
竹蒸籠,2
8吋派盤,2
焗薯,2
諾鈣 C,2
砂鍋,2
二層肉,2
鹽糖,2
土佐醋,2
栗子菇,2
焦糖脆餅,2
五爪金英,2
鍋,2
OSTER多功能調理機,2
草苺粉,2
海蜇頭,2
肉泥,2
枇杷膏,2
欖角,2
蒸煮麵,2
凍水,2
君橙酒,2
Chicken seasoning,2
芥菜梗,2
鴨心,2
豬肺,2
刀子,2
通寧水,2
焦糖片,2
花魚,2
魚菲力,2
HP醬,2
青衣魚,2
貓耳朵,2
小吉魚,2
連翹,2
豆酥,2
紫薯粉,2
燉牛肉,2
龍鳳果,2
燕麥粥,2
紗布袋,2
粟米湯,2
沙茶湯底,2
葛根,2
藍藻粉,2
香柚醬,2
乾粽葉,2
黃色色膏,2
紅潤釀,2
不沾平底鍋,2
包心芥菜,2
肉類,2
不沾鍋,2
蔬菜湯塊,2
蝦片,2
接骨木花,2
椪餅,2
柑曼怡,2
素調理漿,2
香 菜,2
油雞,2
食物調理機,2
可可粉,2
膳魔師燜燒鍋,2
布利乳酪,2
日式燒汁,2
果律醬,2
澄粉,2
菌菇醬,2
雪蛤膏,2
慈菇,2
沙蟹,2
鵝腿,2
金錢草,2
山藥粉,2
青嘴魚,2
目孔魚,2
蟹鉗,2
果皮,2
檳榔花,2
開瓶器,2
乳清,2
麻辣,2
鼠麴草,2
虎掌,2
藍花汁,2
煮鍋,2
candy,2
鍋貼,2
天婦羅粉,2
紅蟹,2
鋁泊紙,2
醃醬,2
大同電鍋,2
鳳梨膏,2
羊架,2
旭蟹,2
白蒲鉾,2
黃鰭鯛,2
七葉膽,2
大判揚,2
越瓜,2
辣味,2
香茹,2
海台,2
牛樟菇,2
法蘭克福腸,2
麻薏,1
沖泡包,1
道明寺粉,1
錫箔杯,1
幕斯杯,1
原子筆,1
海蟹,1
自製沾醬,1
青紫蘇調味醬,1
螺旋粉,1
水份,1
中華鍋,1
心型盒,1
7-11的三色果物,1
施巴護潔露pH38一般型,1
香蝦拌醬,1
芭樂汁,1
藥膳,1
鴕鳥頸肉,1
米杯,1
市售,1
福州丸,1
杏仁茶,1
當歸鴨肉,1
白水,1
越橘,1
Tahini 醬,1
密封袋,1
望羅子汁,1
現榨,1
醬油雞,1
可愛叉子,1
熱帶風情茶,1
四紅果茶,1
罐頭朝鮮薊,1
臘鴨脾,1
健康廚房,1
糟滷,1
紅尾冬魚,1
牛奶白菜,1
水果皮 mixed peel,1
毛巾,1
椰 漿,1
不銹鋼鍋大,1
紅燒醬,1
打水用水,1
竹笛,1
地瓜球,1
橡皮筋,1
摩堤A4鑄鐵平盤,1
灣葉,1
蔬菜炒飯,1
摩堤2杯釜鍋,1
杏桃汁,1
欖仁醬,1
栗粉,1
不銹鋼鍋子,1
螺璇藻,1
現成8吋披撒,1
當歸湯汁,1
刮刀,1
小熊模型,1
法式辣跟,1
桂竹葉,1
任何可以煎的魚,1
翅膀豆,1
刈包皮,1
枇杷葉,1
樟木屑,1
船型餅,1
＊份量＊,1
高 湯,1
鴨鵝芹,1
康寶,1
台式油飯,1
東方美人茶,1
臭草,1
奇香醬,1
現有的熟食食材,1
布袋,1
燕窩,1
不沾紙烤模,1
鳥梅,1
金梭魚,1
西洋香料,1
baby potato,1
荷末,1
A,1
膽肝,1
漏斗,1
瓜粉,1
調味罐,1
乾蓮葉,1
乾香,1
章魚花枝漿,1
西洋杉木板,1
盆子,1
塔香油膏,1
麥冬,1
辛奇醬,1
一陽齒,1
粗吸管,1
蓮葉,1
紫草,1
Heinz Sauce,1
6人份電鍋,1
PIZZA醬,1
泰式烤雞料理包,1
電動打蛋器如果沒有就準備打到手軟,1
柚醋醬,1
ㄅ23,1
懶人包,1
椰蓉,1
豆幹丁,1
聖誕裝飾品,1
牛油奶,1
炒料,1
Ｑ丸,1
萵筍,1
扁型小蠟燭,1
勺子,1
白曝油,1
內徑7公分,1
三箭英文字母數字模,1
8寸活動模,1
菜鴨,1
肉從容,1
鹹,1
空玻璃罐,1
瑞典薄餅,1
製冰器,1
烤具,1
芙蓉花,1
無糖,1
7-11一日野菜,1
肉鬆土司,1
迷你電子鍋,1
撈油網,1
薄荷糖,1
富發,1
奶黃餡,1
鮮辣淋汁,1
乳豬,1
爆香調味醬,1
熟烤雞胸,1
動物,1
味 霖,1
蚵仔麵線,1
半支蓮,1
蒸鍋,1
鵝胗,1
五香包,1
腸子,1
鋁製花模,1
酒味濃湯,1
越式湯頭,1
大漏勺,1
食物用溫度計,1
桔利蜜,1
塔杯,1
預熱烤箱,1
起司薄餅,1
酸甜汁,1
藿香,1
玉帶根,1
白菜芽,1
奇雅籽,1
26cm摩力巨蛋鍋,1
保溫杯,1
7-11鮮採小松葉,1
鹿窯菇事 │料理菇事,1
老土司,1
義式綜,1
蛋塔液,1
沿蔉粉,1
菇菇炊飯,1
姬松茸,1
熟肉絲,1
錫箔紙20公分,1
盛裝容器,1
甘仔魚,1
脆瓜汁,1
紅鱸,1
金線蓮茶包,1
刮棒,1
cranberry jam,1
土耳其餅,1
河鰻,1
罐裝金槍魚,1
鹽漬銀鮭,1
金寶,1
紫蘿蘭,1
鋁箔杯,1
王不留行,1
尼斯醬,1
醉雞腿,1
燈籠果,1
rocket leaves,1
包面裝飾,1
梅泥,1
煎好的魚,1
韓式甘味調味粉,1
料理包,1
親子丼汁,1
骨,1
以下可加可不加,1
班蘭汁,1
乾淨厚玻璃瓶,1
鋁箔長型盒,1
湯包皮,1
肉角,1
ARBELLA,1
甜蘿勒,1
鮮豬凍,1
risotto rice ,1
茶泡飯料,1
石狗公,1
Mussel,1
馬口魚,1
廚房溫度計,1
板,1
聖誕楓葉飾片,1
費南雪,1
七層塔,1
乾淨玻璃空瓶,1
紫妹,1
開,1
阿嬤,1
透明塑膠袋,1
花花草草,1
果肉切丁,1
八吋烤模,1
Cream of chicken罐頭,1
毛襪,1
鹽水鴨胸肉,1
蒸龍紙,1
樂扣樂扣炒菜鍋,1
竹筷子,1
紅鳯菜,1
韓式拌醬,1
筍嫩尖,1
26x36CM長方形烤盤,1
7-11 茶攤手搖風水果茶,1
茉莉茶梗,1
有花紋的透明自黏袋,1
東阿阿膠,1
小型盆栽,1
標準瑪芬杯,1
可頌餅,1
韓式燉醬,1
8吋不沾圓形烤模,1
海浮石,1
粑粑絲醬,1
gilbet醬,1
油漬,1
olive oil,1
劍旗魚,1
臭菜,1
圓盆,1
十公升快鍋,1
Dowai榨橙機,1
卵磷脂,1
桔香料,1
香蘭汁,1
珠螺,1
蘿凱花,1
七里香,1
紫山藥丸子,1
梅鹽,1
湯鍋,1
丁骨牛排,1
愉耳,1
六吋烤模,1
鳳柳汁,1
馬麥醬,1
瑪莉餅,1
山水豆腐,1
黑色色素,1
葛樓子,1
飛魚,1
雪花菇,1
苦地膽,1
圈圈,1
鋁箔碟,1
Tefal 不沾平底鍋,1
可麗茲,1
優酪蝦球調味汁,1
baking powder,1
鋁箔製盒,1
醬 油露,1
City Cafe,1
白剌蝦,1
乾淨容器,1
六吋固定塔模,1
魯菜,1
槓香藤,1
急凍雜菜,1
盒子,1
蒸盤紙,1
芽苗菜,1
義大利玉米粥,1
樂扣樂扣彩繪雙耳湯鍋,1
甜橘,1
甜橙,1
DOWAI全營養萃取鍋,1
摩堤IH智慧感應爐,1
藤壺,1
寶特瓶,1
碎水,1
戚風烤模,1
樂活玫萃麗包,1
水可加可不加,1
瑪芬烤模,1
蝴蝶腩 / 獀肉,1
調理機,1
米米杯,1
豬眼筋,1
祐庵醬,1
眝麻根,1
甜燒餅,1
碳爐,1
長條形模型,1
1小匙,1
碳,1
摩卡冰砂粉,1
哈姆,1
泰式香料,1
兔肉,1
LC鍋,1
梅干扣肉,1
空瓶,1
奶香湯頭,1
原種,1
花果香料醬,1
細尖嘴夾子,1
素麵包,1
鐵樹葉,1
蝦蛄,1
鰹魚水,1
茶末,1
淡小蘿蔔水泡菜,1
Haagen dazs迷你杯,1
水花,1
Olive oil,1
虎尾草,1
鵝頭,1
滷雞珍,1
黃金雪花片,1
烤雞粉,1
蛋卷,1
蘆筍貝,1
金門蟹,1
西汁,1
花 生,1
牛小椒,1
榮螺肉,1
荔枝果泥,1
竹繩,1
不銹鋼鍋小,1
核 桃,1
量杯,1
"8-9"" 依喜歡形狀",1
亞麻籽油,1
青鱗魚,1
義大利西醋膏,1
勾芡用,1
羅漢齋餡料,1
甜菊葉,1
杏乾,1
Balsamico,1
水針魚,1
蔬菜冰磚,1
保鮮膜鋪桌面,1
沙梭魚,1
電動攪拌器,1
洗乾淨並烘乾有蓋玻璃罐,1
煮鵝湯,1
水雞,1
大根芽,1
濃縮紅甜菜汁料理粉,1
焦糖粉,1
寒天春雨,1
紅蛋,1
不鏽鋼鍋,1
棒子,1
蜜柑原汁,1
紙棒,1
OVRO,1
蛋油,1
炸香料,1
壺底蔭醬,1
韓式風味素,1
無籽加州梅,1
長鐵串,1
馬卡龍殼,1
罐頭辣魚,1
桑枝片,1
花菜心,1
金蓮花,1
素耗油,1
烘焙專用溫度計,1
刻刀,1
日本好菇道,1
chicken breast,1
圓形模具,1
愛妻料裡盒,1
粉稞,1
紫高活芽,1
小瓷碗,1
中種,1
8吋塔模,1
日本梅,1
自製,1
剪好的烘培紙,1
扁圓形鋁模,1
紙鍋蓋,1
茄冬葉,1
正方型錫箔盒,1
有蓋的容器,1
手搖杯,1
龍吐珠,1
蜜漬汁,1
乾淨有蓋玻璃瓶,1
十穀奶,1
方型模,1
紀州梅,1
楓葉,1
牙簽,1
透明容器,1
料理用油,1
土瓶,1
菩提葉,1
Q心皮,1
水草,1
市售湯品,1
乾淨紗布,1
脆藻,1
罐頭湯汁,1
廣式烤鴨,1
烹飪用溫度計,1
Cake flour,1
石古子,1
豌豆粉,1
綠色,1
茄汁燉豆,1
焗烤碗,1
愛心,1
表面食材,1
糖漬蔓越苺果粒,1
透明file夾,1
鯪魚,1
香豉醬,1
紫藷香鬆,1
貓爪模型,1
節瓜花,1
魚唇,1
鳥豆,1
喜歡的食材,1
菊花茶包,1
牙刷,1
春川燉雞塊調理醬,1
黃粉,1
修飾澱粉,1
芝麻糖粉,1
24x28方形烤盤,1
豆皮包,1
沙拉堡,1
燕魚,1
貝殼模型,1
篩子,1
維他命c軟糖,1
木紋轉印紙,1
蘋果派餡,1
含殼草,1
白刀豆,1
八吋烤盤,1
Whipping Cream,1
四色調味醬,1
fresh rosemary,1
A有就加減放,1
蒜味鹹酥雞,1
山槴子,1
白,1
魚腸,1
束繩,1
清燉雞湯,1
蔥切丁,1
藍梅醬,1
烤盤尺寸,1
茶凍,1
"9""有深度派盤",1
餅乾派殼,1
開味小菜,1
甘松,1
人篸茶包,1
得意的一天,1
農村派,1
工具-菜刀,1
保鮮膜小張,1
烤肉用木籤,1
麥皮蟲,1
熱開,1
鋁箔紙做成拱橋狀,1
翼豆,1
羅布麻茶包,1
臘味,1
小腿,1
米花,1
鋒利剪刀,1
牙籤,1
直徑7㎝圓模框,1
三番花,1
豬排蓋飯,1
熟麥仔,1
客家褔菜,1
苦蔘根,1
喜歡的沾醬,1
保鮮膜切割條,1
烤肉用竹籤串,1
茄苳,1
象魚,1
淡醬粉,1
小竹節筒,1
Single Cream,1
沙魚煙,1
杜卡,1
6吋活動模,1
京都水葉,1
五花燒肉,1
透明包裝盒,1
龍蒿葉,1
芭蕉葉,1
花雕醉雞汁,1
黃瓜皮,1
耐熱強化玻璃保鮮盒,1
蔥油醬,1
蜜薯片,1
味酒,1
蔬果汁,1
模型容器,1
羊肩肉,1
夾子,1
束口帶,1
泰式小圓茄,1
Vanilla extract,1
7-11聖誕限定陶瓷保鮮碗,1
綜合絲,1
玻璃甕,1
耐烤紙杯,1
草苺乾,1
水楊菜,1
酥心粉,1
大濾網,1
柳仔茄,1
麗滋餅,1
鋁粉,1
複合中藥材,1
糖漬鬼椒,1
9號瑪芬杯,1
十三香,1
水晶粉,1
蜜柑皮屑,1
葡萄糖粉,1
甘果,1
醬酒,1
製冰盒,1
仁稔醬,1
煎餃皮,1
青蘿蔔,1
石頭,1
新鮮的魚,1
7-Select Deli Fresh,1
松茸汁,1
燜燒杯,1
野韭菜,1
列印卡通圖案,1
Q心,1
泡綿,1
瑪芬杯直徑7cm深4cm,1
備長碳粉,1
雞屎藤,1
扁食皮,1
砂粉,1
魯肉罐頭,1
九層絲,1
乳水,1
其他增添風味的食材,1
可微波的杯子,1
豬母菜,1
藍藻,1
你想加的東西,1
雪蓮花,1
冰山捲心,1
Red Pepper,1
牛頭皮,1
Ａ1醬,1
蒸燒賣的湯汁,1
粗孔網篩,1
暫略,1
五爪擠花嘴,1
可愛的模型,1
其他喜歡配料,1
帕芙隆起士,1
蚌,1
鹿肉,1
沾水厚毛巾,1
烤盤模具,1
照燒豬肉,1
烤,1
奶油萵苣,1
施巴護潔露黃金女郎加強型,1
泡椒水,1
此配方,1
燉肉丸子,1
原味醬包,1
粗豆醬,1
肉醬,1
網架,1
杏仁豆腐丁,1
番婆,1
密封瓶,1
白鐵盤,1
格蘭瑪撒拉粉,1
小烤箱,1
拌醬,1
室溫,1
泥鰍,1
extra virgin olive oil,1
厚保麗龍材質發酵器,1
牛腸,1
廚房剪刀,1
香瓜汁,1
白底的,1
乾藍梅粒,1
接骨木花汁,1
燜燒鍋,1
專用色料,1
紫色甘藍,1
五月花妙用廚紙巾,1
瓦鍋,1
樂扣耐熱玻璃保鮮盒,1
西檸汁,1
青南瓜泥,1
9 inch 寸戚風模烤,1
3/4顆,1
傳統英國茶,1
樂扣樂扣快樂主婦白陶瓷平底鍋,1
素肉丸,1
梅精,1
米西,1
五香肉丁,1
蔥燒湯頭,1
燒肉丼醬,1
28cm不沾平底鍋,1
小竹廉,1
底層,1
三層蒸籠,1
黑芝麻交切片,1
山葵葉,1
六角形慕斯模,1
瑪利餅碎,1
芙蓉糕粉,1
macaroni,1
茅屋,1
oil,1
杓匙,1
蔥水,1
6吋圓形活動模,1
齋湯,1
快發乾酵,1
果蔬淨,1
天婦羅沾料,1
日式料理粉,1
松阪魚,1
大笨椒,1
野山蔘,1
黑色餅乾,1
慕斯塑膠片,1
餡料,1
乾枇杷葉,1
斜管,1
亮光膠,1
一品夫人健康油切風炸鍋,1
大麻籽,1
長形模型,1
台東,1
泡芙殼,1
食鹽水,1
盤子,1
動物插籤,1
和風炊飯,1
小紙杯模型,1
鎮江醋汁,1
竹卷,1
咖哩雞醬料包,1
潤餅,1
薄燒魚,1
三.餡料部份~~~,1
淋醬,1
料理,1
薺菜,1
司康,1
紅色,1
三巴醬,1
胡麻豆腐,1
九層 塔,1
鍚泊紙,1
透明杯,1
混蛋,1
佛甲草,1
一份,1
絲,1
韓國冷湯包,1
杯湯包,1
自製糖霜,1
風味素,1
筷子包鋁箔紙成棒狀並抹油,1
洗淨玻璃瓶,1
彩筆,1
過濾用棉布,1
蒜豆,1
龍眼汁,1
直徑3cm耐烤紙杯,1
御飯糰雙手捲,1
balsamic vinegar,1
Dark Chocolate,1
水果刀,1
工具-陶鍋,1
蛇肉,1
Orange Juice,1
電子秤,1
特力樂活好元氣有機豆穀配方,1
白腰豆,1
小亨堡,1
蟹殼,1
葵果泰式打拋調理包,1
酸白菜湯汁,1
辣 椒,1
脆桃,1
蒸墊,1
香草冰砂粉,1
通草,1
加熱用的鍋子,1
樂扣樂扣樂扣圓形保鮮盒,1
滑菇,1
印度香料茶,1
紅梨,1
四神中藥包,1
密封玻璃罐,1
樂扣樂扣方圓形保鮮盒,1
飯匙,1
冰滴咖啡壺,1
蜜桃茶包,1
雷公草,1
A4紙,1
帝王菇,1
粉類,1
新鮮金萱,1
厚紙板,1
千層薄皮 yufka,1
小饅頭點心餅,1
義大利燴海鮮調味汁,1
蜂子,1
拋棄式擠花袋,1
一杯量,1
5兩,1
時鮭切片,1
蠶豆,1
6吋戚風模,1
玫瑰紅茶汁,1
鴨骨,1
3寸左右慕絲圈,1
炸衣,1
隨意,1
蘆薈汁,1
Taco調味粉,1
可以煎煮炒的鍋子,1
懷舊點心,1
錫箔盒,1
蜜豆奶,1
粗孔篩網,1
Kool-aid,1
食用菊,1
施巴護潔露pH38一般型/黃金女郎加強型　,1
尖尾風,1
菇菇道,1
仙楂洛神,1
菜鬆,1
炙耆,1
2.4吋的塔模,1
光合農場安心菜,1
閃粉,1
蓴菜,1
肉切絲,1
陶鍋,1
港式波蘿包,1
其它食材,1
藍山濃縮液,1
竹鍋鏟,1
7-11茶攤手搖風,1
鹽焗雞風味包,1
辛夷,1
立基pizza,1
燕尾斑,1
當歸羊肉藥包,1
故紙,1
中華鱘,1
棉布包,1
玫瑰花茶粉,1
紅.綠.黃.白色配菜皆可,1
雪菜汁,1
使君子,1
綠色圓形軟/硬糖,1
海鮮炊飯料,1
黃金菊,1
紅 辣 椒,1
碟瓜,1
冰棒木棒,1
酷熱的豔陽,1
黃麻菜,1
煎包皮,1
何首烏藥包,1
不織布袋,1
青豆粉,1
大盆,1
龍腸,1
柚子葉,1
酸筍,1
大盤,1
氣球,1
廣式臘鴨腿,1
鍋燒意麵,1
蜜汁果,1
橘色,1
殼魚,1
絲路,1
醬牛肉,1
請參照步驟,1
鋁箔盒,1
碎洋,1
忘憂草,1
豆胗,1
豬骨湯,1
乾淨無油無水玻璃瓶,1
硝鹽,1
6吋烤模,1
鴕鳥腱肉,1
粉水,1
蛇豆,1
金銀菜,1
桶子,1
乾淨濕布,1
紅槽魚,1
狗尾草湯包,1
繩子,1
甘蔗渣,1
beef stew,1
黑碳粉,1
耐熱器皿,1
長方形平底鍋,1
8吋派盒,1
肺炎草,1
桑白皮,1
微波模型,1
義大利汁,1
雪花揚,1
工具-鉆板,1
龍尾骨,1
8吋,1
lady's Finger,1
視喜好增肉量加,1
SPAM罐頭,1
DOWAI全營養料理鍋,1
樹莓,1
香麻,1
木棉,1
砧板,1
Sahnesteif,1
澱粉條,1
果粒茶,1
小直角玻璃杯,1
白鶴靈芝,1
任何喜愛的配料,1
小夾子,1
百草,1
虎豆,1
燻料,1
Eno,1
鈦讚鍋深平底28cm,1
母乳,1
辣鮮露,1
淨水,1
紅土,1
上下,1
猴尾仔,1
"4""圓形烤模",1
粗米醬,1
仙鶴草,1
小福包,1
中濃,1
墨西哥軟餅,1
涼拌酢,1
不銹鋼鍋,1
保鮮袋/ 盒,1
香　蕉,1
菜頭粿,1
塔殼,1
電鍋蒸架,1
炒料肉類,1
蛤乾,1
巴蘭葉汁,1
純棉布袋子,1
定溫發酵器,1
外皮,1
沙嗲湯頭,1
紀念鍋34CM平底鍋,1
果碎,1
塔士塔達,1
大的鐵湯匙,1
寶迪鍋,1
耐熱袋,1
台灣搵醬,1
錫箔紙捲,1
綜合口味的生圓子,1
鍋蓋,1
高麗蔘精,1
陽光,1
薄,1
Large Flat Mushrooms,1
韓國菇,1
黏著劑,1
刺山柑,1
透明單張紙,1
蛤蚧,1
香薷,1
醃蔥頭,1
桑枝,1
豬小肚,1
新的絲襪,1
麻蓉餡,1
雪利醋,1
魚尾巴,1
紅紙,1
調味包,1
餐肉,1
牛頭牌雅登雪平鍋,1
o急汁,1
湯,1
ＸＯ醬,1
牛碎骨,1
前腳尖,1
白紗布,1
寬 粉,1
透明水杯,1
家常小菜,1
圓形中空戚風模,1
蝦母,1
心形壓模,1
豇菜,1
椒麻花生,1
DOWAI全營養萃取鍋DT-623,1
大阪燒料理包,1
鬆糕,1
鴕鳥腩肉,1
馬蹄糕,1
鋁箔,1
一般鍋,1
b.蒸蛋切片,1
太和湯,1
筆筒髓心,1
冰棒模,1
青龍菜,1
潤糖,1
OPP平口袋,1
紅貓掌的,1
皮刀魚,1
醃漬醬鹽,1
燻雞餡,1
青,1
8吋中空戚風烤模,1
氣泡飲,1
草,1
空罐子,1
丹蔘,1
海唇菜,1
乾淨的罐子,1
任何素配料,1
Tom Yum Paste,1
巴蕉葉,1
炸過的魚,1
豆,1
貓爪模具,1
素炒手,1
太妃糖,1
鬚苣,1
Bailey's,1
直徑7cm,1
黑胡椒蘑菇醬,1
餃類丸類,1
金盞花,1
法香,1
螺絲粉,1
洋甘菊茶包,1
菊花南瓜,1
其他顏料,1
黃色著色劑,1
乾攀龍蔘,1
摩洛哥香料,1
大烤盤,1
7公分紙膜,1
不鏽鋼濾網,1
醃紅梅肉,1
大吉嶺茶,1
冰箱任何你覺得可以丟進去的食材,1
耐熱錫箔紙,1
烤肉刷,1
甜珠草,1
紅,1
緬甸酸豆醬,1
褐醬,1
山海醬,1
黑喉,1
四 季 豆,1
菠菜飯,1
小麥草汁,1
小熊圖樣,1
西點專用溫度計,1
白梅,1
小米粥,1
鐵板肉,1
嫩粉,1
鴨肉湯頭,1
蛋末,1
青魚,1
9公分陶瓷杯,1
椰殼,1
花果香料,1
裝飾餅,1
焗豆,1
醉雞汁,1
蛋黃素,1
蜂膠,1
小麥草濃縮膠囊,1
桂花烏龍茶湯,1
香柚汁,1
核桃酥,1
特製醬料,1
封仔雞,1
海岩,1
雕刻刀,1
丸久小山園抹茶,1
圓形濾紙,1
葉菜類,1
水可食,1
免治肉,1
熟油,1
枯梗,1
四色豆,1
清燉湯頭,1
圓形擠花嘴,1
擠花袋與花嘴,1
水盆,1
老茶,1
赤查某,1
竹棍,1
藥燉湯頭,1
baking soda,1
Linguine,1
興渠,1
西西里,1
越南薄餅,1
片,1
香螺,1
豪菇,1
簡易式攪拌器,1
空酒瓶,1
logo貼紙,1
淋醬用水,1
蘋果花,1
五穀饅頭,1
酸酸,1
甜品碗,1
蔬菜乾,1
rice flour,1
加飯肉罐頭,1
廣東萵苣,1
香糟蒸醬,1
乾葛,1
水壺,1
桂肉,1
lemon curd,1
膠帶,1
瓷碗,1
義大利脆硬餅,1
西施舌,1
瑪芬杯子烤模,1
6吋霍夫咕咕模,1
冰箱,1
薄片肉,1
桃山奶黃餡,1
加多加多醬,1
白芸豆,1
加多醬,1
鮮味湯頭,1
肉蓯蓉,1
紅色墨西哥豆罐頭,1
底圖,1
直徑6cm馬芬模,1
摩卡壺,1
手動食物攪拌器,1
直徑4cm圓筒,1
用它本身湯汁,1
過濾紙,1
海鮮香料,1
紫心地瓜漿,1
酒精,1
鹵水,1
厚底鍋,1
素肉躁,1
鹼油,1
愛心模型,1
美國西南方風味香料粉,1
芋汁,1
阿薩姆茶,1
醬鼓,1
Worcester,1
不鏽鋼過濾網,1
湯筍,1
榤瓜,1
珍珠粉,1
鋁鉑紙,1
量勺,1
鴨梨,1
墨角蘭,1
裝飾搭配,1
辣魚罐頭,1
多明尼醬,1
廚房餐紙,1
9吋派模,1
麻竹葉,1
青葙,1
手扒雞手套,1
青葵,1
炒蟹粉,1
餅乾棒,1
南 瓜,1
四果莓茶包,1
牛腩醬,1
素百頁,1
豬骨醬,1
調味料包,1
函館荒鮭,1
氣炸鍋專用點心模,1
紫玉菜,1
豬牛混和肉餅,1
朔膠罐,1
柿霜,1
營養口糧,1
炸蝦,1
立康養生固骨寶膠塊,1
罐頭蘋果,1
方形蒸盤,1
烤盅,1
嫩煎菲力,1
黑色吸管,1
紫色,1
罐頭湯,1
螺旋藻,1
牧草汁,1
廣東油雞淋醬,1
6吋圓型烤模,1
檸 檬 葉,1
水果茶,1
亞答子,1
馬芬多孔烤盤,1
蒜蓉酥,1
金美人仙女貝罐頭,1
辣木,1
小黃瓜汁,1
Dowai榨汁機,1
乾螺頭,1
北極貝,1
雞血藤,1
蘭姆精,1
煎匙,1
餅外皮,1
熱開南,1
黑瓜汁,1
果凍液,1
琵琶膏,1
烤箱溫度,1
素竹輪,1
22cm正方型模,1
焦糖絲,1
teaspoons taco,1
抹茶拉堤粉,1
正方形烤模,1
多功能炒料,1
大青葉,1
冷凍苺果,1
麻薏粉,1
棉花棒,1
素筋,1
貝妮矽膠模,1
霸王花,1
蛋要先打散,1
木須肉絲,1
味,1
肉圓,1
矽膠半圓模,1
燉盅,1
雪娘皮,1
品御方 - 品燕盞,1
知母,1
香脆辣瓜汁,1
種子,1
酒杯菇,1
可可蜜糖,1
雞肉飯,1
炸雞翅,1
任何豆類,1
黑白切食材,1
兩份,1
蕎麥芽,1
鵝心,1
月餅餡,1
鋁箔紙鋪平,1
北平烤鴨,1
蟋蟀,1
鹿尾菜,1
雜菇,1
丹參,1
牛腹肉心 Flap Steak,1
明日葉,1
擺飾,1
宮保雞丁醬,1
果汁機.食物處理機,1
醬爆醬,1
絲 瓜,1
荳蔻脆捲,1
穀類,1
車輪卷,1
桃膠,1
萬家香 日式和風輕食佐醬,1
三味淋汁,1
內附湯包,1
脫脂乳,1
黃茸,1
北海道白醬湯塊,1
八吋派盤,1
噴火槍,1
西瓜汁,1
星洲炒米粉,1
橘色食用色素,1
Scotch Finger,1
蝶荳藍花,1
烘培用紙杯,1
西洋菊苣,1
番茜粉,1
微波爐,1
甜八寶,1
黨篸片,1
手提紙盒,1
雞蛋花,1
高麗蔘藥包,1
筍香飯,1
微酵多醣醋,1
DOWAI全營養萃取鍋　DT-623,1
任何生果,1
黃精,1
槐花,1
珍珠梅,1
研磨機,1
小回香子,1
點綴裝飾,1
金萱,1
裝飾,1
鮮白合,1
木香,1
冷藏,1
台畜歐式冷蹄,1
小馬克杯,1
四方餅,1
花果茶酒汁,1
黑罌粒果泥,1
Bay leaf,1
溼布,1
炸豆包皮,1
針線,1
湯汁,1
圓形模型,1
藤心,1
星形擠花嘴,1
三角仔,1
蒸粉,1
去骨的魚,1
美式綜合調味粉,1
煮開後加水,1
La Feel微笑可可亞,1
萬用沾醬,1
青段,1
大石頭,1
菁菜,1
雞骨草,1
沙律菜,1
保羅杯,1
醃菜,1
乾淨的玻璃瓶容器,1
素輪,1
鋁箔容器,1
佛跳牆,1
金品比薩,1
前一天煮火鍋剩下的湯汁,1
干瓢煮,1
c>>,1
8吋圓模,1
雪菊,1
鰹魚鹽,1
模範生點心餅,1
椒鹽點心棒,1
假人蔘,1
剩下的醃汁,1
O醬,1
木炭,1
鱒鮭,1
圓扁曬盤,1
蛋包飯,1
鵝肉丸,1
八吋慕斯圈,1
冰棒模型,1
8吋戚風模型,1
麻糬粉,1
苦甜,1
鑄鐵鍋24cm,1
鉤藤,1
鹽米,1
杯狀模型,1
黨扎,1
蝦籽,1
烘焙杯,1
海泥鰍,1
潤蛋,1
花蟹蚶,1
奶昔,1
蒜辣鹽,1
天廚麻婆調理包,1
小丸子,1
越式涼拌汁,1
現成食物,1
花萼,1
傘菇,1
圓形烤模,1
大碗公,1
合適烤皿,1
月見沾醬,1
新鮮魚類,1
棉布,1
就喜歡的湯頭隨便加啦,1
康寶獨享杯,1
熱帶風情茶包,1
四方形模型,1
土耳其咖啡壺,1
磨牙餅,1
中華調味粉,1
肉泥冰磚,1
早餐片,1
炸雞腿,1
燉鍋,1
小磅秤,1
什錦豆,1
核桃酪甜醬,1
麻婆醬調理包,1
檸檬糖漿,1
樂扣樂扣保鮮盒,1
烘焙模具,1
貴妃梅,1
歐石南,1
Bulldog牛頭犬,1
四色蔬菜棒,1
派餅,1
調味料-味 淋,1
彩茄,1
六吋塔模,1
炒糖,1
破布子蒸肉,1
能量粉,1
椰纖,1
餐巾紙,1
草苺泥,1
馬芬6入烤模,1
女貞子,1
蔬菜條,1
養生湯包,1
專用烘烤鍋,1
五月花廚房紙巾,1
鏗魚香鬆,1
可自製也可用冷凍,1
烤架,1
Pasta,1
舒芙蕾模,1
內附醬包,1
請見步驟,1
小塔杯,1
烤模鋁箔盒,1
市售鹽焗雞風味包,1
可果美,1
水桶,1
小豆蔻,1
任意酒類,1
洗衣袋,1
匈牙利辣腸,1
酸辣汁,1
生,1
8吋戚風模,1
調理素肉漿,1
豆籤,1
春風廚房紙巾,1
brown suger,1
蛋留,1
禾法頌布列塔尼薄餅,1
咖啡色色膏,1
雞尾酒餡,1
瓦斯爐架,1
沙其瑪,1
幕斯框,1
Sliced Pepperoni,1
雪茄,1
電動打蛋機,1
透明附蓋的容器,1
T,1
酒藥,1
塔克皮,1
蔬菜泥,1
黃耳,1
赤砂,1
蓮子心,1
黑輪沾醬,1
千層香酥薄餅,1
日式鏗魚汁,1
手打蛋器,1
醃漬菜,1
牛尾湯,1
醉雞胸,1
淺平盤,1
珍菇精,1
bran flakes,1
電風扇,1
蝦丁,1
摩堤36cm鑄鐵炒鍋,1
準備-廚房紙巾,1
素蛋黃,1
綠色盤飾,1
羊肉鍋湯,1
脆李,1
歐利歐夾心餡,1
巧燒,1
黃,1
味噲　,1
6吋派模,1
羊栖菜,1
二公升容量容器,1
黑,1
消毒過的耐熱容器,1
玫瑰花露,1
豆豆,1
竹筷,1
Half and Half,1
A4烤焙紙,1
乳香醬,1
4吋圓形活動模,1
甜葉菊,1
湯丸,1
貢菜,1
餃子餡,1
芋丸,1
能量飲料,1
濾網,1
蝴蝶果,1
莧子,1
動物造型模具,1
韓國辣炒醬,1
霸王菇,1
化應子,1
五榖豆類,1
蒜味湯頭,1
食物風乾機,1
硝,1
白汁粉,1
小湯鍋,1
韭花甜條,1
義式調味粉,1
中型夾鏈袋,1
油紙／錫紙,1
電子鍋,1
中型茶壺,1
圓形錫箔盒,1
碳酸氫氨,1
澤瀉,1
櫻花素,1
川牛膝,1
Whole chicken,1
工具-悶燒鍋,1
壓克力模子,1
苦 瓜 中型,1
東坡繩,1
鯰魚,1
叻沙Laksa調理包,1
剪了鬼臉的紙,1
黑鹽,1
餅芙,1
牛奶瓶,1
蛋日,1
肉類食材,1
花雕醉雞,1
原子筆管,1
鐵製28CM蒸籠架,1
煮,1
Whipped Cream,1
