食材名稱,同義詞
客家豆醬,客家米豆醬
砂糖,Sugar
梅子,青梅
牛肉片,牛五花薄片肉
油蔥萬用醬,油蔥萬用醬
雞米花,雞米花
紹興酒,鮮釀酒
味噌,味憎
鯖魚,鯖魚
柴魚粉,柴魚花
年糕,鹹甜粿
美人心,碧玉筍
牛小椒,牛小椒
丹麥小西餅,丹麥小西餅
牛肚,蜂巢胃
雞血,雞血
甘草,生甘草
煎餃皮,日式煎餃皮
抹茶醬,抹茶醬
豆豉,蔭鼓
杜卡,Dukkah
紅色色素,粉紅色紅食用色素
千層派,千層派
香料,香料束
魚肉,深海魚
油,蒜油
黃色色素,食用色素黃
西瓜,無子西瓜
蝦殼,蝦殼
枇杷葉,枇杷葉
蒜,蒜沫
清湯,清湯
奶水,三花淡奶
意麵,乾意粉
望羅子汁,望羅子汁
帕馬森起司,帕馬森cheese粉
起司,片狀芝士
茄汁炒飯,茄汁炒飯
蛋黃,蛋黃
豬排,腿排
芋莖,芋槐
馬告,馬告
海珊瑚,神草
帕馬森起司,Parmesan 起司
冷凍蔬菜,綜合蔬菜丁
三七,蔘三七
鹽滷石膏,鹽滷石膏
酥皮,千層派餅皮
柴魚,柴魚
馬鈴薯,馬鈴薯泥
人參果,人心果
沙薑,山奈粉
奶粉,全脂奶粉
手指餅乾,ladyfingers手指餅乾
赤宗魚,赤宗魚
火腿,長條形小火腿
玉竹,連竹
塔皮,塔皮
香精,香蘭精
蝦仁,蝦仁
棗泥,棗泥
年糕,小年糕
花生,蒜味辣花生
醬汁,海鮮用三杯醬汁
九孔,青口
辣椒,辣椒絲
芒果,金興芒果
綿白糖,綿白糖
茉莉花,乾燥茉莉花
柿餅,柿餅
亞麻子,胡麻子
蝦肉丁,蝦肉丁
芽苗菜,芽苗菜
紅魚,赤海雞
湯圓,芝麻湯圓
芒果,香水芒果
梨子,洋梨丁
洋菇,蘑菇丁
醬油膏,老甕精釀油膏
起司,低脂芝士
胡椒粉,粗粒黑楜椒
九層塔,Basil
香蕉,李林蕉
蜜餞,化核子蜜餞
欖仁醬,欖仁醬
椪餅,府城椪餅
焦糖,自製焦糖
水,一鍋水
金針菇,朴菇
排骨,帶肉豬骨
紫米粥,紫米粥
福菜,朴菜
紅茶,伯爵茶茶包
紹興酒,竹葉青
香腸,嘟嘟腸
龍眼,荔枝奴
左手香,到手香
麝香草,Thyme
老抽,陳年醬油
布丁,布蕾
左手香,排香草
半雞,放山古早雞半雞
砂糖,糖分
鮭魚,鮭魚肉
鼠尾草,奇異子
水,內鍋水
醋栗,黑醋栗
蝦油,龍蝦油
HP醬,棕醬
高湯,高 湯
決明子,草決明
貝果,比高
臭草,臭草
焦糖,焦糖
蛤,環文蛤
奇香醬,奇香醬
植物油,蔬菜油
胡蘿蔔,紅蘿波
食茱萸,紅刺?
胡蘿蔔,番蘿蔔
糯米,白秈糯米
九層塔,羅勒香料
豆瓣醬,豆辦醬
土虱魚,土虱魚
牡蠣,牡礪
蔬菜麵,菠菜麵
蛤,蛤厲
西洋香料,西洋香料
TABASCO,TABASCO醬
檳榔嫩莖,檳榔嫩莖
鬱金粉,薑黃粉
鴿肉,大乳鴿
花椰菜,花耶菜
太白粉,馬鈴薯澱粉
焗豆,茄汁焗豆
金針花,黃花菜
綠色色素,綠色食用色素
鴨肉條,番鴨
砂糖,icingsugar
優格,原味懮格
一陽齒,鳳凰蛋
臭草,荊芥七
一陽齒,一陽齒
梨子,水梨
比目魚,扁雪魚
滿福堡,滿福堡
香鬆,VITA香鬆
馬鈴薯,baby potato
人參果,吳鳳柿
靈芝,靈芝
鈕扣菇,鈕扣菇
枸杞,枸杞子
米粉,細粉
檸檬皮,檬檬皮
魚肉,海魚
芋角,芋角
龍眼,燕卵
銀粉,食用銀球
印度香料,格蘭馬沙拉香料
醬油,醬油
XO醬,Xo醬
肩胛小排,牛肩里肌排
義大利麵,卡通造型pasta
蒟蒻,蒟篛絲
牛腩,牛楠
焗烤起司,焗烤cheese
海蜇皮,海哲皮
印度Q餅,印度Q餅
叻沙Laksa調理包,叻沙Laksa調理包
南瓜,生南瓜皮絲
豆蔻,小荳寇
義大利甜醋,balsamicvinegar
蝦球,蝦球
沙姜,三柰
豆子,豆子
桑白皮,桑白皮
青粉,青粉
可爾必思,可爾必思乳酸菌發酵
鯷魚,鯷魚
色素,天然食用色素
花椰菜,綠花椰丁
白刀豆,洋刀豆
甜桃,加州白甜桃
胡麻醬,日式胡麻醬
杏仁,杏子
酸豆,酸子
黑豆,黑豆
鬆糕,指形小鬆糕
食鹽,粗鹽
福菜,覆菜
馬茲拉起司,瑪芝瑞拉cheese
肉鬆土司,肉鬆土司
羅漢果,神仙果
羊腱,羊腱子
三明治,7-ELEVEN光合農場三明治
小卷,小捲
雞肝,雞肝
蒜,蒜頭
鮮辣淋汁,鮮辣淋汁
桂花香料,桂花香料
雞肉,雞肉
雞蛋,Egg
醋,米醋
麵包,白面包
李子,翡翠李
餅乾,船型餅乾
海鮮塊,海鮮塊
酸豆,羅望子
九層塔,蘿勒蒜香粉
四物藥包,四物藥材
豬絞肉,絞 肉
天津丼,蟹肉炒蛋燴飯
孜然,孜然芹
豆蔻,小荳蔻子
酸辣醬,酸辣醬
麻竹筍,甜竹
魚香茄子,魚香茄子
蔥蛋,蛋蔥
當歸,當歸頭
鮮味炒手,鮮味炒手
愛玉子,愛玉子
酵母粉,速發乾酵母菌
菜頭粿,菜頭粿
高梁酒,38度金門高粱
紫色甘藍,包心萵苣
羊奶頭,台灣榕
味醂,味林
橄欖油,橄欖油
和風醬,和風醬
芒果,聖心芒果
科學麵,科學麵
泡芙,泡芙
肉排,肉排
蕃茄汁,蕃茄汁
九孔,貽貝
素肉,素肉
蔬菜汁,果菜汁
玉帶根,玉帶根
白菜芽,白菜芽
薑,生薑
奇雅籽,奇雅籽
荸薺,孛齊
烏魚,青頭仔
素肚,素肚
薑,嫩薑末
白芝麻,熟白芝麻
低筋麵粉,紫蘿蘭薄力粉
奶油起司,奶油乳酪
金粉,可食用金箔
泡打粉,發泡粉
養樂多,養樂多light
紅糖,黑糖
煎餃,煎餃
煎餅,煎餅
植物油,烏龍茶籽油
稜角絲瓜,角瓜
Sahnesteif,奶油黏稠劑
鴨賞,鴨賞
沿蔉粉,沿蔉粉
酸辣醬,泰式酸辣醬
全雞,母雞
果汁,果汁
樹子,破布子
蝦,阿根廷甜蝦
貝果,貝果
豆渣,豆渣
青星九刺鮨,紅鱠
黑豆粉,黑豆粉
生抽,淡醬油
帝王蟹,急凍熟帝皇蟹
食鹽,精鹽
甜豌豆,蓮花夾
丹貝,天貝
紅鱸,紅鱸
金線蓮茶包,金線蓮茶包
胡椒粉,黑楜椒粒
蘭姆酒,闌姆酒濃縮 Rum extract
雜糧,細穀雜糧
葡萄,蔔萄
薤,蕗?
食鹽,特級精鹽
帕馬森起司,帕馬森芝士
罐裝金槍魚,罐裝金槍魚
雪蛤膏,蛤士蟆
胡椒粉,黑楜椒粉
鮮味露,鮮味露
透抽,中捲
千島醬,千島沙拉醬
豆蔻,肉荳蔻
辣椒乾,乾辣椒
牛肩肉,牛肩肉
筍醬,醬筍湯汁
紅目鰱,紅目鰱
椰奶,椰 漿
蕨粉,本蕨粉
洋蔥,洋蔥碎
剩菜,剩菜
壽喜燒醬,鼓盛壽喜燒
西瓜子,醬油西瓜子
紅尾冬魚,紅尾冬魚
烤肉醬,四季燒烤醬
拌三絲,拌三絲
烏醋,烏酢
?菜,韭黃
起酥片,起酥片
牛腩,牛喃
高梁酒,金門38度高粱酒
卡士達粉,吉士粉
凍豆腐,凍豆腐
烤肉片,薄烤肉片
豆豉,豆薣
肉桂,玉桂
芹菜,根芹菜
椰子,椰肉
豆薯,豆薯
罌粟籽,食用罌粟籽
山蘇菜,山蘇菜
鮭魚,煙燻鮭魚
魷魚嘴,魷魚嘴
龍舌蘭,龍舌蘭
泰式酸辣湯塊,泰式酸辣湯塊
棗子,台灣土棗
瓜片茶,瓜片茶
辣椒醬,韓國辣沾醬
洋車前子,洋車前子
蝶豆藍花,蝶豆藍花
大阪燒醬汁,大阪燒粉
九層塔,蘿勒粉
花椰菜,綠花耶菜
羊排,法式羊排
花生,土豆
紅絲炒蛋,紅絲炒蛋
酵母粉,即溶快發酵母粉
玉米,玉米
柚子,柚子
帕馬森起司,帕瑪乾酪粉
酸辣湯包,泰國酸辣湯醬
生菜沙拉,綜合生菜沙拉
糖漬鬼椒,糖漬鬼椒
裝飾糖粒,水晶虹彩糖粒
食鹽,岩鹽
蔓越莓,紅莓果
義大利香料,義式綜何香料粉
鮭魚,三文魚扒
虎尾草,虎尾草
天婦羅沾料,日式天婦羅沾料
秋葵,羊角豆
雞骨,雞殼
消化餅乾,無鹽全麥消化餅乾
米血,米血糕
肩胛小排,牛去骨肩胛小排
米酒,料理酒
酵母粉,酵母
酵母粉,酵毋
控肉,控肉
海鰻,海鰻
白醋,清醋
十全藥包,十全藥包
網紗油,網紗油
烤餅,烤餅
豬絞肉,豬肉末
芭樂,芭樂
千張,百葉
蛋黃素,蛋黃素
鴨脖子,鴨頸
蔬菜湯,蔬菜丸子湯
帕馬森起司,帕馬森起司
番紅花,西紅花
葡萄乾,堤子乾
魚翅,水盆翅
蔓越莓,蔓越苺
鴨柳,鴨肉條
膠凍,膠凍
花生,熟花生
芋頭,芋絲
鴨頭,鴨頭
酸黃瓜,酸黃瓜片
醬筍,醬筍
百香果汁,百香果汁
番茄,大蕃茄
炸粉,日式炸排粉
節瓜,黃節瓜塊
筍醬,筍醬
刺鯧,肉魚
中東麵餅,pita
子排,腩排
蹄膀,雄豬蹄
劍旗魚,劍旗魚
砂糖,細糖糖
雞尾酒餡,雞尾酒餡
巧克力,苦甜巧克
臭菜,臭菜
裝飾糖粒,食用糖珠
布蕾粉,布雷粉
油,新油
百頁豆腐,百頁豆腐
蛤,蛤蜊
酵母粉,鮮酵母
梅鹽,梅鹽
糖漿,愛爾蘭果露
白蒲鉾,白蒲鉾
高筋麵粉,高筋麵粉
板豆腐,傳統豆腐
混合菇,綜合菇類
膳纖熟飯,膳纖熟飯
桂花,桂花乾
鵝掌,鵝掌
鳳梨,王梨
芒果,冰芒果肉
魚翅,排翅
澱粉條,澱粉條
紅葉萵苣,紅翠
厚片吐司,厚片土司
辣椒,PAPRIKA
起司,原味芝士
韭蔥,扁蔥
水茄,水茄
腓力牛排,菲力牛排
香茅,香蜂草
海鹽,法國鹽之花
碳酸氫銨,碳酸氫銨
豬梅花肉,梅頭肉
熱帶風情茶,熱帶風情茶
荔枝,荔枝果肉
蛋黃醬,荷蘭蛋黃醬
乳香醬,普羅旺斯乳香醬
五寶果,五寶果
黃色色素,黃色色素
多利魚,多利魚
米,大賀米
義大利麵,Angel Hair
洋菇,好市多波特菇
花椰菜,綠花椰
花椰菜,椰菜絲
立康養生固骨寶膠塊,立康養生固骨寶膠塊
蝦頭,蝦頭
明太子,明太子
湯種,米湯種
竹輪,大竹輪
薑,薑母
假人蔘,人參菜
麥芽精,麥芽酵素
五爪金英,厝邊草藥
柿霜,霜柿
茼蒿,鮮採山茼蒿
鹽麴,鹽麴
豬梅花肉,梅花豬肉
猴頭菇,刺蝟菌
羊肉羹,羊肉羹
雪裡紅,雪里紅
榛果,可可榛果
油蔥,客家油蔥
五花豬肉片,豬五花肉片
彩米,五彩米
甜椒,紅色彩椒
黑色色素,黑色色素
過溝菜,山貓
雞油,雞油
落葵,蟳公菜
橙酒,橙酒
蔥,青?
米香,炒米香
烤鴨醬,特製烤鴨醬
水,生飲水
豌豆芽,豌豆芽
豬大腸頭,直腸
冰塊,碎冰
慈菇,蔬卵
乾蔥頭,乾蔥頭碎
蔬菜乾,蔬菜乾
飯,米飯
素肉,素蝦
起司,低脂切片乾酪
植物油,True fresh 椰子油
奶油湯,忌簾湯
鹽膚木,鹽膚木
清毒除痘湯,清毒除痘湯
蟹肉,蟹肉丁
素脆鱔,素脆鱔
七葉膽,甘蔓茶
蟹肉,蟹肉丸
醬油露,甘露之味
豆豉,黑蔭鼓
筑前煮,筑前煮
青星九刺鮨,青星九刺鮨
壽喜燒,壽喜燒鍋中材料
叻沙葉,叻沙葉
四神湯,四神湯料
杏桃,杏實
銀粉,銀粉
蒜,大蒜碎
鮑魚菇,台灣平菇
枸杞,苟己
肉角,肉角
甘梅粉,甘梅粉
叻沙醬,叻沙炒醬
蝦米,小蝦米
芒果汁,芒果汁
瓠瓜,醃瓢瓜
素什錦羹,素什錦羹
花椰菜,青椰菜
紅露酒,紅露酒
鴨骨,烤鴨骨架
素香鬆,素香鬆
摩卡冰砂粉,摩卡冰砂粉
丹蔘,紅參
馬茲拉起司,Mazurella cheese
蝦肉丁,蝦肉片
香料,香料粉
奶香湯頭,奶香湯頭
苜蓿芽,目蓿芽
麥麩,麥麩
楓糖,楓糖
梅醬,老梅
柳松菇,楊樹菇
羊大骨,羊大骨
豬肋排,豬小排
壽司,壽司
山葵,Wasabi
黑罌栗,黑罌栗
麻油,胡麻油
白蘿蔔,蘿蔔
蘿蔓萵苣,蘿蔓
起司,雙色起司
味噌,白味增
裝飾糖粒,彩色糖粒
胛心排,豬上排
紅葉萵苣,紫背天葵
小豆蔻,小荳蔻莢
核桃糕,南棗核桃糕
奧勒岡,奧肋岡葉
龍葵,黑田菜
鮭魚,鮭魚
義大利甜醋,頂級巴薩米可醋
茶末,茶末
雪菊,黃金雪菊
咖啡酒,卡魯哇
脆梅,漬梅
花椒,花 椒
梅醬,梅狀元老梅膏
舞菇,日本舞菇
方糖,方糖
白斬雞,白斬雞
三明治,三明治
起司粉,超司粉
豆腐乳,醬豆腐
鵝頭,鵝頭
巧克力,白巧力塊
熟地,熟地?
酸菜,酸採
黃芥末醬,黃芥末醬
黃金雪花片,黃金雪花片
辣椒醬,辣椒醬
柳橙,香橙
龍眼乾,龍眼肉
法式酸奶,法式酸奶
花生,花 生
蔬菜,時蔬
白扁豆,皇帝豆
馬茲拉起司,馬芝拉起司
榮螺肉,榮螺肉
醬油,壼底油精
白蘿蔔,菜頭
核桃,核 桃
奶油湯,奶油湯
當歸湯汁,當歸湯汁
豬五花肉,豬五花肉
火腿,大火腿
汽水,可口可樂
瓜子?,黑毛
亞麻籽油,亞麻籽油
陳皮,蜜橘皮
花豆,花仔豆
法國麵包,法國麵包
瑪斯卡彭起司,意大利Mascarpone cheese
酥皮,酥皮
蝦仁,大頭蝦仁
伍仔魚,四指馬?
山蘇菜,路姑
鳳梨,菠蘿
Uncle Ben's 方便飯,Uncle Ben's 方便飯
烤雞腿,家樂福熟食烤雞腿
魚柳,魚柳
味噌,細味磳
醬瓜,蔭瓜醬
奧勒岡,奧勒岡葉
紫色甘藍,球萵苣
濃湯塊,濃湯塊
牛肉片,肥牛片
混合菇,菇纇
蟹腳,蟹腿內
烏醋,烏酷
辣椒,paprika
雞醬,梅子雞醬
香樁,香樁頭
蝦母,東方異腕蝦
紹興酒,加飯酒
丹麥小西餅,綜合小西餅
五花豬肉片,豬五花薄片肉
可可粉,無糖可粉
竹輪,燒竹輪
海藻,紫晶藻
寒天春雨,寒天春雨
雞蛋,小蛋
碰皮麵,碰皮麵
薑,姜茸
桂花釀茶包,乾燥桂花
韓式風味蛋包,韓式風味蛋包
刺蔥粉,刺蔥葉
火龍果,火龍果
羊排,帶骨羊小排
壺底蔭醬,壺底蔭醬
綜合丸,酥炸海鮮丸
油蔥,手工油蔥
橄欖,黑橄欖片
三明治,廟口三明治
醬油,淬釀鏗魚
冬瓜,冬瓜片
蘇打水,蘇打水
鯷魚,油漬鯷魚
辣椒,紅辣椒絲
番茄,牛蕃茄
情人果,情人果
金銀花,冬忍
柚庵醬,柚庵醬
素耗油,素耗油
豬尾巴,豬尾
吉利丁　,吉力丁粉
油條,老油條
蚵仔白菜,蚵仔白菜
大心芥菜,大心菜
拌飯粉,黃色拌飯粉
咖啡酒,咖啡酒
脆梅,蜜梅
香草,乾香草葉
吉利T,吉利Ｔ粉
堅果,碎果仁
韓國大醬,韓國大醬
八寶粥,泰山八寶粥
羽衣甘藍,無頭甘藍
馬鈴薯,馬鈴薯丁
象牙鳳螺,花螺
中華鱘,中國鱘
鴨胗,鴨珍
紅醬,義式紅醬
破布籽,破子
冰糖葫蘆,冰糖葫蘆
蘆筍,野天門冬
茄冬葉,茄冬葉
雜糧,雜糧
紫萵苣,紫萵苣
干貝,乾貝
水茄,黃水
蒜,roast garlic
高湯,牛骨高湯
刺鯧,肉鯽
烏梅汁,清亮農場 有機 Q 梅梅汁
裝飾糖粒,裝飾巧克力糖粒
大白菜,紹菜
裝飾糖粒,裝飾糖片
西洋芹菜,西洋芹菜
金針花,金針
豆漿,五穀豆奶
十穀奶,十穀奶
豬腱子肉,豬腱子肉
苦瓜,白玉苦
桃子,蜜桃
牛絞肉,牛絞肉
蟹肉棒,蟹棒
西瓜子,玉桂西瓜子
可爾必思,可爾必思未稀釋
海鮮塊,海鮮湯塊
紅魚,橫笛鯛
巧克力,入爐朱古力粒
蒜,大蒜
莓果,野櫻莓莓果
雞翅,二節翅
鮮味炒手,康寶鮮味炒手
菩提葉,菩提葉
粥,白粥
辣拌醬,辣拌醬
紹興酒,汾酒
福菜,福菜
起司,芝司樂高鈣起司切條狀
青衣魚,石老魚
甘露子,米累累
切達起司,紅高達起司
胡麻醬,市售胡麻醬
吉利丁　,吉利丁　
紫高麗菜,紫高麗菜
肉丸,IKEA 瑞典肉丸
杏仁,杏仁片
龍眼乾,桂圓乾肉
舞菇,好菇道舞菇
九層塔,乾蘿勒
豬骨,前腿骨
裝飾糖粒,木牌糖飾
壽喜燒醬,榖盛壽喜燒醬
胡蘿蔔,胡籮蔔
羊排,法式羊肩排
四物藥包,四物湯隨身包
台式油飯,台式油飯
茄汁燉豆,茄汁燉豆
汽水,汽水
雞精粉,雞精粉
高梁酒,高粱酒
全雞,仿土雞
醬油膏,美茶釀油膏
冷凍蔬菜,冷凍什錦蔬菜
墨西哥捲餅,墨西哥脆餅
菜乾,菜乾
蔬菜,新鮮雜果
綠金針,綠金針
食鹽,食鹽
和風碳烤粉,風味粉
鯪魚,鯪魚
蘇打餅,竹鹽蘇打餅乾
橘子,圓果金柑
雞蛋,白殼蛋
雞睪丸,雞佛
味精,高鮮味素
蕨粉,蕨粉
橘子,桶柑
使君子,熟軍
梨子,水梨去核果肉
甘拿許,甘拿許
麻辣鍋底,麻辣鍋調理包
花生粉,花生粉
咖哩,咖理粉
巧克磚,巧克力磚
三色蔬菜,冷凍三色蔬菜丁
葛鬱金粉,葛鬱金粉
火腿,義大利風乾生火腿
義大利麵,長麵
花生,花生粒
絲瓜,絲瓜
菜薊,朝鮮薊芯
麻辣鍋底,7-11麻辣鍋
印度香料,masala香料
鹹鴨蛋,鹹淡黃
冬蟲夏草,中華蟲草
蛋黃粉,純蛋黃粉
寶石魚,寶石魚
榮螺肉,罐頭榮螺肉
嫩煎菲力,嫩煎菲力
玉米,粟米
冰淇淋,冰淇淋
檸檬汁,lemonjuice
紐約克牛排,去骨紐約克牛排
義大利麵,天使髮絲意大利面
黃色色素,食用黃色色素
火鍋料,火鍋蛋餃
貝爾佩斯起司,貝爾佩斯起司
法國麵包,迷你法國長棍
沙拉筍塊,沙拉筍
木瓜,木冬瓜
莧菜,雁來紅
烏骨雞肉,烏雞
香腸,鑫鑫腸
紐奧良沾醬,紐奧良沾醬
羊腱,羊前腱
月餅,月餅
咖哩葉,咖哩葉
塔皮,蛋塔皮
辣椒,辣 椒 粉
鹽漬銀鮭,鹽漬銀鮭
九尾草,狗尾草
雲海金龍,雲海金龍
馬鈴薯,澳洲新薯
麥粉,全麥細粉
豬腳,急凍豬手
山槴子,山槴子
蹄膀,豬蹄
鴨梨,鴨嘴梨
西谷米,西谷米
牡蠣,蚵
大醬,韓式黃豆醬
辣椒,辣椒片
黑豆瓣醬,黑豆瓣
巧巴達,巧巴達
蛋油,卵油
蔗糖,Suger
綠豆芽,銀針
筍,筍尖
馬茲拉起司,馬滋瑞拉起司
冰塊,綜合冰磚
果醬,果醬
荸薺,馬蹄細丁
抹茶粉,抹荼粉
蛋液,掃面蛋漿
柴魚粉,木魚花
愛玉子,愛玉籽
蘆筍汁,蘆筍汁
寶石魚,澳洲寶石鱸
桂花露,桂花露
開味小菜,開味小菜
蔘茶包,蔘茶包
果醋,果醋
金桔,金佶
餅皮,全麥皮
人篸茶包,人篸茶包
鮑魚菇,蠔菇
番茄,蕃茄片
核桃,核桃仁
芭樂,無子芭樂
天山華翠菇,天山華翠菇
柳橙,橙
綠色色膏,綠色色膏
酸種,酸種
柚子葉,柚葉
全雞,老母雞
葡萄乾,萄萄乾
雞汁,雞汁濃湯
奶油,溶化牛油
蔬菜湯,蔬菜鮮湯
米,粘米
砂糖,糖包
蛤,粉蟯
空心菜,甕菜
玫瑰花醬,玫瑰花醬
蚌,蚌
桂花,中藥店桂花
蔥,青蔥末
杏鮑菇,刺芹菇
核桃,核果類
便當,便當
臭豆腐,臭豆腐
三色蔬菜,冷凍三色蔬菜
馬頭魚,方頭魚
油醋,油醋
雞睪丸,雞佛仔
莫佐瑞拉起司,英札瑞拉起司
壽喜菇,壽喜菇
熟麥仔,熟麥仔
佛甲草,佛甲草
腸旺,腸旺
烏龍麵,讚岐鳥冬
秋葵,潺茄
豬胛心肉,豬肩胛肉
中東麵餅,印度烤餅
乾蔥頭,干蔥頭
辣椒,大辣椒
南瓜,番瓜
蒟蒻,蒟篛
翅膀豆,四角豆
櫻桃,朱櫻
海藻,裙帶菜
苦瓜,苦 瓜 中型
滷汁,魯包
素菜酥,素菜酥
蔬菜汁,蔬菜榨汁
杜卡,杜卡
大醬,大醬
鵝胸肉,鵝菲力
鵝肝醬,鵝肝醬
荔枝,黑葉仔荔枝
碳酸氫鈉,碳酸氫鈉
青衣魚,青衣寒鯛
龍蒿葉,龍蒿葉
牛肉片,牛肉薄片
蝦皮,蝦苗
脆迪酥,脆迪酥
蹄膀,腳庫
果粒,果粒
冬陰功,冬陰功
食鹽,細鹽
米霖,醇米淋
水果茶,7-11 茶攤手搖風水果茶
奶油,生牛油
脆皖魚,脆皖魚
雪利酒,雪莉酒
蜜餞,洛神蜜餞
萵筍,萵筍
糖漿,玉米糖漿
吉利T,吉利T
芥菜,大芥
水餃皮,水餃皮
烹大師堅魚風味,昆大師
羊肩肉,羊肩肉
砂糖,細沙糖
白斬雞,吃剩的白斬雞
柳橙,澳洲甜橙
飯團,三角形飯糰
蜜豆,市售大蜜豆
腸旺,蒸腸旺
香草精,Vanilla extract
混合菇,綜合菇片
飯團,白飯糰
彩色蔬菜,彩色蔬菜
青醬,巿售青醬
紅蒲鉾,紅蒲鉾
花生,無鹽花生粒
抹茶餡,抹茶餡
日本油菜,鶯菜
豬骨,豬肋骨
果乾,果乾
狗尾草湯包,狗尾草湯包
蘭勃舵魚,蘭勃舵魚
飯團,飯團
澄粉,小麥澱粉
汽水,冷藏雪碧
蚌蘭,蚌蘭
白蘿蔔,白蘿菠
甜椒,獅子椒
醬汁,煎餅醬汁
十三香,十三香
紅油,紅油
水晶粉,水晶粉
藍莓,藍莓
酒釀,甜酒
洋菇,波特菇
麥粉,杜蘭小麥粉
葡萄糖粉,葡萄糖粉
薄燒魚,真空包裝薄燒魚
甘草,甘草皮
鵪鶉蛋,鵪春蛋
醬酒,醬酒
胚芽米,胚芽米
牛排,牛肉排
豬肋排,豬肋排
糖漿,焦糖液
蘿蔓萵苣,籮蔓葉
蔬菜,當令食蔬
辣椒,牛角椒
野韭菜,野韭菜
鯽魚,鯽
鴨胸,鴨排
素香鬆,素鬆
節瓜,長壽瓜
意麵,扁意粉
通心粉,水管通心粉
蘿蔓萵苣,美羅心
杜仲,杜仲
汽水,沙士
豆腐,南豆腐
蝦捲,蝦捲
高筋麵粉,強力粉
鯛魚,鯛
鷹嘴豆,黎豆
鯖魚,鯖
辣椒乾,辣椒干
花茶包,甜姐兒萃麗包
蘆筍,石刁柏
食鹽,salt
蔗糖,黃蔗糖
炒餅,炒餅
墨西哥醬,墨西哥醬
青醬,奶青醬
土瓶蒸,土瓶蒸
印度香料茶,Twining's chai tea bag
加多加多醬,加多加多醬
蝦籽,乾蝦籽
香瓜,嘉玉甜瓜
麵包粉,微甜五穀粉
蝦米,乾蝦米
芥菜,芥子
甜椒,PAPPIKA
元宵,大元宵
薯餅,薯寶
胚芽米飯,胚芽米飯
飛刀,飛刀魚
蘿蔓萵苣,羅蔓生菜
巧克力醬,巧克力醬
冰山捲心,冰山捲心
蛋黃,土雞蛋黃
烤鴨片,烤鴨片
海珊瑚,福草
高湯,高湯包
小黃瓜,小黃瓜
魚板,魚板
蘋果,秋香蘋果
茼蒿,山茼蒿
吞拿魚罐頭,吞拿魚罐頭
梗米,億興米廠短梗米
香蕉,芭蕉
芹菜,芹菜末
香草籽醬,香草籽醬
麻辣鍋底,關東煮麻辣湯底
蔬菜,當季蔬果
馬茲拉起司,碎馬蘇里拉芝士
奶油起司,CREAM CHEESE
雞蛋,有機雞蛋
豬肉片,豬肉片
番椒,番椒
山槴子,梔子
黃豆粉,豆粉
含殼草,蚶殼仔草
蟹肉,蟹管肉
番薯,甘薯
燻雞,燻雞絲
雞卷,雞卷
小卷,生小捲
燉肉丸子,燉肉丸子
覆盆子,冷凍覆盆莓
餅乾,餅乾
鹹鴨蛋,鹹黃
素獅子頭,素獅子頭
麵包粉,無糖五穀粉
木耳,黑木茸
奶油,牛油液
青蘿蔔,青蘿蔔
筊白筍,茭兒菜
酸辣醬,甜雞醬
本菇,占地菇
蜂蜜,龍眼花蜜
豆漿,豆漿
茼蒿,皇帝菜
枸杞,枸己
提拉米蘇慕斯粉,提拉米蘇慕斯粉
烏龍茶,烏龍茶湯
酸豆角,酸豇豆
野莧菜,綠莧
雞肉,去骨雞
混合菇,混合菇
鹽滷石膏,鹽滷
滷汁,濃縮滷漿
豬里肌肉排,里肌肉排
荸薺,烏芋
豬里肌,豬背肌肉
辣椒,辣椒碎
高梁酒,38%金門高粱酒
和風醬,萬家香 日式和風輕食佐醬
鳳梨,金鑽鳳梨
蔬菜,青菜葉
馬茲拉起司,馬茲拉起司
劍旗魚,劍旗魚腹肉
栗粉,栗粉
杏仁,熟北杏
剉冰,挫冰
秋刀魚,秋刀魚
起司,乾酪丁
素丸子,素丸子
烹大師堅魚風味,紅搭西
芋莖,芋橫
桂花香料,乾燥的桂花
裝飾糖粒,彩糖粒
莓果,冷凍綜合莓
蘿蔓萵苣,長葉萵苣
土司,土立方
蚌蘭,紅川七
琴酒,金酒
澎大海,通大海
軟殼蟹,軟殼蟹
莓果,莓果
牛腩,牛前胸肉
明太子調理包,S&B 生風味明太子調理包
芹菜,三葉芹
馬芬堡,馬芬堡
香菇頭,香菇頭
白腰豆,白腰豆
甜椒,彩椒
薤,蔥珠
小白菜,白菜
馬茲拉起司,馬札瑞拉起司
打拋葉,打拋葉
田雞,牛蛙
真姬菇,海鮮菇
素肉,素肉丁
蘆筍,籚筍
?菜,久菜
火腿,金華火腿
蘋果醬,蘋果醬
鬆餅粉,TOMMY'S原味鬆餅粉
魯菜,山東菜
優格,Strawberry yogurt
蟳,處女蟹
豆腐乳,貓乳
核桃,胡 桃
蟳,處女蟳
素肉丸,素肉丸
糖果,彩色硬式糖果
果醋,蘋果醋
羊起司,羊起司
雞肉鬆,雞肉鬆
巧克力,70%黑朱古力
醃菜,乾醃菜
紫蘇,紫蘇葉
豬里肌肉排,豬里肌肉排
番薯,甜薯
肝連肉,肝連
豬肉片,火鍋豬肉片
黑輪,小黑輪
放山雞,跑山雞
蒔蘿,蒔蘿草
波蘿蜜,木波羅
菜豆,圓粉豆
海參,刺參
水,蒸魚水
奶油,黃油
橙皮,橘皮絲
色素,食用色素
軟糖,QQ小熊軟糖
素肉,素食肉
優酪乳,酸牛奶
芝麻醬,麻汁
花瓣,乾燥玫塊花瓣
糕仔粉,熟糕仔粉
高梁酒,金門高粱
炸蝦,冷凍炸蝦
日式料理粉,日式料理粉
松阪魚,松阪魚
茶凍,咖啡茶凍
牧師米,牧師之米
玉竹,竹節黃
甜椒,彩椒-黃
玉米,甜玉米
馬鞭草,檸檬馬鞭草
蛤,蛤利
脆餅,脆餅
芝麻醬,芝麻醬
紅腰豆,腰豆
花生,去皮熟花生粒
香菇,乾香菇
椰粉,椰絲粉
米,無毒米
烤肉醬,串烤醬
樹子,蔭樹子
綠豆芽,綠芽菜
九孔,臺灣鮑
胡椒粉,黑楜椒
一夜干,一夜乾
埔里米粉,埔里米粉
鴻喜菇,鴻喜菇
甘藍芽,球芽甘藍
卡士達醬,甜卡士達餡
魚蛋,魚蛋
法式香料,法式香料粉
馬鈴薯,Potato
綠捲鬚,綠捲鬚菜
剩菜,菜尾食材
潤餅,潤餅
蛋黃醬,mayonnaise
貝禮詩奶酒,貝禮斯奶酒
蒜,蒜瓣末
蔬菜,任何葉菜類
伍仔魚,竹午
鹽蛋,鹽蛋
蛤,文蛤
雞胗,雞珍
脆梅,台東有機Q梅
三巴醬,三巴醬
胡麻豆腐,胡麻豆腐
泡打粉,泡打
九層塔,九層 塔
脆片,家樂式無糖脆片
香鬆,香素香鬆
豆干,小方乾
色素,食用色膏
泡打粉,烘焙粉
硫酸鋁納,硫酸鋁納
五花燒肉,五花燒肉
瑪斯卡彭起司,馬斯卡彭起司
豬梅花肉,上肉
午餐肉,罐頭午餐肉
西施舌,西施舌
草莓,士多啤梨
高麗菜,甘藍乾
板豆腐,板豆腐
青椒,青椒
針菇罐頭,針菇罐頭
胡蘿蔔花,胡蘿蔔花
巴西里,乾燥帕西里
小茴香,小茴香
豬肉,豚肉
辣椒醬,蒜蓉辣椒醬
蒔蘿粉,蒔蘿粉
吉利T,吉利t
蒜蓉醬,蒜蓉茄醬
西瓜,皇宮西瓜
豬油,前腿油
一陽齒,球蕨
酒粕鰈鱈,酒粕鰈鱈 - 熟成海鮮
糖醋醬,糖醋醬
芽菜,有機芽菜
乳化劑,SP起泡劑
蛇舌草,蛇舌草
節瓜,黃節瓜
米豆,甘豆
香酸汁,香酸汁
南瓜皮,南瓜皮
假人蔘,參仔葉
植物油,有機冷萃椰子油
小亨堡,小亨堡
蜜桃汁,蜜桃汁
抹茶,日式抹茶
綿花糖,綿花糖
酸白菜湯汁,酸白菜湯汁
醬油膏,白曝蔭油
肋眼牛排,肋眼牛排
豬肉片,火鍋肉片
帕馬森起司,特級陳年帕馬森乾酪
高筋麵粉,山茶花粉
柳橙,柳澄
花生,含膜花生仁
石古子,石古子
酒,洋酒
豬後腿肉,豬腿肉
白芝麻,白芝?
芋汁,芋汁
柿子,柿子
桂枝,桂枝
山葵,山葵
比目魚,扁魚
杏仁,南杏
素輪,素輪
戚風蛋糕,原味戚風
節瓜,毛瓜
發酵粉,速發酵粉
胡蘿蔔,紅蘿菠塊
珍珠米,泰國珍珠米
葵瓜子,葵瓜子
半雞,帶骨半雞
米豆,眉豆
紅扁豆,紫花鵲豆
杏仁,苦杏仁
氣泡水,蘇打氣泡水
切達起司,Gouda
養樂多,益力多
慈菇,慈菇
莫佐瑞拉起司,莫查列拉起司
豇豆,長豆子
鹿角萵苣,裂萵苣
餅乾粉,歐利歐餅乾粉
樹薯,木薯
奶油,cream
青椒,青椒丁
津白,津白
預拌粉,車輪餅預拌粉
魚肉,魚去骨
義大利香料,義大利研磨香料
雞肉,放山雞肉
歐防風,防風草
乳化劑,乳化劑
苦瓜,山苦瓜
米粉,乾米粉
泰式涼拌醬,泰式涼拌汁
茶凍,茶凍
亞麻籽,亞麻籽
雞排,咖哩雞排
兔肉,兔肉
吉利丁　,膠凍粉
莧菜,杏菜
雞腿,土雞腿
辣椒醬,麻辣鍋底醬
馬茲拉起司,馬芝瑞拉起司
炸衣,炸衣
蕎麥,烏麥
混合生豆,混合豆
油菜,油菜心
蟹肉,蟹絲
蘆薈汁,蘆薈汁
Taco調味粉,Taco調味粉
五味醬,五味醬
脆梅,脆梅丁
甘露子,地蕊
苦苣,捲曲苦苣
醃肉,醃肉
牛奶糖,森永牛奶糖
馬茲拉起司,馬自瑞拉起司
辣椒醬,剁椒醬
大阪燒醬汁,大阪燒醬汁
地瓜球,地瓜球
咖啡色色膏,咖啡色色膏
水,煮雞水
尖尾風,尖尾風
啤酒酵母,啤酒酵母
沙薑,山奈片
Oreo餅乾,Oreo 餅乾
墨魚醬,墨魚汁
鴨鵝芹,鴨鵝芹
奶油,植物黃油
饅頭,全麥饅頭
紹興酒,陳年花雕酒
甜椒,三色椒塊
蝦仁,中蝦肉
迷迭香,迷疊香
杏鮑菇,鮑菇
海帶,海帶芽
軟絲仔?,軟絲仔?
香瓜,狀元瓜
小卷,小管
紅醋栗,紅醋栗
玫瑰花茶,玫瑰花茶包
煉乳,鷹牌練奶
辣椒,小辣椒
7-11茶攤手搖風,7-11茶攤手搖風
麻婆豆腐燴飯,麻婆豆腐燴飯便當
蘋果派,美式蘋果派
醬油膏,大同蔭油膏
桔利蜜,桔利蜜
蝦,蝦子
豆豉,蔭豉
雞精粉,康寶雞粉
鯊魚,沙魚肉
起司,芝多司
甜豆,甜豆
香草醬,安格拉斯醬
雞精粉,康寶雞精
芫荽子,笎荽子
清湯,白湯
英國伍斯塔醬,烏斯特醬
鹿角萵苣,鹿角萵苣
魷魚,魷
米苔目,米篩目
砂糖,細紗
白芍,白芍
貢丸,燕丸
番薯,蕃薯
松阪豬,松阪豬肉
奶黃餡,奶黃餡
碟瓜,碟瓜
人參果,香瓜茄
甘蔗汁,鮮榨蔗汁
堅果,巴西堅果
奶油,已溶牛油
清湯,雞清湯
洛神花,洛神
香蕉,上等蕉
肉捲,肉捲
蒜味醬,香蒜醬
慈菇,燕尾草
白芷,白芷
堅果,果仁
世蒲鉾,世蒲鉾
加州李,加州黑李
高湯,高湯
蒜苗,蒜青
青豆粉,青豆粉
油麵,油麵
燻鴨肉,燻鴨肉
甜菜汁,甜菜汁
龍腸,龍腸
香料,醃漬香料
牛肚,網胃
梅醬,自製老梅
鰹魚,煙仔虎
醃肉,淹肉
帕馬森起司,Parmesan Cheese粉
梨子,Pear
當歸,當歸片
牛五花肉,牛五花肉
泡打粉,泡大粉
起司,高溶點起司
糙米,糙粳米
?菜,?菜花
可爾必思,濃縮可爾必斯
黃色色素,黃色五號色素
荳蔻粉,綠荳蔻粉
甘露子,甘露兒
烤肉醬,烤醬
黃薑粉,黃姜粉
花生,麻辣花生
花椒,川椒
巴西里,荷蘭芹
起司,Cheese
酵母粉,即溶速發酵母
伍斯特醬,?汁
山楂,山楂肉
烤鴨芥菜飯,烤鴨芥菜飯
白蒜,三星白蒜
豬骨湯,豬骨湯
花生,碎花生
色素,色素
味增醬,味增醬包
青衣魚,石老
豬脆管,豬心管
干絲,干絲
蛇豆,蛇豆
金銀菜,金銀菜
榴槤,麝香貓果
火鍋沾料,韓國火鍋沾料
咖喱醬,泰國紅咖喱醬
糕仔粉,糕仔粉
青葙,青葙
芋頭,蒸熟芋片
含殼草,含殼草
燉牛肉,beef stew
龍舌蘭酒,Tequilawine
Oreo餅乾,歐利歐餅乾碎片
香菜,香菜根末
油,食用油噴霧
紅龍果泥,紅火龍果泥
起司,chees切絲
板藍根,靛青根
椰子粉,椰乳粉
瓠瓜,瓠干
馬茲拉起司,馬芝瑞拉cheese
粉圓,粉圓
鵝腿肉,鵝腿肉
麻竹筍,巨麻竹
果凍,果凍
土魠魚,土魠魚
A菜,尖葉萵苣
西葫蘆,夏南瓜
蘿蔓萵苣,羅美心
甘蔗,甘蔗
黃瓜皮,黃瓜皮
慈菇,慈姑
茉莉花,茉莉花
雞骨,雞骨
木耳,木耳絲
龍葵,黑甜菜
黑木耳,川耳
調味粉包,調味粉包
香柚皮,香柚皮
預拌粉,餅乾預拌粉
榨菜,炸菜絲
紅捲鬚,紅萵苣
蘭姆酒,rum 藍姆酒
豬里肌,大里肌
吉利丁　,明膠粉
檸檬酪,檸檬酪
蝦泥,蝦泥
寬冬粉,寬冬粉
酸辣湯包,泰式酸辣湯罐頭
核桃酪甜醬,核桃酪甜醬
檸檬酸,檸檬酸
橄欖,黑橄蘭
蕃茄醬,番茄醬
帕馬森起司,帕瑪森
龍鬚菜,隼人瓜苗
滷蛋,魯蛋
木瓜粉,木瓜粉
菊花,菊花葉
萊姆,青檸
起司,調味乾酪
義大利香料,義大利綜合辛香料
魚漿,魚漿
素高湯,素高湯
美生菜,美生菜
汽水,C.C.Lemon
黑木耳,木菌
木棉,木棉
九孔,貴妃鮑片
綠色色素,綠色色素
甘草,甘草
洋蔥,洋?
蘇梅汁,蘇梅汁
炸雞,香酥雞
雞湯,雞雞湯
雪蛤膏,蛤士蟆油
膨皮,椪皮
冬瓜,白瓜
四果莓茶包,四果莓茶包
海蝦,大海蝦
胡蘿蔔,紅羅波
南瓜子,白瓜子
筍乾,筍乾
當歸,山當歸葉
四神湯,四神包
香菇,鮮菇
酸梅湯,酸梅湯
筊白筍,茭耳菜
蕎麥,蕎麥
豬母菜,豬母乳
假人蔘,台灣參
凱薩醬,穀盛脆綠鮮
七葉蘭,斑蘭葉
植物油,COCO FRESCO有機冷萃椰子油
甜椒,彩椒片
紅尾冬魚,紅赤尾冬
威士忌,Whisky
花豆,赤花菜豆
青花椰苗,綠藤青花椰苗
穀片,穀片
印度香料茶,印度香料茶
蔥,蔥片
乾蓮葉,乾蓮葉
瓠瓜,瓢瓜
豬胛心肉,豬肩小排
豬五花肉,三層肉
筊白筍,茭瓜
油菜,寒菜
無花果,無花果
杏仁茶,杏仁茶
辣椒醬,香麻辣醬
花生,油炸花生
薑,嫩薑
小白菜,不結球白菜
十穀粉,綜合穀粉
波菜汁,波菜汁
燻雞,燻雞
豬腦,豬腦
胡蘿蔔,紅蘿菠絲
白斬雞,白斬雞腿
軟糖,彩色軟糖
腰子,豬腰
羊排,羊肩排
豬腳,豬腳
豬腸,豬腸
油醋,大蒜油醋汁
牡蠣,鮮珂
胡蘿蔔,紅蘿蔔絲
菜心,菜芯
寬冬粉,特級寬粉
培根,焙根
瓜子?,瓜子?
豬後腿肉,豬後腿肉
透抽,透 抽
凱薩醬,凱撒醬
熟蛋,煎蛋
起司,半軟質起司
?蝦蛄,蝦菇
色素,Wilton天然食用色素
龍眼,新鮮龍眼
麵片,揪片
含殼草,老公根
蛋包飯,鰻香蛋包飯
比目魚,比目魚
芍藥,芍藥
蝦,大沙蝦
脆梅,阿金姐好運梅
椰纖,有機椰纖
葵瓜子,葵花籽
豆豉,豆屎
高筋麵粉,洽發高筋
罌粟籽,poppy seeds
起司,輕怡芝士
鴿肉,鴿肉
吉利丁　,粉明膠
雪裡紅,雪裡蕻
假人蔘,土高麗參
海鮮,綜合海鮮料
黃瓜皮,大黃瓜皮
巴西里,parsley
酸菜,包心酸菜
熟地,熟地
醬油,料亭和露
胡蘿蔔,紅羅蔔丁
牛絞肉,碎牛肉
葡萄,紅葡萄
辣腸,辣腸
含殼草,蚶殼草
植物油,值物油
甘梅,甘梅
醃漬破朴子,醃破布子
抹茶醬,抹茶淋醬
小米,小米
海蜇皮,即食海蜇
香精,抹茶香精
夾心餅乾,迷你夾心餅乾體
和風醬,香柚和風醬
蛤蚧,蛤蚧
海菜,龍爪菜
醃蔥頭,醃蔥頭
媚仔菜,鵝仔草
義大利香料,義式香料粉
慕斯粉,慕斯粉
福菜,客家覆菜
雪利醋,雪利醋
愛玉,愛玉
雞米花,冷凍雞球
荔枝,玉荷苞荔枝
海鮮,雜錦海鮮
炒飯,臘味炒飯
豬里肌肉片,豬里肌片
白芝麻,白芝麻
蔥,青蔥蔥綠
鴻喜菇,喜菇
土司,冰種
酵母粉,酵母粉
蟹肉棒,蟹味棒
南瓜,南瓜肉
太白粉,太白
隔夜飯,隔夜熟飯
巧克力,水滴巧克豆
豌豆仁,豌豆
甜椒,甜彩椒
帕馬森起司,parmesan cheese粉
貝果,貝狗
海鮮香料,海鮮香料
韓國菇,韓國菇
牛排,牛排
胡麻醬,胡麻醬
榨菜,榨菜
卡門貝爾起司,Camembert
梅醬,梅露
白菇,美白菇
素百頁,素百頁
夏威夷豆,夏威夷果
沙薑,沙姜
竹輪,竹輪切片
櫻桃,含桃
飯,飯
山藥,山藥
雞汁,雞汁
脆梅,酒梅
筍,竹荀
牛奶,全脂奶
軟殼蟹,生凍軟殼蟹
絲瓜,菜瓜
玫瑰紅茶汁,玫瑰紅茶汁
鱔魚,鱔魚
紅燒扣肉,紅燒扣肉罐頭
麻糬,日式麻薯
空心菜,壅菜
萊豆,黃帝豆
豆瓣醬,辣味豆瓣
南非國寶茶,南非國寶茶
鷹嘴豆,鷹嘴豆醬
豬油,豬網油
醬爆醬,醬爆醬
奧勒岡,乾牛至
花旗蔘,西洋蔘
落葵,藤菜
燒賣皮,大黃皮
榛果,萬歲牌可可榛果
小番茄,紅番茄
椰殼,老椰子殼
鮭魚,時鮭
低筋麵粉,低筋粉
鬼頭刀,鬼頭刀魚條
吻仔魚,刺公鯷
牛小排,去骨牛小排
橄欖油,橄蘭油
豆瓣醬,辣豆辨醬
鼠麴草,鼠鞠草
大阪燒醬汁,OKONOMI醬
奶泡,奶泡
冬蟲夏草,冬蟲夏草
豆瓣醬,豆醬
柳橙汁,橙汁
新竹米粉,新竹炊粉
荸薺,去皮荸萁
起司,芝士片
辣油,辣椒油
紅糟,紅麴粉
雞腿,清腿
麻糬粉,麻糬粉
番薯,朱薯
天山華翠菇,華翠菇
港式油雞,港式油雞
雞肉飯,麻油雞炒飯
皮刀魚,皮刀
水,涼水
裝飾糖粒,裝飾糖豆
香鬆,廣達香素香鬆
水蓮菜,水蓮菜
鹽焗雞香料粉,鹽焗雞香料
莓醬,莓醬
巴蕉葉,巴蕉葉
魚醬,魚醬罐頭
美生菜,天津白菜
土司,冰種鮮奶吐司
筊白筍,葩白筍
糖醋醬,酸溜醬
香菇精,香菇精
蒜,蒜球
雞蛋,彩色機蛋
豆籤,豆籤
麻辣鍋底,麻辣湯底
酒釀,甜白酒
日本梅,日本梅
卡士達粉,卡式達粉
紅蔥頭,紅蔥仁
寬冬粉,龍口小寬粉
麩片,bran flakes
肉汁,小牛肉汁
柳橙汁,市售柳澄汁
豆瓣醬,豆瓣醬
膏蟹,鋸緣青蟹
食茱萸,越椒
黃色著色劑,黃色著色劑
罐頭蘋果,罐頭小蘋果
筍,筍粒
義大利香料,義大利風混合香料
松露,松露
當歸,山當歸
摩洛哥香料,摩洛哥香料
飯團,飯團丸子
帕馬森起司,帕瑪森乾酪
二砂糖,二沙
軟糖,QQ軟糖
猴尾仔,猴尾仔
蓮藕,水煮藕片
木香,木香
天婦羅粉,炸天婦羅粉
九層塔,九 層 塔
沙朗牛排,沙朗
奇亞籽,奇異籽
杏桃汁,杏桃汁
麻吉燒,西北麻吉燒
麵包粉,五榖雜糧粉
奶油起司,cream cheese 抹醬
土司,液種
綠豆芽,綠荳芽
牛小排,帶骨牛小排
橙皮,橙皮屑
棉花糖,棉花糖們
雞心,雞心
椰子汁,椰汁
蛇瓜,蛇瓜
藥燉包,十全藥膳包
花枝,花枝
肉捲,苔香肉捲
米漿,米漿
武林菜,武林菜罐頭
姬松茸,姬松茸
牛奶,冰牛奶
鍋餅,大鍋餅
香鬆,海島香鬆
巧克力粉,黑巧克力粉
巧克力,巧克力
鮮味炒手,康寶鮮味少手
黃鰭鯛,赤翅魚
甘露子,冬蟲草
和風醬,柚香和風醬
綜合丸,桂冠火鍋肉丸子
酸橙醋,酸橙醋
棒棒腿,小雞腿棒
九層塔,九層搭
果糖,果糖
魚卵,魚卵
肋眼牛排,肋眼
火鍋料,火鍋配料
椰殼,椰殼
雞醬,非洲雞醬
起司,乳酪
烏龍麵,日式冷
黃醬,黃醬
沙薑,山奈
果泥,果蓉
香菜,香菜根切碎
胡椒粉,黑胡粒
豬排,帶骨豬扒
臘腸,臘 腸
麥粉,小麥粉
義大利甜醋,義大利香醋
魚子醬,魚子醬
雪裡紅,雪菜葉
咖啡,咖啡
牛排,較厚的牛排肉
膳纖熟飯,南僑膳纖熟飯
預拌粉,冰皮餅皮預拌粉
瓠瓜,瓢乾
豌豆仁,豆莢
羊栖菜,海菜芽
甜椒,紅/黃彩椒
香柚汁,香柚汁
韓國大醬,韓式大醬
鯰魚,鯰魚排
胡蘿蔔,甘筍粒
綜合丸,手工丸
辣椒醬,椒辣膏
濃湯塊,北海道濃湯
蠑螺,蠑螺
櫻桃,崖蜜
南瓜,南 瓜
栗子,糖炒栗子
黑豆,黑豆粒
馬鈴薯,馬零薯丁
TABASCO,Tabasco醬
雪娘皮,雪娘Q皮
藕粉,藕粉
馬鈴薯,馬玲薯去皮後
青嘴魚,青嘴龍占魚
沙拉醬,沙拉醬
奧勒岡,俄力岡香料
牛肝菌,牛乾菌菇
焦糖,焦糖淋醬
帕馬森起司,帕米森起司Parmigiano-Reggiano
清燉湯頭,清燉湯頭
米,免洗米
筊白筍,加白筍
明太子醬,明太子醬包
葡萄柚,紅寶石葡萄柚
赤查某,赤查某
綠捲鬚,綠捲鬚
梨子,梨子
魚肉,魚肉
粄條,細淀粉條
麥粉,SemoladiGranoDuro
魚肚,魚肚
豬肉絲,肉絲
絲瓜,絲瓜片
蚵仔白菜,皺葉白菜
預拌粉,銅鑼燒預拌粉
三角仔,高背?
纖維粉,纖維粉
接骨木花,接骨木花
紅茶,紅茶茶包
墨西哥香料,墨西哥蒜味香料
鮮味粉,韓國鮮味粉
胡蘿蔔,羅蔔
泡芙殼,泡芙殼
蘿蔓萵苣,羅蔓
大麥,麥片
芒果,凱特芒果
蜜豆,八寶蜜豆
鼠麴草,佛耳草
全雞,大成鹿野皇金雞
花椰菜,綠花耶
在來米粉,rice flour
廣東萵苣,廣東萵苣
豬五花肉,中肉
柑桔,桔子
班尼迪克蛋,班尼迪克蛋
香糟蒸醬,香糟蒸醬
甜椒,紅甜
打拋醬,泰泰風打拋醬
麥芽,麥牙
粉紅甜心菇,玫瑰菇
純喫茶,純喫茶
A菜,鵝仔菜
砂糖,細砂煻
焦糖,焦糖丁
橘子,橘
芝麻菜,火箭菜
涼筍,涼筍
預拌粉,田園預拌粉
檸檬酪,lemon curd
蟹鉗,蟹鉗
海鮮濃湯,康寶海鮮濃湯
義大利脆硬餅,義大利脆硬餅
小番茄,小番切
消化餅乾,7-11消化餅乾
凸皮麵,凸皮
白花椰菜,白花椰菜
迷迭香,Rosemary
蛋塔,蛋塔
洋芋片,薯片
雞骨,雞架
櫻桃,樂桃
黑木耳,乾川耳
黃色色素,黃色素
糯米粉,雪大福粉
人蔘,乾白蔘
蟹肉棒,蟳味棒
櫻花蝦,櫻蝦
鰹魚,鰹魚
鴨腿肉,鴨腿肉
甘果,甘果
蔥,?段
獅子頭,獅子頭
大頭菜,蕪菁蕓苔
空心菜,空心菜葉
鴨腳,鴨掌
鵝肉,鵝切塊
小茴香,小茴香籽
魚雜,青甘魚雜
豆輪,乾豆輪
β-葡萄糖酸內酯,β-葡萄糖酸內酯
九孔,九孔螺
菜脯,蘿蔔乾
高山茶,高山茶
蝦油,味露
薯條,Jagabee加卡比薯條
魚下巴,魚下巴
雞睪丸,雞睪丸
馬茲拉起司,馬蘇里拉起司
打拋醬,打拋醬
豬梅花肉,梅花豬
凱薩醬,7-11凱撒醬
美生菜,美生葉
麻油,冷壓芝壓油
烤肉醬,BBQ醬
乾枇杷葉,乾琵琶葉
魚油,魚油
酸甜醬,甜醬
白腰豆,海軍豆
假人蔘,土高麗
酒粕,酒粕
茼蒿,茼蒿菜
什穀雜糧,什穀雜糧
橄欖油,DOP頂級初榨橄油
泰式酸辣湯塊,泰式酸辣湯方便煮材料包
康寶濃湯,玉米濃湯
纖維粉,洋車前子纖維粉
蝦蛄,撒尿蝦
雞酒,雞酒
胡椒粉,白胡椒
蚌殼,蚌殼
牡蠣,牡蠣
荸薺,馬蹄丁
胡椒粉,楜椒粉
豌豆仁,腕豆
BB醬,BB醬
鹵水,鹵水
醉雞腿,醉雞腿
甜蘿勒,sweet basil
羊奶頭,台灣天仙果
巴西里,curly parsley
楊桃,楊 桃
皮蛋,灰包蛋
饅頭,山東饅頭
綜合丸,龍蝦丸
蟳,紅尋
落葵,木耳菜
和風醬,市售和風醬
葛樓子,葛簍子
茅屋起司,無鹽茅屋起司
吉利T,吉力T
味噌,白味噌
珍珠粉,珍珠粉
情人果,芒果青
軟糖,軟糖
竹筴魚,竹筴魚
罐裝蜜桃,水密罐頭
沙其瑪,沙奇瑪
七味粉,日式七味唐辛子
豇豆,缸豆
麻吉皮,Q皮
透抽,中卷
歐防風,歐洲蘿蔔
碟瓜,飛碟瓜
腐皮,枝竹
乾果,乾果仁
綠茶,綠茶粉
茶碗蒸,茶碗蒸
巧克力餅乾,巧克力餅乾
梅子汁,梅汁
鵝蛋,鵝蛋
鹽麴,穀盛鹽麴
天麻,合離草
蜂蜜水,蜂蜜水
金平醬,金平醬
板腱肉,牛板腱
裝飾糖粒,造型糖粒
植物油,COCO FRESCO 椰蜜
蟹鉗,蟹螯
蒜苗,蒜薹
莓果,綜合莓果
海珊瑚,海珊瑚
胡蘿蔔,甘荀
油菜,芸苔
仙楂,仙楂
豬里肌肉片,豬里肌薄片
草魚,草魚肉
過溝菜,山鳳尾
醬油膏,有機蔭油
紅葉萵苣,皺葉菊苣
黃金燴鱈寶,黃金燴鱈寶
冬粉,冬粉
魚肉,海水魚
蛋豆腐,雞蛋豆腐
海蜇皮,海蜇絲
薤,?頭
酸豆,羅望果子生果
麵包粉,五穀粉
豬骨醬,豬骨醬
紅捲鬚,紫蘿莎
蘇打餅,市售蘇打餅
混合菇,任何菇類
四破魚,硬尾仔
預拌粉,奶酪預拌粉
嫩肉粉,嫩肉粉
葡萄酒,葡萄酒
欖仁葉,乾欖仁葉
芥末,哇撒米
龍鬚菜,龍鬚豆苗
青江菜,清江菜
炸大蝦,炸蝦
土佐醋,土佐醋
黃色色素,食用黃色5號色素
檸檬汁,青檸擠汁
鯖魚,花飛
醋,酒醋
蓮葉,鮮蓮葉
十穀粉,桂格穀珍十穀粉
麥芽,麥芽水飴
烤餅,Naan印度烤餅
海菜,水萵苣
火鍋料,火鍋拼盤
芥菜,蓋菜
焦糖脆餅,焦糖脆餅
水針魚,水針魚
糖醋醬,酸甜糖醋汁
粉腸,粉腸
黃豆,黃豆
九孔,mussel
牛奶,高大鮮乳
糖果,糖果眼睛
羊腿,羊腿
肉燥,紅蔥肉燥
蜂膠,蜂膠
奶油起司,忌廉芝士
羊腱,羊腱
鵝腿肉,去骨鵝腿
杏仁,杏仁角
羊腩,羊腩
豬腱子肉,豬腱
明日葉,明日草
蝦皮,蝦皮
話梅,乾梅
辣木,辣木
葡萄,萄葡
九層塔,九曾塔葉
螃蟹,螃蟹
羊排,乳羊排
養生湯包,養生湯包
芥藍菜,芥藍菜
雪利酒,雪利酒
椰子汁,椰皇水
羊睪丸,羊睪丸
剩菜,冰箱剩菜
蚌蘭,蛤仔草
甘草,甘草枯梗
貢丸,摃丸
欖角,欖角
二砂糖,2砂
豆瓣醬,哈哈豆辦醬
PIZZA醬,PIZZA 醬
素竹輪,素竹輪
芥藍菜,格藍菜
孟宗竹筍,孟宗竹筍
焦糖絲,焦糖絲
拌飯粉,粉紅色食用拌飯粉
豬里肌,豬菲力肉排
煎餃,自製全麥煎餃
鹹肉,鹹肉
玉子燒,蛋玉子
紅藻,石花菜
蔥,青蔥段
派餅,蝴蝶酥
覆盆子,新鮮冷凍覆盆莓
大芥菜,芥菜
起司,乳酪絲
筊白筍,美人腿
奧勒岡,奧勒剛
焗烤起司,焗烤雙色起司條
麻薏粉,麻薏粉
香辣粉,韓式辣粉
叻沙醬,叻沙醬包
菜脯,老菜脯
鬼頭刀,鬼頭刀魚乾
螞蟻上樹,螞蟻上樹
蝦,帶頭的大蝦
酸辣湯包,康寶港式酸辣湯
芒果,芒 果
素肉,素碎肉
蹄膀,豬蹄切塊
奶粉,脫脂奶粉
砂糖,細糖
芋泥,八寶芋泥
肚片,麻辣肚片
肉桂,肉桂
丹貝,丹貝
紅色色素,食用色素紅色5號
可頌,小可頌
蜜漬橙皮丁,糖漬橙皮
枸杞,枸 杞
啤酒,愛爾蘭黑啤酒
陳皮,糖漬橘皮絲
蘋果,Apple
菠菜,菠菜葉絲
雪娘皮,雪娘皮
青衣魚,青衣魚
貓耳朵,貓耳朵
葡萄乾,葡萄干
奧勒岡,俄力崗香料
花生,無鹽花生
野莧菜,白莧
預拌粉,預拌粉
便當,頭份懷念便當
蝦,沙蝦
罌粟籽粉,鷹栗粉
水晶餃,水晶餃
柿子,富有甜柿
麩片,麩片
蔬菜,喜歡的蔬菜
柚醋醬,柚醋醬
和風醬,二廚日式和風醬
甜麵醬,甜面醬
魚肚,花膠
豆干,豆乾
焗豆,茄汁豆
脆瓜,脆瓜
貝果,切半貝果
雞肉飯,雞肉飯
炸雞翅,炸雞翅
松茸菇,松茸
玉米醬,玉米醬罐頭
檸檬,檸檬片
黃魚,黃瓜魚
黑芝麻粉,芝麻糊
過溝菜,過貓
豆蔻,小荳蔻
高湯,牛高湯
在來米粉,再來粉
青蘋果,青蘋果
蕎麥芽,蕎麥芽
龍眼乾,福圓肉
豬肝,豬肝
油,油
櫻桃,荊桃
烹大師,烹大師
土司,全麥吐司
佛甲草,半枝蓮
肉圓,冷凍肉圓
紹興酒,花雕酒
花椰菜,冷凍綠花椰
干貝,帶子
紫薯粉,紫薯粉
牛腩,牛腹肉心 Flap Steak
肝醬,肝醬
多利魚,多麗魚
玉米,玉蜀
地黃,熟地黃
拌飯料,拌飯料
薺菜,護生草
鮪魚,吞拿魚
花椰菜,野花菜
魚肉,蒸魚
香料,香料
吉利T,吉利t粉
雞蛋,卵
豆蔻,麻醉果
雞骨草,雞骨草
草魚,草魚
油菜花,油菜花
泰式酸辣湯塊,泰式湯塊
茅屋起司,茅屋芝士
柳橙汁,桔子水
檸檬葉,檸檬葉
﻿牛肉,半筋半肉牛肉
甜椒,黃條椒
叉燒肉,叉燒肉
茶汁,茶汁
三味淋汁,三味淋汁
脫脂乳,脫脂乳
三色蔬菜,三色蔬菜丁
預拌粉,糖霜預拌粉
覆盆子,覆盆莓
豬後腿肉,豬腿
杏仁豆腐,五彩杏仁豆腐
筊白筍,腳白筍
吉利T,吉利T片
豬骨,肋骨
韓式煎餅粉,韓國煎餅粉
甜桃,甜桃果肉
豆腐,豆腐塊
熱狗,熱狗
番茜粉,番茜粉
葡萄汁,葡萄汁
金針花,乾金針
橙皮,大橙皮
果泥清蒸蟹,果泥清蒸蟹
彩色糖珠,裝飾用彩豆
柿種,龜田柿種
﻿牛肉,牛
烤肉醬,韓式燒烤醬
玉米脆片,玉米片
烤肉醬,炭烤醬
水,純水
芒果,芒果
荸薺,荸薺
光餅,光餅
豆豉,蔭鼓仔
澄粉,小麥澄面
豬梅花肉,豬梅花肉片
通草,通草
起司粉,芝士碎
大芥菜,大芥菜
混合菇,義大利野菇
雞肉,雞片
沙茶湯底,沙茶湯底
苦瓜,白玉苦瓜
愛玉子,天然愛玉籽
橄欖,橄欖
海鮮濃湯,海鮮濃湯
米紙,米紙
拉麵,中華麵
海藻,乾燥紫晶藻
魚下巴,龍斑珍饕下巴片
薑,薑汁
西瓜,西瓜皮肉
北平烤鴨,北平烤鴨切片
月桂葉,月桂菜
山藥,紅山藥
片糖,片糖
乾燒醬,乾燒醬
抓餅,冷凍抓餅
泡打粉,發粉
豬尾巴,豬尾巴
澄粉,小麥橙面
酸枳醬,酸枳醬
奧勒岡,奧勒岡
薏仁,薏芢
拔葉萵苣,綠拔葉萵苣
裝飾糖粒,裝飾用糖果
丁香魚,丁香魚
蘋果派,立基蘋果派
酸辣湯包,康寶川式酸辣湯
砂糖,台糖精製特砂
粉圓,粉圓粉
蒜花,蒜苔
蒜苗,蒜苗
意麵,意粉
米,米
巧克磚,可可磚
三角仔,三角仔
興渠,薰渠
蝦,草蝦
丁骨牛排,丁骨牛排
南乳汁,南乳汁
黃花蜜菜,黃花蜜菜
美式綜合調味粉,美式綜合調味粉
花椰菜,綠花椰菜
胡椒粉,胡叔粉
豬肉,掛川完熟酵母豬
牛奶,低脂鮮乳
塔香油膏,塔香油膏
蔥,蔥尾
紅豆餡,大紅豆丁
橙皮,橙皮丁
當歸藥包,當歸藥包
大閘蟹,大閘蟹
蔬菜,蔬菜罐頭
假人蔘,福參
雞胸肉,無骨雞胸肉
寒天,寒天
香菜,芫茜碎
豆蔻,現磨肉荳蔻
金桔,金棗
低筋麵粉,薄力粉
麥片,有機果麥
醬油膏,黑抽
筍,筍塊
洛神花,洛神葵
胡椒粉,黑胡椒
馬茲拉起司,mazzarella Cheese絲
蘭姆酒,Rum
葛鬱金粉,粉薯粉
香草,普羅旺斯風味乾燥香草
銀粉,烘培銀珠
混合生豆,混合生豆
海鹽,天然鹽
TABASCO,TABASCO
奶油,純忌廉
雪菊,雪菊
荳蔻粉,豆寇粉
白花椰菜,白花椰
粄條,客家板條
花萼,花萼
雪裡紅,雪菜
炸豆包皮,炸豆包皮
蘆筍,露荀
氣泡酒,粉紅氣泡酒
高梁,高梁
鱒鮭,鱒鮭
奶油起司,室溫creamcheeze
章魚,小章魚
七葉膽,絞股藍
綠豆湯,綠豆湯
鳴戶卷,鳴戶卷
蔬菜素凍,蔬菜素凍
?菜,?菜
爆米花,爆米花
莧菜,白莧菜
雞蛋糕粉,雞蛋糕粉
馬茲拉起司,帕馬士芝士粉
梅花肉片,五花火鍋片
刺鯧,玉昌
河鰻,河鰻
麥皮蟲,麥皮蟲
牛腩醬,牛腩醬
荊芥,假蘇
咖喱醬,紅咖喱醬
孟宗竹筍,春筍
豬五花肉,去骨帶皮腩肉
辣油,花椒油
奶粉,紅牛全脂奶粉
象魚,象魚
元宵,元宵
海燕窩,海燕窩
豆腐乳,豆乳
柳橙,柳 橙
五香粉,五香粉
苜蓿芽,苜蓿芽
藥燉排骨藥包,藥燉排骨藥包
珊瑚菇,珊瑚菇
麥芽精,麥芽精粉
香精,草莓醬香料
香蕉,芎蕉
鴨翅膀,鴨翅
紅扁豆,茶豆
柳葉魚,柳葉魚
天廚麻婆調理包,天廚麻婆調理包
小番茄,小聖女
布利乳酪,布利乳酪
越式涼拌汁,越式涼拌汁
紫蘇,白蘇
黃豆粉,大豆粉
海菜,水白菜
蘋果,富士小蘋果
帕馬森起司,帕碼森乾酪
西梅乾,進口西梅乾
土司,土司
橘子,茂谷
紅醬,普羅旺斯風味紅醬
植物油,冷壓椰子油
馬卡龍餅,台式馬卡龍小西點
布丁,布丁
馬茲拉起司,Mozzarella Cheese
芋泥,市售蜜芋泥
辣油,辣籽油
魷魚乾,魷魚片
花生,蒜味花生粒
夏威夷豆,夏威夷果仁
羊大骨,羊骨
豬胛心肉,豬頸肉
櫻花蝦,櫻花蝦
乳化劑,起泡劑
酸梅湯,醃梅汁
澄粉,澄面
櫻桃,鶯桃
假人蔘,土參
蔬果粉,蔬果調味粉
?蝦蛄,蝦姑
嫩肉粉,鬆肉粉
小黃瓜,小黃瓜絲
油飯,油飯
貝禮詩奶酒,貝禮詩奶酒
碟瓜,飛碟蝶瓜
蓮茸,蓮茸
蜜汁醬,李錦記蜜汁醬
辣椒乾,乾辣椒段
奧勒岡,oregano
奶油起司,卡夫Creamcheese
橘子汁,蜜柑汁
白玉粉,白玉粉
雪蛤膏,雪蛤膏
歐石南,歐石南
楊桃汁,楊桃汁
洛神花,洛神花萼
派餅,派餅
香精,香精
松子仁,松子
焦糖,焦糖糖
豬肉片,肉片
烏蔘,烏參
嘉寶瓜,嘉寶瓜
莎莎醬,莎莎醬
沙姜,土麝香
排骨湯塊,排骨湯塊
雜糧麵包,多穀物雜糧麵包
綠茶,綠搽粉
破布子蒸肉,破布子蒸肉
蒔蘿粉,蒔羅粉
沙蟹,沙蟹
能量粉,能量粉
柚醋醬,日式柚醋醬
小番茄,車厘茄
胡蘿蔔,紅蘿葡
卡非醬,巴黎風卡非醬
通心粉,空心粉
普羅旺斯燉菜,普羅旺斯燉菜罐頭 Ratatouille
豬里肌肉排,豬里肌排
山藥粉,山藥粉
筊白筍,茭草
苦苣,吉康菜
米,稻米
雪花雞米,雪花雞米
瑪斯卡彭起司,馬斯卡彭起司Mascarponecheese
辣椒粉,匈牙利粉
沙嗲醬,沙爹醬
蝦排,自製蝦排
椒鹽,花椒鹽
和風醬,萬家香。和風沙拉醬
生菜沙拉葉,瑞西沙拉
醬油,萬家香大吟釀
奶酪,水牛奶酪球
糙米,三寶米
脆藻,寒天脆藻
樹莓,樹莓
豬骨,賓仔骨
Q梅,清亮有機Q梅
鱒魚,雪山鱒魚
米,精米
甜桃,白甜桃
南瓜,南瓜絲
豆包,豆包
優格,優格
炸雞,炸雞塊
吉利丁　,Gelatine
紅薏仁,紅薏仁
意麵,意麵
爆米花玉米,爆米花玉米
高麗蔘精,高麗蔘精
甜椒,黃紅彩椒
沙薑,埔薑花
人蔘,高麗蔘粉
西洋芹菜,美國芹菜
香草籽,香草籽
玉帶根,洋珊瑚
蟹肉棒,鱘味棒
西瓜,西瓜皮白色果肉
藥燉湯底,藥補湯頭
切達起司,車打奶酪
牛後腿肉,澳冷藏牛腿排
酸黃瓜,酸瓜
蔬菜,新鮮蔬菜
甘蔗汁,甘蔗汁
鵝血,鵝血
軟絲仔?,軟施
草仔粿,鼠麴粿
鵝胸肉,去骨帶皮鵝胸
苦茶油,冷壓 苦茶油
海鮮羹,海鮮羹
棒棒腿,棒棒小雞腿
白蘭地,干邑白蘭地
橘子,年柑
鮑片,螺片
燕窩,品御方 - 品燕盞
沙薑,三奈粉
瑞士捲,基本原味瑞士捲
冰塊,冰塊
鼠麴,鼠麴草
燒酒雞藥包,燒酒雞調味包
金萱,歐蕾
蝦餃,翡翠鮮蝦餃
紫羅蘭粉,歐洲紫羅蘭粉
塔克皮,塔克皮
牡蠣,生蚵
杏鮑菇,杏鮑菇
豬耳朵,豬頭皮
醬油,龜甲萬昆布料亭和露
千層香酥薄餅,千層香酥薄餅
棒棒腿,棒棒雞腿
綠竹筍,綠竹荀
帕馬森起司,Parmesancheese
辣椒,唐辛子
土司,冷藏冰種
水餃,水餃
植物油,花生油
海藻,海藻
甘蔗渣,碎甘蔗渣
冰糖,冰塘
燒雞醬,燒雞醬
豇豆,豆角
百合,百合
可麗餅,可麗餅
牛肉丸子,IKEA牛肉丸子
蕎麥,三角麥
印度香料,印度香料
蟳,紅蟳
牛奶,牛奶
紅蟹,紅蟹
辣椒粉,一味粉
卡門貝爾起司,卡門貝爾起司
冰糖,冰糖
虎豆,虎仔豆
香腸,一口腸
鯖魚,靖魚
桔香料,桔香料
雞蛋,元氣御選白殼蛋
本菇,韓國本菇
滷汁,滷汁
龍葵,黑子菜
湯筍,湯筍
洋蔥,蔥頭
蛋皮,厚蛋皮
糖果,彩色糖果珠
孜然,孜然粉
酵母粉,效母粉
香草,香草葉
慕斯粉,克寧姆粉
豬耳朵,豬頭肉
糯米,圓糯米
青衣魚,舒氏豬齒魚
花魚,花魚
李子,黃肉李
醃蔥頭,醃蔥頭碎
乳香醬,乳香醬
旭蟹,旭蟹
普洱茶,普洱茶
蜜桃汁,蜜桃罐頭汁
蔥,青蔥
苦苣,菊苣
黃花蜜菜,黃花蜜草
蔬菜,青蔬
青椒,綠椒丁
豆花,豆花
肝連肉,肝連肉
香料,綜合醃漬香料
小麥,粗麥粒Bulgur
土司邊,土司邊
法式香料,法式綜合香料
綠豆芽,豆芽
能量飲料,能量飲料
月桂葉,月桂片
剉冰,細剉冰
酸豆,羅望果子
真姬菇,玉蕈
韓國辣炒醬,韓國辣炒醬
蔘鬚,人參鬚
和風醬,市售日式和風醬
醃料包,醃料包
京醬牛肉炒醬,京醬牛肉炒醬
鴿蛋,鴿蛋
諾鈣C發泡錠,諾鈣C發泡錠
金茸,金茸菇
藥燉包,藥膳藥包
牛奶,瑞穗鮮乳
菊花,菊花
四物藥包,純四物
豬尾巴,豬尾椎
甜菊,台灣甜菊
椰子汁,椰子汁
和風醬,日式和風醬
午餐肉,午餐肉
塔塔粉,塔塔粉
蔬菜麵,紅蘿蔔麵
高筋麵粉,高粉
米,野米
臻果巧可力醬,Nutella
豬腳,豬手
叉燒肉,叉燒
澤瀉,澤瀉
綠豆芽,巧芽
虱目魚,虱目魚
香茅,香茅
香茹,香茹
川牛膝,川牛膝
百頁豆腐,厚百頁
黃色色素,黃色5號色素
全雞,Whole chicken
水,水
便當,串燒便當
茄子,紫茄
果茸,紅桑莓茸
高梁,高粱
啤酒,黑啤酒
桑葚,桑葚果粒
玉竹,尾參
餅乾派殼,餅乾派殼
紅棗,三棗
芥蘭菜,格蘭菜
奶混合奶油,Half and Half
素豆腸,素豆腸
柳橙,橙子
龍眼乾,桂圓乾碎
樹薯,樹薯
黑鹽,黑鹽
排骨飯,懷舊風滷排骨飯
醃醬,醃醬
餅乾,全麥酥餅乾grahamcracker
白汁粉,白汁粉
紅龜粿,紅龜粿
牛腱,牛腱肉
鮮雞晶,鮮雞晶
寧波年糕,寧波年糕
貝芽菜,貝芽菜
堅果,萬歲牌珍味雙果
馬麥醬,Marmite
九孔,有名堂貴妃鮑片
燕麥,燕麥片
蘇打餅,蘇打餅
豬骨,腿骨
大白菜,結球白菜
辣椒粉,韓式辣椒粉
雞翅,雞中翅
胡麻醬,日本胡麻醬
海珊瑚,珊瑚草
全雞,全雞
舞菇,舞菇
筍瓜,筍瓜
海蟹,海蟹
酒,梅酒
起司,起絲
攤餅,攤餅
雞翅,雞中翼
鮮味炒手,調味料-鮮味炒手
麵,麵
苜蓿芽,苜素芽
蔬菜,7-11的三色果物
豬里肌肉排,帶骨里肌排
海珊瑚,麒麟菜
舞茸,灰樹花
黃色色素,黃食用色膏
塔皮,現成小派塔
鴕鳥頸肉,鴕鳥頸肉
紅扁豆,紅肉豆
青星九刺鮨,青星九棘鱸
起司,軟起司
福州丸,福州丸
蔬菜,川燙蔬菜
黑醬,韓式黑醬包
芒果乾,芒果乾
胡椒粉,胡椒粒
含片,含片
預拌粉,黑糖糕預拌粉
松阪豬,菘板肉
艾草,艾草乾
紅茶,伯爵茶包
菜豆,蔬菜豆
芒果,芒果肉
湯圓,桂冠紅趜芝麻湯圓
麥芽糖,精緻麥芽
胡椒粉,黑胡楜粉
筊白筍,菰蔣
紅糯米,有機紅糯米
梅菜,霉乾菜
牛菲力,牛里脊肉
洋蔥,洋蔥片
紅醬,泰式紅醬
波士頓萵苣,波士頓萵苣
紫洋蔥,紫蔥頭
奶酪,酸奶酪
太白粉,片粟粉
香鬆,飯島香鬆
月桂葉,月桂葉
薏仁,意仁
翻車魚,頭魚
蜜餞,李鹹
加州李,加州紅李
米粉,米粉
金銀花,金銀花
砂糖,糖
穀片,Special K香脆麥米片
藍起司,藍紋乾酪
雞油,雞腹油
淡小蘿蔔水泡菜,淡小蘿蔔水泡菜
蟹腳,蟹腳
蟹腳,蟹腿
蘿蔔葉,蘿蔔葉
梨子,水梨絲
覆盆子,覆盆子
雞蓉,雞蓉
薑,薑泥
焦糖絲,市售焦糖絲
海帶,海帶
色素,Kool-aid
九孔,孔雀蛤
梅子汁,漬梅汁
蕺菜,蕺
麥茶,麥茶
帕馬森起司,帕米森起司屑
阿摩尼亞,阿摩尼亞
菌菇,茹類
預拌粉,地中海預拌粉
法國麵包,軟法
焗烤起司,比薩cheese
煉乳,鷹牌乳奶
黑糖塊,黑糖塊
花椰菜,西蘭花
關東煮,其他關東煮料
魚肉,魚排
酸黃瓜,碎瓜
酸辣醬,泰式酸辣汁
甘草粉,甘草粉
中東麵餅,口袋餅
豬大腸,豬大腸
鴨,鴨子
A菜,臺灣萵菜
牛肉片,火鍋牛肉片
焦糖醬,焦糖醬
菠菜,波菜梗
腐皮,豆皮
山葵,哇沙咪牙膏形
餅乾粉,魔法餅乾粉
粉漿,粉漿
印度香料,格蘭馬撒拉粉
馬茲拉起司,水牛起司
豬梅花肉,豬梅肉
螺肉,黑螺肉
辣椒醬,辣醬
糖果,香草糖
全麥麵粉,大麥苗粉
冬蟲夏草,虫草菌絲
孟宗竹筍,毛竹
蘋果醬,自製蘋果醬
翅膀豆,翅膀豆
蛋黃果,仙桃
餅乾,鹹餅乾
老土司,老土司
蔥,珠蔥綠
綠竹筍,綠仔筍
棉花糖,香草棉花糖
混合菇,菇神乾燥菇
中筋麵粉,中筋
蔥,蔥丁
二砂糖,二號砂
帕馬森起司,Parmesan乾酪
魚肚,魚肚檔
墨西哥餅皮,塔可餅
大麥仁,洋薏仁
白汁粉,家樂牌高級白汁粉
洋蔥,洋蔥
花生,椒麻花生粒
綠豆芽,豆芽菜
鳳梨,突目1號鳳梨
荸薺,荸齊丁
佛手瓜,隼人瓜
金桔汁,桔汁
堅果,nuts
蟹腳,蟹箝
班蘭葉,班蘭葉
紫米,紫米
土司,全麥土司
綠豆,青豆
八角,大茴粉
豆蔻,玉果
食鹽,粉晶鹽
豬腳,豬角肉
明日葉,咸草
蝦餃,桂冠蝦球
韓國年糕,韓國年糕
貝果,抹茶貝果
溪蝦,溪蝦
蝦仁,新鮮蝦肉
龍眼乾,桂圓乾
甜椒,迷你彩椒
鹹鴨蛋,鹹蛋
麥冬,麥冬
珍菇,珍菇
干貝,鮮干貝
米,五穀米
貝禮詩奶酒,貝里詩奶酒
蘋果派,蘋果派
中式麵餅,中式麵餅
楊桃,洋桃
穀粉,穀物粉
秈米,在來米
黃桃,黃桃
酒釀,江米酒
蔥油醬,紅蔥油醬
鱈魚,雪魚
豬母菜,豬母菜
Q梅,有機Q梅
三色蔬菜,三色蔬菜
起酥片,冷涷起酥片
蕃茄沙司,罐裝蕃茄沙司
蛋餅,蛋餅
瑞士捲,瑞士捲
火鍋料,蛋餃
飯,糙米飯
鹹魚,鹹魚
腐皮,豆衣
椰蓉,椰蓉
海蝦,紅蝦
鴨血,鴨血
豬里肌,裏肌肉
吉利丁　,魚膠
銀魚,銀魚
話梅,酸梅
蛋黃果,蛋黃果
清湯底,清湯底
帝王蟹,帝王蟹
蒔蘿粉,乾蒔羅粉
桃子,冷凍蜜桃
鹽焗雞香料粉,鹽焗雞香料粉
筊白筍,茭筍
雞腿肉,去骨仿仔雞腿
白曝油,白曝油
餅乾,全麥餅乾
八角,8角
辣椒粉,細辣椒粉
龍眼乾,好友牌龍眼乾
A1醬,A1汁
象牙鳳螺,風螺
菜鴨,菜鴨
御飯糰雙手捲,御飯糰雙手捲
肉塊,肉塊
煉乳,煉奶
莎莎醬,沙沙醬
土司,切片土司
龍眼乾,元肉
混合菇,無二菇
英式馬芬,英式馬芬English muffin
酒,茉莉花酒
銀粉,銀珠
酵母粉,速發酵母粉
瑞士捲,椰香瑞士卷
椰奶,椰醬
九層塔,九成塔
生菜沙拉,7-11一日野菜
味噌,味增有顆粒
花椰菜,燙熟青花椰
蔥,切碎細蔥
奶泡,冰奶泡
雞腿肉,腳腿肉
甘露子,土冬蟲草
雞酒,麻油雞
青醬,蘿勒醬
帶魚,白帶魚
焗烤起司,焗烤專用雙色起司
奶油,忌廉
味噌,甜味增
中濃醬,伍斯達醬
熟烤雞胸,熟烤雞胸
小蘇打粉,蘇打粉
香菇,北菇
豬肉塊,豬肉塊
牛肋排,牛勒條
辣椒粉,三椒粉
豆薯,沙葛
白蘿蔔,白蘿葡
桂花醬,桂花醬
葡萄乾,青堤子
五香包,五香包
落葵,胡臙脂
冬瓜,冬瓜
醬瓜,醬瓜
胡椒粉,白楜椒
羊肉片,羊肉片
蒜苗,蒜絲
鹹肉,家鄉肉
越式湯頭,越式湯頭
海苔,海苔絲
羅勒子,Chia seeds
芋頭,香芋
鹹鴨蛋,鹹蛋黃
打拋葉,打拋
飯團,小飯糰
紅糯米,紅糯米
橘子,茂谷柑
油,煎餅用油
麝香草,百里香
辣椒,魔鬼椒
紅目鰱,新合發紅目鰱
碳酸氫銨,銨粉
冬粉,粗粉
奶油,butter
明太子,辣味明太子
蒲公英,蒲公英
黃瓜,黃瓜
筍乾,扁筍
多利魚,馬頭鯛
白表,白表
李子,紅肉李
魚頭,魚頭
大麥,什錦果麥
龍蝦,龍蝦
日本油菜,7-11鮮採小松葉
食茱萸,椿葉花椒
蠔油,蠔油
消化餅乾,原味消化餅
甘露子,地牯牛
豆干,小豆干
甘露子,寶塔菜
蛋塔液,蛋塔液
切達起司,高達起司
麻吉燒,麻吉燒
雞蛋,石安牧場動福蛋
金針菇,金菇菜
芥末,芥末醬
油揚,炸豆腐薄片
蝦殼,新鮮蝦殼
山核桃,山核桃
鰤魚,油甘魚
肯瓊粉,紐奧良綜合香料粉
木瓜,蓬生果
蘿蔓萵苣,光合農場安心菜-省產蘿美
香茅,檸檬草
醬油,龜甲萬
鵝胸肉,鵝胸肉
麥門冬,麥門冬
醃紅梅肉,醃紅梅肉
肥膘,肥肉
醬油膏,香油膏
土耳其餅,土耳其餅
法國麵包,法國長棍
咖哩,祇園味幸的黃金一味咖喱塊
板腱肉,板腱肉
紅糟,紅麴
黑醬,韓國春醬
沙茶醬,牛頭牌麻辣茶醬
吉利丁　,動物膠
咖喱醬,綠咖喱醬
話梅,甜橘梅
落葵,牛皮凍
滷蛋,滷蛋
雞肉絲,雞絲
素肉,有機素碎肉
車前草,五更草
鵝掌,白鵝掌
腰尺,腰尺
鵝肉,鵝肉
藜麥,紅藜
鮮味炒手,鮮味抄手
紅扁豆,肉豆
鵝肝,鵝肝
蘆筍,露筍
高湯,蔬菜高湯
雞醬,泰式辣味雞醬
素雞,素雞
肉餡,肉餡
泡菜,韓式泡菜
香精,雲呢拿香精
人蔘,人篸片
傳統英國茶,英國茶
荸薺,鳧茈
杏鮑菇,杏鮑姑
鴨舌頭,鴨舌頭
油,OIL
奧勒岡,奧力岡香料
綠豆,綠豆子
紅醬,茄汁淋醬
青嘴魚,星斑裸頰鯛
麥芽,麥芽
食茱萸,食茱萸
鱈場蟹,鱈場蟹
辣根,粉山葵
蒜,蒜切末
麻竹筍,麻筍
杏鮑菇,杏包菇丁
脆瓜,醬脆瓜
蛋黃粉,蛋黃粉
香糟露,香糟露
酵素,摩奇軟
大骨湯,總舖獅金黃大骨湯包
優酪乳,酸乳酪
食茱萸,仁刺蔥
銀耳,銀耳
箭竹筍,孤竹仔筍
檸檬皮,檸檬皮末
綠豆湯,綠豆湯粒
櫻桃,楔荊桃
玫瑰花,乾燥玫瑰花
吻仔魚,吻仔魚
扁食皮,扁食皮
大白菜,山東白菜
糖果,食用聖誕造型糖果
葡萄乾,葡萄乾
燒雞醬,泰式燒雞醬
蛋黃醬,蛋黃醬
醬油膏,蠔油膏
板藍根,大青根
西班牙辣腸,辣肉腸
金線蓮,金線蓮
紫高麗菜,紅包心菜
鴨腿,鴨脾
紅棗,泡發紅棗
巧克力粉,無糖朱古力粉
義大利麵,寬麵
青草茶,青草茶
青椒,青椒片
鬆餅粉,全麥鬆餅粉
荷蘭豆,荷蘭豆
莓果粉,莓果粉
瑞可達起司,Ricotta
甜菜,根甜菜
Oreo餅乾,小的歐利歐餅乾
香蘭汁,香蘭汁
九層塔,九重塔
嘴邊肉,嘴邊肉
豆輪,豆輪
菜薊,洋薊
法國麵包,法式長棍麵包
甘露子,地蠶
蔬菜,疏果
彩米,黃色彩米
紅糯米,紅米
孟宗竹筍,貓頭竹
秋葵,秋癸
九孔,淡菜
肉餡,基本肉餡
全雞,公雞
麻油,麻油
炒蛋,抄蛋
起司,吉士片
大麻籽,麻仁
花生,炸熟花生
紫高麗菜,赤球甘藍
豬絞肉,豬餃肉
馬麥醬,馬麥醬
穀類,早餐谷類食物
七葉膽,南方人參
梅子汁,梅汁酸
豬五花肉,豬五花
蛋捲糊,蛋捲糊
康寶濃湯,濃湯包
奶球,奶油球
豆干,豆干
起司,片裝芝士
蛋炒飯,冷凍蛋炒飯
鯊魚,沙魚
脆瓜,脆瓜片
葛鬱金粉,葛玉金粉
海蝦,海蝦
乳瑪琳,瑪琪淋
果乾,纖果
雪花菇,雪花菇
紫洋蔥,紫胡蔥
吻仔魚,勿仔魚
肉汁,濃肉汁
辣椒醬,罐頭麻辣醬
肉餡,調味肉餡
洋蔥,泮蔥
芡水,太白水勾芡
吉利T,植物膠
燉排骨,燉排骨
柚子茶,柚子茶
塔皮,小蛋塔皮
稜角絲瓜,稜角絲瓜
麻薏,麻芛
吉利丁　,吉利粉
沙薑,山柰
白剌蝦,白剌蝦
小麥啤酒,小麥啤酒
麥芽糖,透明麥芽
橄欖油,橄爛油
蔬菜,蔬果
冬粉,粉條
甘露子,地鈕
羽衣甘藍,羽衣甘藍菜
松阪豬,松板豬
稜角絲瓜,十角絲瓜
山竹,山竹
全雞,肉雞
山竹,山竺
糖鹽,糖鹽
牛舌,牛舌
色素,色膏
子排,豬腩排
荸薺,馬蹄肉
高麗菜,高梨菜絲
植物油,COCO FRESCO 椰子油
藤壺,藤壺
馬茲拉起司,Mozzarella 起司
香精,雲尼拿油
餅乾,餅乾底
桔醬,桔子醬
莧菜,莕菜
粑粑絲醬,粑粑絲醬
起司腸,起司腸
龍葵,天茄子
香筍,脆筍
南瓜籽,南瓜籽
啤酒,啤酒
鍋餅,鍋餅
全雞,雞
冬粉,綠豆粉絲
大麥,大麥
裝飾糖粒,糖霜
切達起司,Cheddar cheese
苦茶油,茶仔油
棒棒腿,棒棒腿
素肉,素羊肉
甜燒餅,甜燒餅
豆瓣醬,辣豆拌醬
大骨湯,大骨濃湯
麥芽,麥芽糖
雞湯,雞湯
節瓜,櫛瓜片
全雞,仿土母雞
水蓮菜,水皮蓮
玫瑰花,乾玫瑰花
豬油,板絞油
火腿,活腿
照燒親子滑蛋,照燒親子滑蛋
藜麥,印地安麥
土司,白土司
腰子,腰子
決明子,決明子
橙橘,橙橘
茶泡飯料,茶泡飯料
海燕窩,海石花
葵瓜子,葵花子
檸檬汁,檸檬原汁
雞肉,肉雞切塊
肝連肉,肝肉
黑豆芽,黑豆芽
鷹嘴豆,埃及豆
法國麵粉,法國麵粉
伍斯特醬,辣醬油
廣式烤鴨,廣式烤鴨
起司,自製起司
牛蒡,東洋參
柳葉魚,多春魚
黑豆瓣醬,黑豆瓣醬
雞蛋,蛋蛋
烤肉醬,OK醬
燉排骨,柿乾燉排骨
粉圓,珍珠粉圓
?菜,韭菜葉
小魚乾,小魚乾
豬母菜,馬齒菜
綠金針,青金針花
決明子,馬蹄決明
金門蟹,金門蟹
牛腩醬,義大利式牛腩醬
蘆筍,白蘆筍
雞米花,雞球
雞醬,泰式雞醬
芋頭,里芋
金針花,金針花
柴魚粉,木魚粉
胡蘿蔔,胡蘿波
寬冬粉,寬粉
椒鹽,特製椒鹽
羊起司,羊乳酪
黃耆,黃薺
草莓,新鮮草苺
巴西里,巴西力
雞蛋麵,雞蛋麵
車前草,車前草
紅麴米,紅曲米
素蠔油,素蠔油
滷汁,滷肉汁
班蘭葉,新鮮班蘭葉
紅罌栗泥,紅罌栗泥
蝦湯,蝦湯
布蕾粉,布蕾粉
普羅旺斯燉菜,Ratatouille
南瓜,倭瓜
蹄膀,豬前腿蹄螃
米,香米
雞蛋殼,雞蛋殼
牡蠣,鮮蚵
丁骨牛排,紐約克牛排
菜薊,朝鮮薊
小番茄,小番球
小麥啤酒,Beer
柳橙汁,柳汀汁
紅蔥頭,小紅蔥
阿摩尼亞,臭粉
豌豆仁,荷蘭豆仁
葡萄,紫葡萄
香腸,香 腸
米椒,米椒
毛蟹,毛蟹
佛跳牆,佛跳牆
雞排,碳烤雞排
紫米,黑米
瘦肉丁,瘦肉丁
薯條,Jagabee
Q梅,亮農場有機Q梅
蘆筍,筍草
炸豆腐,酥炸豆腐
墨魚汁,新鮮墨魚汁
薺菜,地菜
果凍液,紅果果凍液
馬卡龍殼,馬卡龍殼
火雞肉,火雞胸肉
柳橙,橙類
起司,硬乾酪
美乃滋,美乃茲
胛心排,上排
薑,嫩薑絲
膏蟹,蝤蛑
麵包,歐式麵包
炸雞,小雞塊
豬腳,急凍咸豬手
皮絲,皮絲
核桃,胡桃
植物油,茶籽油
柴魚粉,柴魚片
辣椒醬,巿售麻辣醬
大白菜,卷心白菜
蔥油,紅蔥油
酸黃瓜,酸黃瓜
牛奶,安佳鮮乳脂
川牛膝,甜牛膝
大芥菜,大葉芥菜
燕尾斑,燕尾斑
蛋鬆,蛋酥
烤牛肉片,切片烤牛肉
滷元蹄,滷好的元蹄
黃鰭鯛,黃鰭棘鯛
山芹菜,中芹
甜菜,紅菜頭
筍,油筍罐頭
蠶豆酥,蠶豆酥
鷹嘴豆,雞豆罐頭
庫司庫司,couscous
Oreo餅乾,Oreo
諾鈣C發泡錠,諾鈣C發泡鈣
魚高湯,魚高湯
西洋芹菜,西菜末
臘腸,臘腸
披薩,皮薩
螃蟹,大沙母
黑豆,黑大豆
西葫蘆,西葫蘆
豌豆芽,豌豆嬰
蔥油,小磨坊蔥油
鴨脖子,鴨脖子
冬蟲夏草,蟲草菌絲
清湯底,嘉浴利清湯
包心芥菜,包心刈菜
馬茲拉起司,馬蘇里拉芝士碎
蓮子,蓮子
黑醬,韓國炸醬
雞胸肉,清胸肉
芥末,奶香芥未醬
混合菇,綜合菇
香蒜粉,味好美蒜香粉
蘆筍,門冬薯
蝦,特選大蝦
高湯,大骨高湯
炸雞,冷凍炸雞塊
牛肉片,牛肉片
柚子,文旦
胡蘿蔔,紅羅蔔碎
鮮奶油,植鮮
打拋醬,泰國打拋醬
芹菜,芹菜段
天婦羅,天婦羅
黃鰭鯛,赤翅
櫻花,櫻花泥
馬茲拉起司,瑪茲拉起司
水,涼開水
鬆糕,鬆糕
脆藻,脆藻
苜宿芽,苜宿芽
大頭菜,球莖甘藍
黑輪,黑輪卷
紫羅蘭粉,紫羅蘭粉
梅子粉,白梅粉
香菜,香菜梗段
水蓮菜,水蓮
八寶粥,八寶燕麥粥
肉排,手工肉排
廣東萵苣,皺萵仔菜
馬頭魚,馬頭魚
薏仁,大薏仁
豆花粉,豆花粉
甜珠草,甜珠草
封仔雞,風仔雞
千層香酥薄餅,御餅
蓮霧,水蓊
義大利醬,義大利麵醬
牛奶,淡奶
蕺菜,臭臊草
廣東萵苣,縮葉萵苣
麻糬粉,超軟麻薯粉
帕馬森起司,帕瑪森 cheese
辣椒,辣椒丁
炸雞腿,去骨炸雞腿
酵素,酵素
芋粿,芋粿巧
海鮮,普羅旺斯海鮮
假人蔘,參仔草
檸檬茶,檸檬紅茶
奶油起司,creac cheese
蝦泥,蝦末
節瓜花,節瓜花
椰糖,椰糖
椰糖,小椰糖
刺柏,刺柏
魚露,泰國魚露
板藍根,?靛根
蔘鬚,參鬍
黃精,黃精
義大利玉米粥,波倫塔
檸檬汁,Lemon汁
蘿蔔花,紅羅蔔花
辣椒醬,現成麻辣醬罐頭
蔘鬚,參鬚
葡萄乾,蔔萄乾
鰻魚,白鰻
三杯醬,三杯醬
柳橙,黃果
肉桂粉,油桂粉
紅醬,Classico義式紅醬
香蕉葉,香蕉葉
肉蓯蓉,肉從蓉
醬油膏,壺底油膏
﻿牛肉,牛半筋半肉
穀片,早餐穀麥
蜜漬橙皮丁,蜜漬橘皮
沙拉堡,沙拉堡
瑪斯卡彭起司,Mascarpone
匈牙利辣腸,匈牙利辣腸
糖漿,糖漿
鴨肉,鴨肉塊
土司,白吐司
茅根,茅根
糖果,糖果珠
泡芙,脆皮泡芙
濃縮奶,濃縮奶
帕馬森起司,帕馬森乾酪
番茄,綠番茄
康寶濃湯,康寶雞肉濃湯包
鱈魚,鱈魚
蘋果派餡,蘋果派餡
金眼鯛,紅皮刀魚片
全雞,老雞
蔥蛋,蔥蛋
蘭花干,花乾
葛粉,葛粉條
蜜漬橙皮丁,糖漬橘皮
白刀豆,白刀豆
菜豆,小敏豆
蘋果,青龍蘋果
香樁,香椿
砂糖,白沙糖
水,沸水
四色調味醬,四色調味醬
葵扇白菜,黑葉奶白菜
吉利丁　,魚膠粉
配方奶,配方奶
薤,蕎頭
藍藻粉,藍藻粉
豬蹄筋,豬蹄筋
起司,乾酪片
酸辣湯包,泰式酸辣湯包
?菜,?黃
起司,CHEESE片
太白粉,乾粉
起司粉,鮮奶酪粉
綜合穀麥片,五穀脆片
紅豆,小紅豆
豬肉絲,豬肉絲
香菜,芫茜
烤肉醬,燒肉沾醬
九層塔,9層塔
墨西哥香料,墨西哥粉
A菜,臺灣萵苣
火腿,生火腿
椪餅,椪餅
話梅,甜菊梅
鷹嘴豆,雪連子
瓠瓜,蒲瓜
太白粉,片栗粉
醬油膏,蔭油膏醬
馬茲拉起司,Mozzarella cheese
在來米粉,再來米粉
豬絞肉,豬攪肉
珍珠菇,如意珍珠菇
甜桃,美國甜桃
穀片,早餐彩色穀粒
全雞,鮮雞
洋蔥,洋蔥絲
農村派,農村派
草魚,草魚排
人蔘,切片蔘
義大利香料,義式香料
苜蓿芽,目宿芽
奧勒岡,奧力剛
牛骨,牛大骨
檸檬汁,青檸汁
高麗菜,高麗菜
紫薯粉,紫心甘薯粉
堅果,堅果
伍斯特醬,辣醋醬油
醬油露,淬釀的甘露之味
珍珠菇,小平菇
莓果乾,紅莓乾
石斑魚,石斑魚
奶油,無鹽butter
嘴邊肉,頰肉
桔醬,客家桔醬
馬茲拉起司,莫扎瑞拉起司
銀杏,白果
BB醬,B.B辣醬
石榴汁,石榴汁
麵粉,麵粉
香鬆,味島香鬆-瀨戶風味
牛奶,Milk
三點蟹,三點蟹
帕馬森起司,parmesan cheese
吉利丁　,吉利丁粉
豬排蓋飯,豬排蓋飯
蝦泥,蝦肉泥
榛果,榛果TPT
紅燒湯底,紅燒湯底
明日葉,長壽草
田雞,田雞肉
紫蘇,蘇葉
豬瘦肉,瘦豬肉
澎大海,澎大海
加州李,加州蜜李
茼蒿,茼萵
椰果,椰果
巧克力粉,可可粉末
烏殼綠竹筍,烏殼綠竹筍
高麗菜,冷凍甘藍
咖哩,日式咖裡塊
油,滾油
油粿,九層粿
蔥油,蔥油
雞肉,雞肉塊
酸豆,酸枳
混合生豆,八寶豆
白乳酪,義大利白乾酪
蝦仁乾,開洋
玉米脆片,玉米脆片
梅子,梅子
酸豆,酸果
帶魚,鐮刀魚
芭蕉葉,芭蕉葉
雞翅,小翅
鮮味炒手,鮮味炒手鏗魚風味
β-葡萄糖酸內酯,β-葡萄糖酸內脂
土虱魚,土殺
魷魚乾,吊片
豇豆,長豆切丁
青醬,青醬
秀珍菇,袖珍菇
壺底蔭醬,壺底蔭豆豉
炸粉,炸粉
馬茲拉起司,馬芝拉cheese
青衣魚,西齒
羊起司,羊奶起司
柴魚粉,鰹魚粉
柿子,紅柿對切
食用級竹炭粉,食用級竹炭粉
餅乾粉,現成餅乾粉
洋芋片,洋芋片
迷迭香,迷迭
焗烤起司,焗烤絲
蜜桃茶包,蜜桃茶包
醬瓜,蔭瓜汁
義式花香醬,義式花香醬
筍乾,酸筍干
魚丸,大虱丸
奶球,奶球
蟹黃,蟹黃醬
綿白糖,綿糖
爆香調味醬,爆香調味醬
鮭魚,燻鮭魚
可可豆,可可
薑,嫩薑切片
蜜餞,蜜餞
起司,新鮮起司
甜桃,黃甜桃
蛋白,蛋白
可爾必思,可爾必思液
油,沙拉油
粉蒸肉粉,粉蒸肉粉
龍葵,烏籽菜
松阪豬,松阪豬肉片
玉米醬,玉米醬
板豆腐,木棉豆腐
柳橙汁,柳澄汁
榛果,榛果焦糖碎粒
油,油炸用油
鋁粉,鋁粉
破布子湯汁,破布子湯汁
青龍辣椒,小青椒
落葵,鳳宮菜
松阪豬,霜降豬肉
洛神花,洛神花
蔥,蔥結
豬絞肉,攪肉
香鬆,千島香鬆
豆酥,碎豆酥
白扁豆,觀音豆
巴西里,巴西里碎
花茶包,花仙子萃麗包
肩胛小排,腱子排
甘蔗,紅甘蔗
金針菇,金菇
金銀菜,金菜
蔥,3星蔥
玉竹,女萎
煎餃皮,煎餃皮
廣東萵苣,皺妹菜
素麵包,素面包
豬絞肉,基本絞肉餡
麥粉,硬小麥粉
火龍果,紅火龍果果肉
煎包皮,煎包皮
素高湯,素高湯粉
蛋黃,白殼蛋黃
酵母粉,干酵母
酪漿,酪漿
魚露,魚露
砂糖,細砂
丹蔘,紅根
泡打粉,泡打粉
高梁酒,金門高粱酒38度
雞腿,雞大腿
油魚,油魚
豆瓣醬,豆瓣蒸醬
鮮味炒手,少手
酒,竹炭真露酒
龍眼,龍眼果肉
花椰菜,椰菜中型
秀珍菇,秀珍菇
蛋皮,蛋皮絲
豆腐,豆 腐
起司,即食起司條
鮑魚,黑鮑
花椰菜,青花椰菜
七葉膽,五葉蔘
素蠔油,素豪油
胡蘿蔔,紅蘿菠
香薷,香薷
麻辣鍋底,麻辣鍋
羊肉片,火鍋羊肉片
芥末,哇撒比
魯肉罐頭,魯肉罐頭
櫻花,櫻花
椰粉,細椰粉
烏醋,特濃烏酢
果漿,果漿
辣椒,干辣椒
筍,竹筍
荸薺,地梨
辣椒,Red Pepper
茄汁炒飯,茄醬炒飯
義大利麵,意大利面
山楂,山楂乾
紹興酒,黃酒
芥蘭菜,芥蘭
飯,乾飯
馬茲拉起司,馬自拉起司
巴西里,巴西里
玫瑰花,乾燥玫瑰花苞
荔枝蜜,荔枝蜜
雞卷沾醬,雞卷沾醬
奧勒岡,牛至
魚餃,魚餃
糯米,香糯
魚餅,魚餅
雲吞,餛飩
翡翠椒,翡翠椒
龍葵,龍葵
酒麴,香糟
花椒,山椒
西瓜,黑美人西瓜
棒棒腿,雞下髀
荷蘭豆,莢豌豆
栗子,秋栗
諾鈣C發泡錠,發泡錠
肉餡,基礎肉餡
照燒豬肉,照燒豬肉
植物油,純正芥花油
十全藥包,十全藥燉中藥材
伍斯特醬,Worcester汁
豬梅花肉,梅花里肌
滷汁,綜合魯包
香鬆,市售香鬆
糖果,棒棒糖
豬油,豬板油
腰果,雞腰果
炒飯,桂冠微波炒飯
過溝菜,過衰貓
青花椒,四川青花椒
蒜味醬,香蒜抹醬
雞肝,雞瞄
香草雞,香草雞
滷肉,滷肉
櫻桃派,櫻桃派
大阪燒醬汁,日式大阪燒醬
蝦仁,草蝦仁
潛水艇堡,潛艇堡
香精,香蘭葉濃縮液
消化餅乾,消化餅碎
印度香料,坦都香料粉
無子葡萄,無子葡萄
瑪斯卡彭起司,瑪斯卡彭
荸薺,孛薺
粗豆醬,粗豆醬
肥膘,肥膘
Oreo餅乾,OREO
蠔醬,蠔醬
豬脆管,豬脆管
消化餅乾,全麥消化餅乾
瑪斯卡彭起司,瑪斯卡彭起司
巴西里,巴西利
苦茶油,茶油
黑木耳,野生川耳
蘿蔓萵苣,籮蔓
七味粉,七味
牛排,牛排肉
古斯米,COUSCOUS
醬油膏,LEHO蘭級蔭油
豬里肌,小里肌肉
鹽漬紅鮭,鹽漬紅鮭
粉皮,粉皮條
大白菜,大白菜葉
香料,乾燥香料
水,熱水
紅條魚,野生東星斑
熱帶風情茶包,熱帶風情茶包
益母草,茺蔚
客家褔菜,客家褔菜
羊里肌肉,羊大里肌
漢堡麵包,漢堡麵包
棒棒腿,小雞腱
凱薩醬,經典凱薩醬
黃麻菜,埃及帝王菜
蒜蓉蔥油膏,蒜蓉油膏醬
醋栗,鵝莓
紅罌栗泥,裝飾用紅罌栗泥
羊腰脊肉,羊腰脊
番薯,紫芋甘藷
格呂耶爾起司,GruyereCheese
鮭魚,鮭魚尾
蒜,蒜頭末
梅子粉,梅粉
糖果,蝴蝶結-心型糖果
西檸汁,西檸汁
車輪餅,車輪餅
甘草,甘草片
牛腱,腱子心
穀片,家樂氏Special K香脆麥米片
黑芝麻粉,芝?
麥粉,全粒粉
蔓越莓,曼越莓
塔皮,市售小塔皮
莓果乾,野櫻莓果乾
馬茲拉起司,馬芝瑞拉起司條
黑木耳,木蛾
牛肉湯,牛肉湯
辣根,馬蘿蔔
梅精,梅精
珍珠菇,姬菇
臻果巧可力醬,臻果巧可力醬
假人蔘,土洋參
抹茶粉,枺茶粉
木瓜,紅木瓜
燒肉丼醬,本廚房-燒肉丼醬
義式肉腸,義式肉腸
蔥燒湯頭,蔥燒湯頭
鷹嘴豆,雪蓮子
焗豆,烤豆子
芒果,土芒果
絲瓜,絲 瓜
酸豆角,酸江豆
甘露子,旱螺螄
棒棒腿,棒腿塊
鰤魚,青甘
山葵葉,山葵葉
苦瓜,苦瓜片
辣椒醬,塔巴斯可
燒鴨,燒鴨肉
乾蔥頭,乾蔥頭
芋頭,芋頭
鰤魚,平安魚
洋菜,洋菜
麥芽,天然麥芽
青江菜,青江葉
藍起司,藍芝士
披薩皮,芝心比薩皮
洋菇,洋菇
海鹽,鹽花
軟絲仔?,軟絲
巧克力,黑朱古力
豬小腸,豬小腸
奶油起司,CreamCheese
塔塔粉,他他粉
油蔥酥,油蔥酥
山竹,倒捻子
漢堡,漢堡包
豬里肌肉片,豬里肌切薄片
齋湯,齋湯
莓果乾,莓乾
年糕,甜年糕片
魚酥,魚酥
清湯底,料理湯包
炒飯,炒飯
辣椒,小紅尖椒
豬耳朵,豬耳
馬茲拉起司,馬蘇里拉球乾酪
親子丼醬,親子丼自調醬
辣椒,紅辣椒碎
起司,法國奶酪
甘露子,螺螄菜
葫蘆,扁蒲
牛尾,牛尾
粽,肉粽淋醬
蘿蔓萵苣,羅蔓心
糖醋醬,甜酸醬
茼蒿,茼蒿
蔥油餅,蔥油派
奇異果,獼猴桃
紅豆,有機大紅豆
培根,培 根
和風炊飯,和風炊飯
包子,包子
粉圓,濕粉圓
筍,荀丁
鰤魚,鰤魚
蔥,蔥碎
麵疙瘩,麵疙瘩
葡萄糖,葡萄糖
通心粉,螺旋通心粉
咖哩雞醬料包,咖哩雞醬料包
蓮霧,天桃
香鬆,明太子香鬆
芒果,黑香芒果
茄子,長茄子
味噌,淡味增
豆漿,豆奶
旗魚,旗魚片
荷葉,荷葉
雞腿菇,毛頭鬼傘
地瓜球,QQ球
肉丸,瑞典肉丸
香蒜粉,田園粉
雞汁,蒸雞汁
筍,筍片
可可豆,可可豆
黃瓜,葫瓜
花生,花生米
蝦,砂蝦
豬里肌,家樂福嚴選豬里肌
酸豆,酸豆
小番茄,紅車厘茄
海燕窩,珊瑚藻
金桔汁,金桔汁
鴨胸,豪野鴨胸
香魚,年魚
﻿牛肉,牛仔肉
全雞,生雞
棺材板,棺材板
椒鹽,椒鹽粉
湯圓,桂冠芝麻湯圓
蝦,大蝦乾
粄條,粄條
瑞可達起司,全脂瑞可達起司 whole-milk ricotta cheese
醬瓜,蔭瓜
龍眼汁,龍眼汁
義大利甜醋,balsamic vinegar
甜椒,紅彩椒
蔥,乾燥香蔥末
雞汁,康寶鮮雞汁
豬五花肉,豬腩肉
破布籽,破布籽
麥粉,義大利硬小麥粉
秋葵,秋 葵
黃色色素,食用色素-橘
酸菜,帶葉酸菜
酒,利口酒
栗子,甘栗
烏梅,烏梅
食茱萸,刺江某
荸薺,荸 薺
糖花,糖花
海鹽,海鹽
魚丸,魚丸
雞翅,雞翼
蒜味粉,蒜味粉
脆桃,脆桃
苦苣,法國捲心葉
紅腰豆,腎豆
紅糟,紅麴醬
食茱萸,毛越椒
泡椒,?辣子
魚肉,魚丁
酥油,酥油
烤肉醬,自製烤肉沾醬
預拌粉,鬆餅預拌粉
紅色色素,紅色食用色素Gel
滑菇,滑菇
麥麩,麥皮
冷凍蔬菜,冷凍蔬菜丁
白醋,白醋
中式麵餅,筋餅
黃雞魚,黃雞魚
髮菜,髮菜
紅梨,紅梨
二砂糖,未精製粗糖
西式香料,西式香料
鵝肉丸,鵝肉丸
青星九刺鮨,紅條
白醬,白醬
豬排蓋飯,勝丼
濃湯塊,北海道濃湯塊
水果,水果
甘梅,乾甜梅
四物藥包,四物
XO醬,X.O醬
苦苣,蟹爪菜
餅乾,RITZ奇福餅乾
酒粕鰈鱈,熟成酒粕鱈?
拌飯粉,調色食用拌飯粉
帕馬森起司,帕馬森cheese
蝦醬,蝦醬
奧勒岡,匹薩草
美祿,美祿粉
辣椒醬,老媽麻辣醬
堅果,切碎核果
橘子汁,橘子汁
柿種,柿種
牛脂,已融牛油
餅皮,千層薄皮 yufka
寒天粉,寒天粉
醬油膏,醬油膏
水,滾水
法式黃金清湯,法式黃金清湯
卡啦辣雞,卡啦辣雞
蒜酥,油蒜
蘇打餅,梳打餅碎
蔥,蔥花
薑,薑末
桃子,鶯哥桃
麥芽粉,麥芽粉
時鮭切片,時鮭切片
菠菜,波菜
雞翅,二節雞翅
七葉膽,七葉膽
吉利丁　,法棍
麻吉皮,莓娘皮
宮保醬,宮保醬
雞醬,泰式甜辣雞醬
冬瓜茶,冬瓜茶
橙皮,新鮮橘皮末
豬里肌肉排,里肌排
芹菜,芹菜
麥芽精,麥芽精
南瓜皮,蒸熟南瓜皮
堅果,mixed nuts
辣椒粉,辣椒粉
懷舊點心,懷舊點心
起司,起司球
消化餅乾,消化餅
鵝腸,鵝腸
蘇打餅,蘇打餅乾碎
蜜餞,什錦蜜餞
烤牛肉片,烤牛肉片
芭樂,世紀芭樂
蛋黃醬,日本蛋黃醬
菠菜,飛龍菜
起司,芝士絲
鮮味炒手,康寶少手
盤龍蔘,盤龍蔘
香魚,香魚
摩卡醬,摩卡醬
雞蛋,市售蛋蛋
醬油,煮友
抓餅,抓餅
香菇,生香菇
奶油,打發忌廉
飯團,御飯糰
水,清水
粄條,泰國進口的澱粉條
豬耳朵,豬頭殼肉
亨氏調味汁,Heinz Sauce
鹹菜,腌菜
生菜沙拉,和風沙拉
菜心,菜心
高湯,原味高湯
澄粉,橙粉
橘子醬,橘子醬
奧勒岡,乾俄力崗Oregano
義大利香料,義大利香粒
米,生米
炸?段,炸?段
醬菜,五木醬菜
橘子,海梨桶柑
牛骨,牛骨頭
甘露子,羅漢菜
本菇,九月菇
山藥,白山藥
蛋白粉,義大利蛋白霜粉
珠貝,珠貝
椰蓉,細椰蓉
熱狗,早餐腸
花生,鹹味熟花生粒
紅藻,紅藻
甜豌豆,甜荷蘭豆
氣泡水,氣泡水
餅皮,Q厚蛋餅皮
番茄,蕃 茄
蛤,毛蛤
包心芥菜,捲心芥菜
米,台東埤南米
帕馬森起司,帕米森起司
豬腱子肉,後腿腱肉
梗米,壽司飯
使君子,使君子
食茱萸,紅刺蔥
薑,薑黃
花生,辣花生粒
棉花糖,家樂福白色棉花糖
黃金菇,黃金菇
豆花,黃豆豆花
黃金菊,黃金菊
辣椒,紅 辣 椒
蟹肉,冷凍蟹盒
腰果,腰果
番薯,紫藷泥
炸魚,炸魚
花枝,花技
阿摩尼亞,氨粉
草菇,草姑
紅燒扣肉,紅燒扣肉
鵪鶉,鵪鶉
黃麻菜,黃麻菜
膨皮,炸膨皮
帕芙隆起士,帕芙隆起司
滷湯,滷湯
香柚醬,黃金香柚醬
箭竹筍,箭筍
鯊魚,鯊魚
雞腿肉,去骨雞腿肉
年糕,年糕片
芒果,海頓芒果
茄子,落蘇
四神湯,四神
榛果,市售榛果
咖啡,Espresso
蘭姆酒,rum
綠豆芽,銀芽
紅龜粿,紅龜糕
香菜,芫妥
高梁酒,38度金門高粱酒
哈密瓜,太陽洋香瓜
奇異果,黃金奇異果
燻肉,醃燻肉片
味增醬,韓國辣味噌
青江菜,青江菜
芋泥,蜜芋泥
彩色糖珠,彩色糖
莓果乾,蔓越苺果乾
蓮花,乾燥蓮花
焗烤起司,pizza用起司條
豬後腿肉,腿肉
巧克力,裝飾朱古力
甜菜,甜菜
紅茶,冰紅茶
烹大師堅魚風味,亨大師
燒鴨,烤鴨腿
薑,嫩薑片
鴨胗,鴨肫
黑色色素,黑色色膏
蕺菜,臭嗟草
茼蒿,角菜
艾草,艾葉
牛肉丸子,牛肉丸子
柚子茶,柚仔茶
梗米,粳米
餅乾,明治雙醬洋洋棒餅乾
義大利麵,Spaghetti
十穀粉,十穀粉
親子丼醬,親子丼醬
燒賣皮,白色燒賣皮
鴨肉,鴨肉
果醬,南洋鮮果醬
牛奶,生乳
美祿,美祿
麻糬,冰心Q麻吉
鴨肝,鴨肝
香酒汁,香酒汁
預拌粉,泡芙預拌粉
蔬菜,葉菜
紅甘魚,紅甘魚
蔥,香蔥
甘蔗渣,甘蔗渣
鰱魚,鰱魚頭
牛腩,牛腹肉
海膽,新鮮海膽
豬五花肉,腹脅肉
豆蔻,白豆蔻
米,泰國香米
老土司,老土司元春酒
東方美人茶,林復振東方美人茶
紅鳳菜,紅鳳菜
檸檬酸,檸檬酸納
茶葉,新鮮茶葉片
紅茶,伯爵茶葉
子排,五花小排
肩胛小排,板腱
野莧菜,野莧菜
泡打粉,無鋁泡達粉
蔬菜湯,蔬菜湯
法國麵粉,法國粉
羊里肌肉,羊里肌肉
火腿,米腿片
油蔥萬用醬,萬用醬
桂花,新鮮桂花
鴨柳,鴨柳
冰淇淋,雪糕
味增醬,韓式辣味噌
黑龍炒醬,黑龍炒醬
番茄,蕃茄丁
甜菊葉,甜菊葉
蘇打餅,香蔥蘇打餅乾
潛水艇堡,潛水艇堡
菠菜,菠菜葉連莖
綠橄欖,綠橄欖
子排,子排
魚骨,魚骨
雞蛋,egg
甜筒,甜筒餅乾
冰魚,冰魚
鴨蛋,鴉蛋
生菜沙拉,生菜沙拉
雞蛋,雞蛋
饅頭,山東大饅頭
靈芝,靈芝菇
炸大蝦,冷凍炸大蝦
火鍋料,桂冠火鍋Party系列
靈芝,靈芝菌
葡萄汁,葡汁
鏗魚香鬆,鏗魚香鬆
花生,焦黑花生
瑞士捲,瑞士卷
米豆,米豆
腸衣,腸衣
燉飯米,risotto rice
糯米,糯米
牛鞭,牛鞭
Sahnesteif,Sahnesteif
青嘴魚,青嘴仔
鹼水,鹼水
綠豆芽,豆 芽 菜
香茅,香芧乾
脆迪酥,脆笛酥
八珍中藥包,八珍藥材
素湯頭,素湯底
茶葉,乾茶
蒜,青蒜
甜椒,菜椒
奶酪,蜜草三色奶酪
小番茄,櫻桃小番茄
油蔥酥,蔥頭酥
紅捲鬚,紅捲鬚菜
虎豆,虎豆
芭樂,珍珠芭樂
貝果,比高包
菜脯,菜圃切碎
雞汁,豉油雞汁
甜菜,甜菜根
水,洗米水
菱角,菱角
小卷,脆卷
豬肉片,瘦肉片
孟宗竹筍,江南竹
母乳,母乳
鮮美鍋汁,鮮美鍋汁
奶油起司,Cream cheese
叻沙葉,越南芫荽
香菜,香根
臭草,小香草
酪梨,樟梨
蒟蒻,雷公槍
雞翅,雞翅
仙鶴草,仙鶴草
雪利酒,酒精加強葡萄酒
樹豆,樹豆
羊腰脊肉,羊腰脊肉
粄條,美濃板條
龍鳳果,龍鳳果罐頭
餅乾,手工餅乾
梅醬,辣梅醬
馬鈴薯,薯仔
香辣粉,墨西哥香辣粉
鍋燒意麵,鍋燒意麵
食鹽,玫瑰鹽
烤雞,烤雞
蛤乾,蛤乾
大白菜,大白菜心
奧勒岡,奧利岡葉
雞肉,公雞肉
羅勒子,羅勒子
杏鮑菇,杏飽菇
草苺泥,新鮮草苺泥
乳瑪琳,人造奶油
甜桃果泥,甜桃果泥
九層塔,新鮮蘿勒葉
燒酒雞藥包,燒酒雞中藥包
泰式酸辣湯塊,泰式酸辣湯
鬱金香,鬱金香
起司,cheese絲
芥蘭菜,芥蘭菜
塔皮,甜派皮
綜合穀麥片,綜合穀麥片
芡水,芡水
香柚醬,香柚醬
胡蘿蔔,紅蘿白絲
紅醬,茄汁醬
蕃紅花粉,蕃紅花粉
棉花糖,棉糖
落葵,胭脂菜
紅糯米,紅栗米
米豆,飯豆
鴨腿,骨腿
焗烤起司,焗烤起司條
飲氧品,飲氧品
雞醬,海南雞醬
五花豬肉片,五花薄片
酵母粉,速發酵母insteadyeast
火鍋粉,石頭火鍋調味粉
冬陰功,冬蔭醬
藥燉排骨湯,得意的一天-十全排骨湯包
酸奶油,酸奶SourCream
杏仁,杏仁粉
土司,吐司麵包
叻沙葉,越南香菜
芭樂,土芭樂
透抽,透抽
糖漿,糖葫蘆糖醬
假人蔘,波士蘭
豇豆,長豇豆
芥末,哇沙米
梗米,圓米
牛奶,水牛奶
鮭魚,三文魚
杜仲,膠木
荊芥,荊芥
鴨,母鴨
薑,薑
香菜,滿天星
滷元蹄,滷元蹄
馬鈴薯,小馬鈴薯
鯊魚,鯊魚肉
石蓮花,石蓮花
黑醬,黑豆醬
醬料包,醬料包
生菜沙拉,沙拉
茶凍粉,茶凍粉
肉干,肉干
紅扁豆,火鐮扁豆
夏威夷豆,夏威夷仁
蛇肉,紅尾蛇
柴魚粉,柴魚精
洛神花,乾燥洛神葵
柳松菇,柳菘菇
烤肉醬,烤肉醬
手指餅乾,自製手指餅乾
藥燉排骨湯,藥燉排骨湯
水,開水
甜桃,甜桃
大醬,韓式大豆醬
XO醬,ＸＯ醬
脆梅,醃梅
花生,香酥碎花生
歐防風,防風草根
帕馬森起司,現刨帕瑪森
柴魚粉,柴魚粉
鮪魚,鮪魚生魚片
通心粉,義大利通心粉
豆漿,微糖豆漿
鴿肉,乳鴿
蟹肉棒,火鍋蟹棒
餅皮,土式圓餅皮Yufka
覆盆子,覆盆
巧克力,白巧克
美乃滋,美 乃 滋
伍仔魚,鯃仔魚
可頌,迷你可頌
蒜蓉蔥油膏,蒜蓉蔥油膏
榛果,臻果
豬里肌,小里肌
豬絞肉,豬絞肉
古斯米,古斯古斯
牛菲力,菲力
蘑菇醬,青檸酸辣黑菇醬
豇菜,豇菜
河粉,越南河粉
雞脾菇,雞脾菇
米,長米
草莓,大草苺
辣椒,辣椒
龍眼,福圓
菜豆,粉豆
Haagen dazs,Haagen dazs
鴕鳥腩肉,鴕鳥腩肉
鴨,公鴨
雞腿,翅腿
小魚乾,魚仔乾
香菜,香 菜
荔枝,丹荔
炸粉,炸排粉
牛膝,牛膝
蜂蜜,蜂蜜糖漿
起司,芝司樂低脂口味
肉餡,肉排餡
美乃滋,美乃芝
奇亞籽,奇亞子
秀珍菇,秀菇
泡打粉,三達發粉
青龍菜,青龍菜
甜八寶,甜八寶
玫瑰花露,玫瑰花濃露
蛤,蛤蠣
黃瓜,黃瓜片
香菇,鮮香菇
雞汁,調味雞汁
輕煮汁,佃煮煮汁
鹽水鴨胸肉,鹽水鴨胸肉
椒鹽,香料共和國-原味椒鹽
鴻喜菇,鴻喜姑
皮刀魚,皮刀魚
雪花牛肉,雪花牛肉
麥麩,全麥麩
豬里肌,里肌肉
話梅,白話梅
葉綠素,液狀葉綠素
太白粉,菱粉
韭蔥,京蔥
法蘭克福腸,法蘭克福腸丁
海蝦,新鮮海蝦
蒜,蒜碎
葫蘆,葫蘆
高梁酒,金門高粱酒
甜豆,甜斗豆
火鍋粉,火鍋粉
海鮮濃湯,美極翡翠海鮮濃湯
培根,低脂培跟
橙皮,橙皮末
肉桂粉,肉桂粉
豬里肌肉片,里肌火鍋肉
肉鬆,肉松
胡蘿蔔,紅籮蔔
翅膀豆,楊桃豆
油豆腐,油泡
瑪斯卡彭起司,瑪斯卡澎cheese
蛋白粉,蛋白粉
蓮藕,蓮藕
竹蟶,竹蟶
排骨,小排骨
龍舌蘭蜜,龍舌蘭蜜
青花椰苗,青花椰苗
杏桃,杏子丁
酸菜魚鍋,酸菜魚鍋
豬肉,豬
雞胸肉,帶骨雞胸肉
甜椒,雙色彩椒切片
木炭,木炭
雪蓮,天山雪蓮
銀絲卷,冷凍銀絲捲
義大利麵,長意粉
薄鹽醬,薄鹽醬
銀杏,百果
豌豆芽,蝴蝶菜
孜然,孜然
飯友,日本飯友素
番紅花,藏紅花
帕馬森起司,碎帕馬森芝士
拉麵,扯麵
米粉,糙米粉
趖,鼎邊趖
米苔目,老鼠粄
野莧菜,山荇菜
洋甘菊茶包,洋甘菊茶包
糖漬橙片,糖漬橙絲
羅漢果,羅漢果
糙米粥,糙米粥
茶葉,生茶
植物油,清油
蒜花生碎,蒜花生碎
排骨,排骨肉
杏鮑菇,杏枹菇
螺,螺
鵝油,鵝油
毛蟹,北海道毛蟹
炸豆腐,炸豆腐
奧勒岡,奧利岡
火腿,雲腿絲
蛋黃醬,蛋黃醬 mayonnaise
辣椒,綠辣椒
九層塔,羅勒
醬爆蟹,醬爆蟹
孜然,安息茴香
梅醋,穀盛鮮梅健康酢
卡士達粉,卡士
豬後腿肉,豬棒腿
武林菜,武林菜
魚露,泰式魚露
石膏粉,石膏粉
青江菜,湯匙菜
玫瑰露,玫瑰露
西瓜,西瓜果肉
筍,小型筍子
甜塔皮,甜塔皮
豆腐,嫩豆腐
靈芝,靈芝片
青椒,綠椒絲
雞皮,雞皮
水果,果實
鮪魚,金槍魚
烏蔘,烏蔘
土司,超軟土司
預拌粉,甜甜圈預拌粉
馬茲拉起司,莫札雷拉起司
豆腐乳,南乳
黑木耳,樹雞
克林姆餡,克寧姆餡
豬梅花肉,前赤肉
亞達子,亞達子
黑喉,黑喉
油,炒菜油
菜豆,四 季 豆
起司,起士
無籽加州梅,無籽加州梅
豬梅花肉,梅花肉
麝香草,麝香草
胛心排,排骨頭
柳松菇,柳松菇
丹貝,天培
鴨,母鴨一隻
麵,麵條
豬梅花肉,梅頭豬扒
鴨梨,白梨
咖啡酒,卡魯哇咖啡香甜酒
堅果,細切的核果
Oreo餅乾,歐利歐餅乾不含夾心
海膽,北海道小海膽
植物油,100%純茶籽油
鴨肉湯頭,鴨肉湯頭
花椰菜,青花菜
放山雞,仿山雞
蛋末,蛋末
葡萄,提子
嘴邊肉,豬頰肉
雪裡紅,春不老
胛心排,前排
豬肉片,新鮮肉片
胡蘿蔔,胡蘿蔔
酒,老酒
土司,去邊吐司
木耳,泡發木耳
焗豆,焗豆
花豆,花柳豆
甘露子,土蛹
八角,大茴香
糖漬橙片,自製糖漬橙絲
沙拉醬,白沙拉
東阿阿膠,東阿阿膠
麥粉,Flour
貢丸,肉丸子
人蔘,人參片
蟹肉,螃蟹肉
莧菜,莧菜
烤肉醬,牛角燒烤醬
紹興酒,女兒酒
脆漿粉,裹粉：脆酥粉
蛤,蛤仔
醋,酢精
亞麻籽,亞麻籽人
核桃酥,核桃酥
雞蛋,冷凍蛋蛋
水,鹹水
西班牙辣腸,西班牙辣腸
養樂多,多多
佛手瓜,佛手瓜
梅菜,梅乾菜
花生,去皮無油花生
紅燒湯底,1.紅燒湯底
封仔雞,封仔雞
沙薑,番鬱金
火腿,熟火腿片
乳瑪琳,瑪琪琳
番茄,番切
熟油,熟油
消化餅乾,消化餅乾屑
白乳酪,白乳酪
奶酥,奶酥
焦糖脆餅,比利時蓮花焦糖脆餅
土司,方包
玉米,玉蜀黍
青嘴魚,龍占
起司,奶酪
元宵,抹茶元宵
辣椒粉,粗辣椒粉
古斯米,庫斯庫斯
蝦味先,蝦味先
蔬菜,冷凍蔬果
醬油露,醬油露
蒔蘿,蒔羅
荸薺,背薺
小茴香,茴香
三色蔬菜,冷凍三色豆
柳橙,榴橙
蝦夷蔥,蝦夷蔥
葉綠素,天然葉綠素
海蝦,阿根廷天使紅蝦
碳酸氫銨,碳銨
興渠,興渠
麥芽,麥芽膏
貝禮詩奶酒,奶酒
樹子,破布籽醬
和風醬,味滋康和風醬
苦瓜,青珍珠苦瓜
花生,花生
魚露,日式魚醬油露
牛肝菌,乾燥Porcini
馬茲拉起司,莫札瑞拉起司
苦瓜,白苦瓜
饅頭,材料Ａ：饅頭
優酪乳,Costco酸奶
茅根,白茅草
雞腿肉,雞腿肉塊
蜂蜜,山茶蜜
軟糖,小熊軟糖
馬茲拉起司,MOZZARELLA
粉紅色著色劑,粉紅著色劑
生仁,生仁
蔥,青蔥絲
煎餅,格子煎餅
大白菜,大白菜
蕺菜,狗貼耳
白蘿蔔,白大蘿蔔
蔥油,香蔥油
芋圓,生芋圓
芋泥,蒸熟芋泥
紹興酒,紹興酒
草果,草果
亨氏調味汁,亨氏調味汁
水,冰水
豆干,豆腐乾
紐約克牛排,紐約客
醃菜,醃菜
花生醬,花生醬
脆漿粉,D.脆酥粉
豆腐乳,豆腐乳
牛肚,毛肚
陳皮,廣皮
覆盆子,紅莓
熟蛋,荷包蛋
食鹽,食用鹽
法國麵包,自製法棍
巧克力糖,巧克力糖
莫佐瑞拉起司,莫佐瑞拉起司
奧勒岡,俄力岡草
柴魚粉,柴魚素
乾果,綜合果仁
義大利香料,義大利陳年香料醬
加州李,美國恐龍蛋
荸薺,馬蹄片
鮮味湯頭,鮮味湯頭
豆豉,幽菽
奶油湯,奶油蘑菇湯
氣泡酒,氣泡酒
排骨,豬小排骨
餅乾派殼,即食餅乾派殼
目孔魚,金帶細?
吉利丁　,Gelatin
布利乳酪,Brie
烤肉醬,花生燒烤醬
青江菜,青江白菜
杏桃,杏桃
味噌,紅味增醬
橘子,檸檬柑
話梅,甘甜梅
紅色色素,紅色素
貝果,Bagel
西洋芹菜,西芹
鰱魚,鰱
奶油,凍牛油粒
蝦籽,干?籽
穀片,早餐穀片
鰻魚,鰻
薤,薙頭
番薯,金薯
鴨翅膀,鴨翅膀
蒜蓉蔥油膏,油膏醬
山竹,莽吉柿
樹薯,樹署粉
蓮子,連子
糯米,黑秈糯米
瑞可達起司,里考塔
角椒,羊角椒
瑪斯卡彭起司,MarscarponeCheese
裝飾糖粒,糖飾
素肉躁,素肉躁
鹼油,鹼油
蔥,蔥白細末
白酒麴,白麴
印度香料,印度綜合香料
酵母粉,快發酵母
海菜,綠海菜
涼糕,涼糕
蹄膀,豬腳蹄
橘子,椪柑
沙茶醬,沙茶
罌粟籽粉,罌粟籽粉
雞精粉,?粉
竹炭粉,備長炭粉
莧菜,莧菜葉
玉米筍,番麥筍
甜菊葉,甜菊糖
客家小炒,客家小炒
土魠魚,鰆仔魚
海鮮粉,海鮮粉
椰糖,椰花蜜糖
辣椒,朝指椒
一夜干,一夜干
酸辣醬,泰式醬
蔥油餅,卡好蔥油派
黑加網,黑加網
胡椒粉,白椒粉
二層肉,僧帽肌
伍仔魚,印度鮭
年糕醬,韓式年糕醬
牛腰,腰肉
海鹽,鹽之花
貝禮詩奶酒,貝里斯奶酒
酸菜,酸菜
三夾雞,三夾雞
芸豆卷,芸豆卷
洋菇,蘑菇片
太白粉,泰國生粉
人蔘,蔘片
香蘋茶,異國香蘋茶
花枝,墨魚
鴨腳,鴨爪
娃娃菜,抱子芥菜
紫蘇梅,紫蘇梅
莓果乾,莓果乾
蘿蔓萵苣,蘿美生菜
豬大腸頭,豬大腸頭
腐皮,腐衣
奧勒岡,味好美俄立岡
色素,淺黃色黃食用色素
雞里肌肉,雞里肌
桑枝,桑枝
大頭菜,無菁
藜麥,小小米
人蔘,蔘根
涼拌茄段,涼拌茄段
黨參,黨參片
薏仁,薏仁粉
油魚,圓鱈片
芝麻糖粉,芝麻糖粉
麻竹筍,大綠竹
鹽水,鹽水
蒟蒻,蒟 蒻
菜豆,醜豆
綠藻,綠藻
豉油,豉油
排骨,豬排骨
茶梅,茶梅
慈菇,剪刀草
覆盆子,野莓
柑桔,橙桔
韓式煎餅粉,韓式煎餅粉
味噌,辛口味噌
巴西里,歐芹
蔘鬚,蔘鬚
薤,莞茜
芫荽子,芫荽子
五爪金英,五爪金英
土司,toast
五彩辣椒,五彩椒
九孔,孔雀貝
蟹肉棒,越前棒
麥角,麥角
海瓜子,海瓜子
花生,原味花生
小黃皮,小黃皮
食鹽,五香淮鹽
瑪斯卡彭起司,馬卡司彭起司 Mascarpone cheese
蝦餅,黃金蝦餅
豬舌,豬舌頭
腐皮,豆腐皮
牛脂,牛脂
紅梗珍珠菜,紅梗珍珠菜
梨子,將軍蜜梨
香樁,香樁葉
硝鹽,硝鹽
橄欖,黑橄欖
豬里肌,豬里肌肉
去筋麵粉,去筋麵粉
乳瑪琳,雅瑪琳
筍乾,筍干
海底芙蓉,海底芙蓉
胡蘿蔔,胡蘿菠
墨魚醬,西班牙墨魚汁方便包
甘藍芽,孢子甘藍
石蓮花,石蓮花瓣
蘋果,津經蜜蘋果
乾螺頭,乾螺頭
北極貝,北極貝
奧勒岡,奧莉岡
番石榴,安石榴
蜜漬橙皮丁,蜜漬橙皮
奶混合奶油,奶混合奶油
高湯,康寶排骨湯塊
椰果,罐頭椰果
琵琶膏,琵琶膏
餅乾棒,餅乾棒
珠雞,珠雞
椒麻花生,椒麻花生
塘虱?,塘虱?
滷汁,滷肉湯
胡蘿蔔汁,胡蘿蔔汁
歐防風,歐洲防風
小籠湯包,小籠湯包
切達起司,切達起司
花生,花生顆粒
鍋貼,冷凍鍋貼
巴西蘑菇,巴西摩菇
梅干扣肉,自製梅干扣肉
節瓜,櫛瓜丁
花椒,生紅花椒
樹子,有機破布子
魚丸,丸子
紅燒茄汁湯,紅燒茄汁湯
酒麴,酒麴
甜椒,柿子椒
蛋油,市售蛋油
海蝦,海大蝦
米油,米糠油
栗子,栗子
泡菜汁,泡菜汁
南瓜,南瓜
豬胛心肉,豬下肉
藥燉包,中藥
胚芽,小麥胚芽
脆漿粉,脆酥粉濕
辣椒乾,四川干辣椒
魴魚,魴魚
壽喜燒醬,鼓盛壽喜燒醬
蕃茄醬,蕃茄醬
混合菇,什錦菇
芋莖,芋梗
蛋糕,蛋糕
牛臀肉,牛臀肉
甜椒,燈籠椒
木須肉絲,木須肉絲
芋莖,芋莖
川貝,川貝母
奶酪,低脂奶酪
小麥啤酒,Wheat beer
梗米,短梗米
牡蠣,生蠔
醬油,鮮美露
櫻花蝦,乾燥櫻蝦
荔枝汁,荔枝汁
滷汁,黃金滷肉汁
紅潤釀,姐妹紅潤釀
九層塔,蘿勒葉末
洛神茶,洛神茶
小番茄,黃金聖女小番茄
燻雞片,燻雞片
肉餡,已調過的肉餡
Oreo餅乾,奧利歐
蔥,蔥半截
青江菜,青梗白菜
鴻喜菇,真姬褶離傘
咖哩,咖哩
乾酪粉,乾酪粉
青椒,綠椒
豇豆,豇豆
芒果,金煌芒果
連翹,連翹
可可蜜糖,可可蜜糖
黃瓜,瓜絲
木耳,水發
焗薯,美國焗薯
蘭花蚌,蘭花蚌
馬蹄糕,馬蹄糕
紹興酒,善釀酒
山楂,山楂餅
餅皮,餅皮
土魠魚,馬加魚
乾酪粉,乾酪末
魚柳,籠利魚柳
雞腿肉,無骨雞腿肉
九尾草,新鮮狗尾草
手指餅乾,手指餅干
植物油,食用植物油
義式肉腸,意式肉腸
豬耳朵,豬耳絲
起司,迷你乾酪
酸黃瓜,酸黃瓜醬
蘆筍,小百部
植物油,芥花油
北平烤鴨,北平烤鴨
草菇,草菇
麻辣鍋底,市售麻辣湯鍋底
美人心,金針筍
地瓜片,地瓜片
豬五花肉,前腿五花
黑龍炒醬,康寶海龍皇爆炒醬
金眼鯛,紅皮刀魚
可頌,金牛角
鱸魚,鱸
太白粉,大白粉
烏魚,烏魚
麵粉,手粉
玉竹,玉術
鹽膚木,山鹽青
大麻籽,大麻籽
奇亞籽,鼠尾草籽
臻果巧可力醬,巧克醬
樟木屑,樟木屑
橘子,海梨
沙蔘,沙參
牛肩肉,牛邊肩
馬鈴薯,馬鈴薯塊
米香,米香
茵蔯蒿,茵陳蒿
酸奶油,好市多酸奶
茶葉蛋,茶葉蛋
胚芽,胚芽
酸辣羹湯,酸辣羹湯
柴魚粉,紫魚素
寶塔花菜,羅馬花椰菜
甜椒,彩椒-紅
粟米湯,粟米湯
塔皮,現成派塔
烏龍麵,烏冬
西瓜汁,西瓜汁
星洲炒米粉,星洲炒米粉
滷湯,鹹味湯頭
太白粉,太 白 粉
辣椒,尖椒
炒蛤仔,炒蛤仔
義大利香料,乾燥義式香料
Scotch Finger,Scotch Finger
象鼻子糕,象鼻子糕
小豆蔻,白荳蔻cardamom
哈密瓜,洋香瓜
白菇,白精靈菇
白醋,醋精
稜角絲瓜,八棱瓜
酸奶油,sour cream
藥燉包,複方中藥包
小羔羊排,小羔羊排
海鮮煎餅,海鮮煎餅
千島醬,辣味千島醬
油豆腐,油豆腐
奶油,無鹽牛油
高麗蔘藥包,高麗蔘藥包
覆盆子,貓眼子
碰皮麵,碰皮
切達起司,Cheddar 起司
牛奶,光泉鮮乳
植物油,液態植物油
真姬菇,真姬菇
本菇,本菇
食鹽,淮鹽
冷凍蔬菜,四色蔬菜丁
卡非醬,康寶巴黎風卡非醬
辣椒,泰國辣椒
金蓮花,金蓮花
白曝油,萬味香白曝油
巴西里,洋香菜
鹼水,灰水
油魚,圓鱈
香料,味什麼香料
三杯筍塊,三杯筍塊
牛肉火腿,牛肉火腿
醬汁,醬汁
雞腳,雞掌
牛里肌,牛里肌
含殼草,積雪草
寧波年糕,上海年糕
咖哩葉,可因氏月橘
雞排,雞排
奧勒岡,oregano葉
米苔目,銀針粉
食用鹼,食用鹼粉
麻婆醬,麻婆醬
多利魚,多利安魚
抹茶粉,搽茶粉
羊肉羹,羊肉粳
黃色色膏,黃色色膏
雪蓮花,雪蓮花
韓式燉醬,韓式燉醬
桑葚,桑椹
蒸粉,蒸粉
梅花肉片,梅花豬肉片
土虱魚,土虱
雞翅,雞翅膀
巧克力粉,La Feel微笑可可亞
洋菇,磨菇
植物油,有機椰子油
豬五花肉,五花肉
九尾草,新鮮9尾草
鯉魚,鯉魚
腰子,豬腎臟
梅花肉片,梅花火鍋肉片
米,義大利米
麵茶,麵茶
白醋,醋酸
豆酥碎,豆酥碎
沙律菜,沙律菜
鴨胸,鴨胸肉
黑鹽,夏威夷黑鹽
紅趜醬,紅趜醬
塔皮,甜派底皮
湯圓,里仁芝麻湯圓
筊白筍,筊白筍
麻辣鍋底,寧記麻辣鍋底
洋菜粉,洋菜條
鰤魚,獅魚
牛菲力,牛裏脊肉
水蓮菜,野蓮
洛神花,洛神花葉
牛小排,牛小排
英式馬芬,English muffin
蔬菜湯塊,蔬菜湯塊
Oreo餅乾,歐利歐餅乾
干瓢煮,干瓢煮
薑,老薑切片
馬茲拉起司,馬茲瑞拉芝士
烏龍茶,烏龍茶
鹹菜,鹹菜
梨子,幸水梨
模範生點心餅,模範生點心餅
腐皮,油皮
辣椒醬,是拉差
椒鹽點心棒,椒鹽點心棒
海苔,青海苔
剉冰,刨冰
印度香料,印度辛香料粉
薏仁,熟意仁
茅屋起司,Cottage
蒔蘿,洋茴香
櫻桃,蠟櫻
起司,起司條
山葵,哇沙咪
雲吞,炒手
關東煮,關東煮料
翻車魚,翻車魚
花生,黑花生
啤酒,台啤
醃肉調味粉,醃肉調味粉
咖哩,日本S&B咖喱塊
鉤藤,鉤藤
二砂糖,二砂
蓮霧,黑珍珠蓮霧
辣椒,辣椒末
葡萄乾,紅葡萄乾
小茴香,小茴粉
蛋奶醬,蛋奶醬
蓮茸,蓮蓉
孟宗竹筍,茅茹竹
海鮮香料,西班牙海鮮香料
水楊菜,水楊菜
櫻桃,櫻桃
蝦,小蝦子
蜜柑皮屑,蜜柑皮屑
紅茶,紅茶
鵝胸肉,去骨帶皮鵝胸切片
蒜辣鹽,蒜辣鹽
羊里肌肉,羊里肌
蜆,鹹蜆仔
西瓜,華寶大西瓜
魚肚,斑腩
剉冰,冰沙
醬瓜,陰瓜
瑪斯卡彭起司,馬斯卡彭mascarpone
藍藻,藍藻
傘菇,傘菇
日式燒汁,日式燒汁
白菜心,白菜心
糖果,彩色糖片
起司,義大利綿羊乾酪
甜粽,粳粽
中藥酒汁,中藥酒汁
紅色色素,紅食用色膏
康寶獨享杯,康寶獨享杯
果乾,綜合果乾
鹹鴨蛋,鹼蛋
HP醬,HP汁
起司,花生奶酪
刺鯧,南鯧
蕃茄醬,翻茄醬
磨牙餅,磨牙餅
薏仁,薏仁
瑪斯卡彭起司,Mascarpone cheese
蒜,香蒜粒
香蒜粉,香蒜粉
養樂多,活益比菲多
馬鈴薯,馬鈴薯
去筋麵粉,澄粉
鮮豬凍,湯寶鮮豬凍
麻婆醬調理包,麻婆醬調理包
厚片吐司,厚片
波蘿蜜,大樹菠蘿
大白菜,山東大白
冬陰功,Tom Yum Paste
胡椒粉,白湖椒粉
泡打粉,BP發粉
牛菲力,菲力牛肉
酸奶油,酸奶
菌菇醬,菌菇醬
煉乳,應排練奶
西瓜,紅鈴西瓜
釋迦,番荔枝
水果,7-11 當令鮮果
芋粿,芋粄
蘆筍,松葉土當歸
西谷米,西米
紅葉萵苣,紅葉
海帶,昆布片
石膏粉,食用石膏
豬母菜,寶釧菜
高麗菜,椰菜
椰棗,椰棗
榛果,熟榛果
椰殼,椰子殼
九層塔,9層塔末
扇貝,帆立貝
豬母菜,五行草
葡萄醋,義大利陳年醋汁
鴨油,鴨油
油粿,九層炊
蓴菜,蓴菜
金錢草,金錢草
豬皮,豬皮
牛肚,牛毛肚
辛夷,辛夷
藜麥,蔾麥
綠捲鬚,鬚生菜
草苺泥,草苺泥
豇豆,角豆
梅子汁,梅漿
番茄,大番茄
酸黃瓜,酸黃瓜末
蕃茄沙司,蕃茄沙司
﻿牛肉,美國肥牛
味噌,麵豉
椰糖,棕櫚糖
綜合丸,什錦丸
手指餅乾,手指餅乾ladyfinger
蘭姆酒,朗姆酒
辣椒,紅辣椒末
法蘭克福腸,法蘭克福腸
金線魚,金線魚
壽喜燒,穀勝壽喜燒
蒸燒賣的湯汁,蒸燒賣的湯汁
柳橙,柳丁
奧勒岡,俄力岡末
蝦,甜蝦
豌豆仁,豆仁
舞菇,HOTKO舞菇
梨子,新世紀梨
蔥,大蔥
十全藥包,十全大補湯料
蔥,蔥切珠
飯,熱飯
起司,芝士
馬茲拉起司,Mozarella Cheese
七色粉,七色粉
檸檬皮,檸檬皮
椰糖,cocosugar
紫高麗菜,紫椰菜
車蝦,花尾蝦
椰糖,椰子糖
義大利脆硬餅,義大利餅乾
蕃茄汁,茄汁
大餅,大餅
檳榔花,檳榔花
依士粉,依士
豬絞肉,豬絞
蝦母,蝦母
港式波蘿包,波蘿油
酸辣湯塊,酸辣湯塊
豬里肌肉片,里肌薄片
粉圓,珍珠
核桃,核桃
雞腿肉,清腿肉
海帶,海茸
蒜味醬,蒜汁
藍莓,藍梅粒
關東煮,關東煮湯
紅糖,brown suger
梨子,梨
豬里肌肉片,里肌肉片
芥藍芽,格藍菜嬰
酸辣腰花,酸辣腰花
花旗蔘,花旗蔘
食鹽,鑽石鹽
黃豆,黃大豆
九層塔,乾燥蘿勒
裝飾糖粒,粉色糖珠
紫色色素,紫色色素
沙其瑪,沙其瑪
瑞士捲,可可戚風瑞士捲
糙米,糙秈米
豬胛心肉,豬肩肉
白鳳菜,長柄橙黃菊
小麥草汁,小麥草汁
豬骨,後腿骨
大陸妹,油麥菜
麥粉,MALT粉
花果香料,花果香料
松阪豬,松板肉
山核桃,核桃楸
蓮子心,蓮子心
蒜,蒜
豆腐,軟豆腐
魚鬆,魚鬆
馬茲拉起司,MozzarellaCheese
香螺,香螺
醃漬菜,醃漬菜
牛尾湯,牛尾湯
醉雞胸,醉雞胸
燉飯米,燉飯米
古斯米,古斯米
蘭姆酒,朗姆酒Rum
蝦丁,蝦丁
牛肋排,牛肋
?菜,黃?菜
薄片肉,薄片肉
雞湯,雞高湯
清酒,清酒
旗魚,旗魚
牛肚,牛肚
牛肝,牛肝
甘露子,地蟲草
英式馬芬,英式馬芬
油,油脂
梅菜,梅菜
薑,姜
羊排,羊丁骨
蝦丸,蝦丸
歐利歐夾心餡,歐利歐夾心餡
玉帶根,止血草
?菜,?
鰻魚,饅魚罐
味噌,味噲　
大黃,生大黃
火鍋料,火鍋白板
榛果,榛果磨成的細粉末
蛋白粉,義大利蛋白粉
貝果,百吉圈
瑞可達起司,義大利軟芝士
雞丁,雞丁
辣椒醬,寧記麻辣鍋醬
羊架,羊架
柚子,香柚果肉
牛樟菇,神明菇
秀珍菇,秀珍姑
鳳尾草,鳳凰草
紫蘇梅,紫酥梅
吉利丁　,果凍粉
甜葉菊,甜葉菊
貢菜,貢菜
?菜,?菜黃
塔士塔達,Tostadas
餃子餡,餃子餡
法國麵粉,日本烏越法國粉
茶汁,熱茶
酸豆,酸枳汁
三色蔬菜,三色冷凍蔬菜
北海道白醬湯塊,北海道白醬湯塊
蝴蝶果,蝴蝶果
酪漿,buttermilk
蛋白,鮮蛋白
天婦羅,基隆手工天婦羅
粉圓,乾粉圓
麵包,麵包
肩胛小排,肩胛小排
芥末,哇沙比
墨西哥餅皮,墨西哥餅
無子葡萄,無子黑葡萄
莓果,萬歲牌蔓莓纖果
霸王菇,霸王菇
小黃瓜汁,小黃瓜汁
黑莓,黑莓
君橙酒,君度澄酒
蛋白粉,優質蛋白粉
檸檬葉,檸 檬 葉
蒜味湯頭,蒜味湯頭
綜合丸,串丸子
羊排,羊小排
濃湯粉,濃湯
豬皮凍,皮凍
芝麻,黑芝麻
章魚,石居
巧克力粉,可可粉
焗烤起司,比薩專用起司
土魠魚,?魚
豬油,熟豬油
義式調味粉,義式調味粉
什錦豆,什錦豆
蔥油,鵝蔥油
芫荽子,胡荽子
胡麻醬,和風胡麻醬
起司粉,起司粉
冰磚,冰磚
味精,MSG
義大利甜醋,Balsamico 巴薩米可醋
蝦粉,蝦粉
櫻花素,櫻花素
格呂耶爾起司,格呂耶爾起司
紹興酒,紹酒
蛤,赤嘴
海泥鰍,海泥鰍
玫瑰花,玫瑰花
蜂蜜,峰蜜
桃子,桃子
雞翅,小雞翅
金萱炸物,金萱炸物
羊栖菜,鹿角尖
豆枝,豆枝
九孔,九孔
鯰魚,鯰魚
脆片,可可脆片
燒肉,燒肉
牛肉丸子,牛肉丸
甘露子,土人參
杭菊,杭菊
紅醬,紅醬
砂糖,特細白砂
韓式煎餅粉,煎餅粉
醃肉,切片煙肉
紅醋,紅醋
豬後腿肉,赤肉
紅蔥頭,紅蔥頭末
雞腿肉,雞腿塊
芭樂,泰國芭樂
筊白筍,茭白
辣椒,辣淑
左手香,過手香
泡芙,大泡芙
波士頓萵苣,波士頓奶油生菜
鴨舌頭,鴨舌
醬菜,京都醬菜
修飾澱粉,修飾澱粉
咖哩,咖哩塊
麻薏,麻薏
大白菜,煙台白菜
葛粉,葛切
酸豆,亞森果
東方美人茶,冰風茶
燒雞,燒雞
紅花,紅花
鳳柳汁,波蜜鳳柳汁
低筋麵粉,低筋餅粉
味精,柴魚味精
柱侯醬,桂侯醬
麻糬,麻薯
花豆,花豆
青紫蘇調味醬,青紫蘇調味醬
味噌,辣味噌
培根,pancetta
田雞,牛娃
番薯,去皮的紫薯
冰皮粉,冰皮粉
蘿蔓萵苣,美國羅蔓心
普羅旺斯燉菜,普羅旺斯燉菜
砂糖,沙糖
蝦餅,印尼蝦餅
干貝,貝柱
粥,麋
寒天,寒天凍
枝仔冰,一口枝仔冰
乾蔥頭,乾蔥碎
火鍋粉,石頭火鍋粉
素肉,素肉粒
橙皮,橘子皮
醬油,龜甲萬料亭和露
奇亞籽,奇蹟種籽
棒棒腿,棒棒雞
海蝦,赤蝦
饅頭,饅頭
板豆腐,老豆腐
食鹽,低納鹽
糯米紙,糯米紙
哈密瓜,貢瓜
義大利香料,義大利香料
道明寺粉,道明寺粉
愛玉,愛玉棟
白鳳菜,白紅菜
五彩蒸糕,五彩蒸糕
蜜餞,蜜餞果
泡芙,小泡芙
義大利餃,義大利餃
豆腐乳,腐乳
鴨,鴨
銀杏,銀杏
香菜,元荽
可頌,可頌
鴿肉,鴿
罐頭朝鮮薊,罐頭朝鮮薊
茉莉,茉莉
糟滷,糟滷
黃芥末醬,黃芥末
蒜,蒜片
春捲醬,泰式春捲醬
花椒,秦椒
雞腸,雞腸
山蘇菜,山蘇
雞腳,雞腳
雞睪丸,雞腰
褐醬,褐醬
素豆腸,素豆腸丁
鵪鶉蛋,鵪鶉蛋
蘿蔓萵苣,蘿美
三絲丸,三絲丸
米酒,米酒
落葵,軟姜仔
起司,巴馬乾酪
蛋白粉,義大利袋白霜粉
柑桔,柑
花生,炸花生
黃豆,大豆
肉丸,豬肉丸
檸檬,檬檸
豬肉丁,豬肉丁
落葵,蠶菜
豚骨湯塊,豚骨湯塊
水果,鮮果
柑曼怡,GrandMarnier
味噌,仙台味噌
紫萵苣,紅生菜
泡菜鍋,泡菜鍋
咖哩,GaramMasala
天麻,赤箭
辣椒醬,麻辣鍋醬
蘿蔔糕,蘿蔔糕
香菜,芫西
寶石魚,寶石斑魚
扇貝,海扇
馬祖老酒,馬祖老酒
梨子,水梨果肉
塘虱?,塘虱
水煮蛋,水煮蛋
珍珠菇,黃金滑菇
白乳酪,白奶酪
荸薺,馬蹄末
鬼頭刀,鬼頭刀魚清肉
食鹽,鹽
螺璇藻,螺璇藻
冰塊,冰 塊
醬汁,醬料
奶油,牛油溶液
春捲醬,春捲醬
瑪斯卡彭起司,Mascarpone Cheese
雞蓉,雞胸肉末
義大利麵,千層麵
美味濃湯,美味濃湯
白蔭油,大同白陰油
蔥,蔥絲
起司,切絲起司
海膽醬,海膽醬
韭蔥,韭蔥切段
海鱺,海鱺
泡芙,長型閃電泡芙
刺鯧,肉鯽仔
洋火腿,洋火腿
菠菜,鸚鵡菜
起司,起司片
花生,鹹碎花生
豌豆粉,豌豆粉
蒜香黑糊椒醬,蒜香黑胡椒醬
田螺,田螺
益母草,益母草
豬胛心肉,夾心肉
胛心排,中排
鮭魚,煙三文魚他他
榨菜,炸菜
梅醋,梅狀元陳梅老醋
中濃醬,濃厚醬
紅葉萵苣,紅翠萵苣
象牙鳳螺,象牙鳳螺
海山醬,海山醬
香醋,香醋
白豆醬,白豆醬
大白菜,膠菜
百合鱗片,百合鱗片
蓮霧,黑金剛蓮霧
豆沙餅,豆沙餅
開心果,無調味開心果仁
九層塔,九成塔葉末
苦蔘根,苦蔘根
白鳳菜,白擔當
法式香料,普羅旺斯香料粉
椰子,椰子
滷牛筋,滷牛筋
苦苣,菊苣菜
章魚花枝漿,章魚花枝漿
薑,老薑
花生,脆花生
雞蛋,優鮮蛋
麻竹筍,正坭竹
猴頭菇,猴頭菇
蔗糖,蔗糖
切達起司,Cheddar
川七,男人菜
蓮葉,蓮葉
豬皮凍,豬皮凍
PIZZA醬,PIZZA醬
龍蝦,龍蝦肉
麵片,湯餅
雞腿,仿仔雞腿
魚肉,淡水魚
楊莓,楊梅
白蔭油,白蔭油
五寶果,伍寶果
切達起司,車打芝士
龍鬚菜,隼人瓜鬚
餅皮,蛋餅皮
醬油膏,油膏
蘋果,富士蘋果
拔葉萵苣,紅拔葉萵苣
乾藍梅粒,乾藍梅粒
哈密瓜,藍寶石洋香瓜
薯條,麥當勞的薯條
梅醬,黃梅純醬
牛油奶,牛油奶
米豆,白豆粒
藥燉排骨湯,藥燉排骨藥材
義式肉腸,肉腸
萊姆,秋來小果龍珠果
韓國年糕,韓國造型年糕
蒟蒻,魔芋
地瓜粉,地 瓜 粉
牡蠣,蚵仔
油雞,油雞
甘藍芽,甘藍芽
滷水,鹽鹵
奶水,三花奶水
植物油,山茶花籽油
蔥油餅,桂冠卡好蔥油派
蔥,珠蔥蔥綠
豬肝,生豬肝
羽衣甘藍,羽衣甘藍
桃子,白油桃
蝦,明蝦
荷蘭醬,荷蘭醬
焦糖醬,焦糖醬色
花椰菜,花椰菜
醬瓜,蔭瓜末
嫩精,嫩精
蜂蜜,桂花蜜
肉鬆,肉鬆
麥粉,面粉
醬瓜,醃瓜碎
柳橙,香丁
酸辣湯包,泰式酸辣湯醬料
半天筍,半天筍
胡椒粉,胡椒粉
蜂蜜,龍眼蜜
紅魚,紅魚
辛夷,木筆
帕馬森起司,帕馬乾酪
肉圓,肉圓
白蘿蔔,白蘿勃
海帶,昆布
鯧魚,倉魚
香菜根,香菜根
TABASCO,tabasco
黑木耳,雲耳
巧克力,朱古力
鵲豆,鵲豆
豬絞肉,絞肉餡
大麥,格蘭諾拉麥片
米粉,細米粉
竹輪,小竹輪
水菜,水菜
帶魚,油帶
餅乾粉,餅乾粉
白木耳,雪耳
花生,去皮花生
黃米,黍子
皮蛋,松花蛋
芒果,玉文芒果
葡萄,葡蔔
烤雞腿,烤雞腿
蔥,蔥
七葉蘭,七葉蘭葉
酵母粉,即發酵母粉
燒賣,港籠燒賣
四物藥包,四物中藥包
牛奶糖,牛奶糖
甜椒,三椒絲
鹽焗雞香料粉,鹽焗雞風味香料包
松茸菇,松茸菇
火腿,火腿肉
起司薄餅,起司薄餅
黑芝麻粉,黑芝麻糊
酸甜汁,酸甜汁
洋蔥,洋蔥塊
克林姆餡,克林姆餡
蛋黃醬,沙巴翁蛋黃醬
香樁醬,香樁醬
羽衣甘藍,牡丹菜
金盞花,金盞菊
龍骨,豬脊椎骨
醬油膏,萃釀系列甕釀油膏
炸醬,炸醬
高筋麵粉,洽發高粉
原味燒餅,燒餅
草莓,草苺
混合菇,綜合菇菇
混合菇,綜合菇菌
魷魚,魷魚
槓香藤,杠香藤
枇杷,金丸
鮑魚菇,平菇
牛五花肉,牛培根肉
沙朗牛排,沙朗牛排
小卷,熟小管
黑麥,黑麥汁
竹莢魚,竹莢魚
紫色花椰菜,紫花椰菜
菇菇炊飯,菇菇炊飯
紅扁豆,紅扁豆
魚肉,紅燒魚
紅條魚,七星斑
栗子,栗
茄子,茄子
天津丼,天津丼
酥心粉,酥心粉
泡麵,泡麵
蒜,蒜泥
脆瓜汁,脆瓜汁
白扁豆,細綿豆
落葵,潺菜
飯,白飯
花生,熟土豆
尖尾風,澤蘭
味醂,味霖
竹輪,竹輪
夏威夷豆,夏夷果仁
柳仔茄,柳仔茄
香瓜,黃香瓜
裙帶芽,裙帶芽
蜂蜜,抹茶蜜糖
三明治,法式炒蛋三明治
胡蘿蔔,甘旬
中筋麵粉,中筋粉
西瓜汁,超濃西瓜汁
石斑魚,龍膽石斑
起司粉,碎芝士
瑞可達起司,瑞可達起司
拉麵,甩麵
香草,雲呢拿
蔬菜汁,蔬菜汁
混合菇,綜合什錦菇
海蜇皮,涼拌海哲皮
奧勒岡,比薩草
菠菜,嫩波菜葉
大吉嶺茶,歐式大吉嶺茶
雞腳,黑雞瓜
雞醬,辣雞醬
雞胗,雞胗
飛刀,飛刀
雞精粉,牛頭牌雞晶粉
甘藷葉,地瓜葉
醬瓜,小蔭瓜
糖漬橙片,橙片
扇貝,扇貝
雞胸肉,雞胸
千寶菜,千寶菜
生魚片,生魚片
藥燉包,中藥包
筍,冬筍
甜蘿勒,甜蘿勒
甜菜,菾菜
煉乳,鷹牌鍊奶
車前草,豬耳朵棵子
植物油,固體菜油
奶油,有機牛油
丁香粉,丁香粉
油蔥酥,蔥油酥
酵種,酵種
豬里肌,安心豚里肌
香蕉,7-11上等蕉
薑,南薑切片
Oreo餅乾,歐利歐餅乾屑
石狗公,石狗公
栗子,糖漬栗子粒
糖水,糖水
梅花肉片,梅花肉片
蔥,乾蔥
鮭魚,鮭魚生魚片
義大利餃,意大利餃
粉蒸肉粉,粉蒸肉
煉乳,煉乳
筊白筍,皎白荀
魚香醬,魚香醬
魚滑,鯪魚滑
肝連肉,肝璉
胡椒粉,白糊椒鹽
洋菜,大菜
月桃葉,月桃葉
菜脯,菜甫
大頭菜,蕪菁
沙茶醬,沙茶醬
厚片吐司,全麥厚片
海藻,褐藻
食鹽,鹽巴
義大利香料,義大利香草料
鴨胸,鴨胸片
米,綠米
植物油,葵花油
雞翅,雞翅肉
龍葵,烏甜菜
可爾必思,可爾必思乳酸菌
鱘龍魚,鱘龍魚
柳松菇,柱狀田頭菇
黑豆,烏豆
味噌,甘口味噌
豬骨,肩胛骨
沙梭魚,沙腸魚
威化餅乾,威化餅乾
馬茲拉起司,馬扎瑞拉起司
蔬菜炒飯,蔬菜炒飯
羊排,羊菲力
醬油,和露
黃魚,黃花魚
馬茲拉起司,起司（mozzarella)
筍嫩尖,筍嫩尖
橄欖油,橄油
烏龍茶,烏龍茶葉
莧菜,荇菜
刺鯧,?鯧
茉莉茶梗,茉莉茶梗
豆枝,滷豆枝
杏鮑菇,杏菇鮑丁
糖心蛋,溏心蛋
烏魚子,烏魚子
可頌餅,可頌餅
海鮮炊飯料,西班牙海鮮炊飯料
吉利丁　,吉利丁膠片
鮑魚,仙女貝
鼠尾草,鼠尾草
海菜,澎湖海菜
巴西里,帕西里
米,白米
箭竹筍,玉筍
榛果,榛果果乾
蔥,青蔥綠蔥白省略
白醋,白酢
牛筋,牛蹄筋
排骨,豬仔骨
味噌,紅味增
素蛋黃,素蛋黃
起司,軟式辮子起司
培根,煙肉
蔥,鮮蔥
飯友,飯友
玫瑰花露,玫瑰花露
蘋果,加拉蘋果
大芥菜,長年菜
紫山藥丸子,紫山藥丸子
黃鰭鯛,黃鰭鯛
卡士達醬,卡式達醬
可爾必思,原味可爾必思
桂花,桂花
鍋粑,鍋巴
卡士達醬,卡士達醬
白乳酪,白乾酪
蝦醬,辣蝦膏
龍鬚菜,龍鬚菜
黑胡椒蘑菇醬,黑蘑醬
貝禮詩奶酒,Bailey's
伍仔魚,午魚
濃縮乳酸飲料,乳酸飲料
羊肉鍋湯,涮羊肉鍋湯汁
豬油,板油
烏梅汁,有機Q梅汁
燻雞片,煙燻雞片
鯧魚,白鯧魚
鳳柳汁,鳳柳汁
奶水,鮮奶奶粉水
奇異果,黃金奇異果肉
消化餅乾,麥維它消化餅
欖仁葉,欖仁葉
芥菜,刈菜
寡糖,寡糖
香蕉,蛋蕉
冬粉,乾粉絲
味精,鹽味精
牛膝,淮七
山水豆腐,山水豆腐
糖漿,香草糖漿
丹參潤膚湯,丹參潤膚湯
花生,鹽味花生
豬骨,豬支骨
紅鳳菜,補血菜
藍苺,藍苺
樹子,自製破布子
裝飾糖粒,裝飾糖粒
花旗蔘,洋蔘片
花椰菜,綠椰菜
豆瓣菜,西洋菜
乾蔥頭,細干蔥頭
花椒,花椒粒
糖漿,果露
海菜,水青菜
煎餅沾醬,煎餅沾醬
鮑魚,鮑魚
油魚,深海圓鱈
豬油,後腿油
油,家用油
七味粉,七味粉
花椒,花椒粉
鍋粑,鍋粑
甜八寶,愛之味甜八寶
蛋皮,蛋皮
海鮮,綜合海鮮
辣椒醬,韓國辣椒醬
山葵葉,山?菜
義大利玉米粥,義大利玉米粥
石斑魚,紅鰷
春捲皮,春捲皮
素肉,?素鮑魚
筍,鮮筍
白雪菇,7-11好菇道-白雪菇
伍斯特醬,英國黑醋
葛鬱金粉,天然葛鬱金粉
玉米粉,鷹粟粉
蜜汁醬,蜜汁醃醬
蝦,中蝦
玉米筍,小玉蜀黍
吉利丁　,吉力丁片
綠藻,綠藻粉
白蒜,白蒜
三寶粉,三寶粉
山楂,冷凍新鮮山楂
伍仔魚,午仔魚
班蘭葉,香林投
灣葉,灣葉
餅皮,圓餅皮
食茱萸,大葉刺蔥
莓果,新鮮莓果
起司,煙燻起司
百合,生百合花
巧克力,drak chocolate
蟹肉棒,蟹條
香鬆,日式香鬆
香鬆,味什麼什蔬香鬆
荳蔻粉,綠荳蔻
素火腿,素火腿肉
巴西里,香芹
巧克力,白巧克力
辣椒,紅辣椒片
鼠尾草,山艾粉
椰奶,椰槳
泡椒,泡椒
豬骨,骨盤骨
蛋絲,蛋絲
菠菜,嫩菠菜葉
柴魚粉,鰹魚乾
美乃滋,美奶滋
雞酒,麻油雞調理包
蘆筍,索羅羅
甜筒,餅乾甜筒
仙草,仙草
咸豐草,咸豐草
香菜,香菜梗
薤,薤白頭
果茸,果茸
炸雞,炸雞
豆蔻,肉豆蔻
牛樟菇,牛樟芝
發酵粉,發酵粉
馬鈴薯,有機馬玲薯
草魚,草魚尾
椒鹽,胡椒鹽
混合菇,綜合野菇片
辣椒醬,李錦記川式麻辣醬
濃湯塊,好侍北海道濃湯塊
炸魚,炸熟的魚
越瓜,稍瓜
排骨飯,排骨飯
雞腿肉,無骨雞腿
白蘿蔔,蘿蔔絲
白豆醬,白豆瓣醬
芽菜,有機芽菜組合
A菜,A菜
小豆蔻,白荳蔻
龍眼,桂圓
三角仔,狗坑仔
土虱魚,塘虱魚
炙耆,炙耆
鮭魚,三文魚排
香鬆,浦島香鬆
蒜味粉,日本蒜味粉
冰塊,碎冰塊
糖漿,糖蜜
鰹魚水,鰹魚水
珍珠菇,珍珠菇
海菜,海花菜
手指餅乾,Lady Finger
刺蔥粉,刺蔥嫩芽葉
松子仁,松子仁
Oreo餅乾,oreo
桃子,水蜜桃
螃蟹,花蟹
滷雞珍,滷雞珍
帕馬森起司,巴馬臣芝士
蟋蟀,蟋蟀
蒔蘿粉,新鮮蒔蘿末
烤雞粉,烤雞粉
洋蔥,洋?丁
蟹肉,新鮮蟹管肉
螺,雙龍牌螺肉罐頭
鮑魚菇,黑牡丹菇
蛋卷,蛋卷
蔥,蔥屑
蘆筍貝,蘆筍貝
義大利香料,義大利綜合香料
軟絲仔?,軟翅仔
玉米粉,粟粉
人蔘,高麗蔘
砂糖,榶
豌豆芽,豌豆苗
冷凍蔬菜,蔬菜丁
鯧魚,鯧
紅糖,brown sugar
紫洋蔥,紫玉蔥
蔥,蔥白
費南雪,金磚蛋糕
荳蔻粉,荳蔻粉Nutmeg
豬肉絲,里肌肉絲
塔皮,葡式蛋塔皮
櫻桃,表桃
七葉蘭,香蘭葉
薯餅,迷你圓薯餅
鮭魚,鮭魚片
香鬆,香鬆粉
甜椒,三色椒丁
米霖,米霖
玉米,小玉米
金線蓮,新鮮金線蓮
花豆,紅花菜豆
燕麥飯,燕麥飯
義大利香料,香料共合國義式綜合香料
枇杷,枇杷
奶油起司,creamcheese
拉麵,拉麵
甜蘿勒,甜蘿勒葉
紫蘇,大葉絲
五更腸旺,五更腸旺
火鍋料,義美燕餃
象牙鳳螺,鳳螺
烈酒,烈酒
咖啡,即溶咖啡粉
饅頭,小饅頭
薰衣草,薰衣草
油,調和油
杏仁,光中杏
辣椒水,辣椒水
薯條,薯條
豬里肌,嫩肩里肌
沙梭魚,沙梭魚
A菜,萵菜
菠菜,赤根菜
鯽魚,鯽魚
辣椒,剝皮辣椒
蒔蘿,蒔蘿
低筋麵粉,低筋麵粉
紀州梅,紀舟梅
粉心粉,中筋粉心粉
雞胸肉,放山古早雞雞胸
野莧菜,皺果莧
馬告,山胡椒
白斬雞,白斬雞肉
紅扁豆,峨眉豆
檸檬,檸 檬
巧克力,巧克豆
魚滑,魚滑
鴨肉條,紅面番鴨
香菇,椎茸
秈米,秈米
桔餅,桔餅
鹹鴨蛋,鹹杬
PIZZA醬,比薩醬
桑枝片,桑枝片
節瓜,綠櫛瓜
花菜心,花菜心
藥燉包,藥燉包
鹹酥芋絲,鹹酥芋絲
鴨肉條,土番鴨
鮮奶油,Single Cream
大理石片,大理石片
淡竹葉,淡竹葉
刈包,割包
燕麥,燕麥
味噌,味磳
草仔粿,草仔粿
紅罌栗泥,紅罌粟果泥
橘子,橘片
蔥,蔥切段
雞胸肉,chicken breast
九層塔,九層塔
排骨,一字排
魚醬,廣達香魚醬
冷凍蔬菜,自己喜好的蔬菜
番薯,紫芋地瓜
鮪魚,鮪魚罐
陽春麵,陽春麵
粉稞,粉稞
洛神醬,自製洛神醬無糖
雞肉,土雞肉
﻿牛肉,帶骨小牛肉
藥燉包,藥材包
角椒,角椒
牛奶,milk
氣泡酒,香檳
珍珠米,低卡珍珠米
花生,生花生
海膽,小海膽
蜜餞,橙皮蜜餞
甜豌豆,荷蘭豆菜心
花枝,烏賊
銀粉,可食銀珠
假人蔘,櫨蘭
豬蹄筋,蹄筋
蹄膀,腳蹄
太白粉,太白粉
冬菜,冬菜
炒餅,什錦炒餅
醬油雞,醬油雞
鮪魚,罐頭吞拿魚
落葵,蟳管菜
假人蔘,假人蔘
洛神醬,洛神原汁
二層肉,離緣肉
蓮花,蓮花
香菇,冬菇
百頁結,百頁結
紅腰豆,紅腰豆罐頭
義式花香醬,花香醬
魚肉,去骨魚
薑,薑絲
海苔,元本山對切海台
絲瓜,勝瓜
紀州梅,紀州梅
十全藥包,十全中藥
懷舊點心,7-SELECT懷舊點心
起司,笑笑牛起司
老抽,濃醬油
胡蘿蔔,紅羅蔔
破布籽,樹子仔
蒟蒻,雙色蒟弱
披薩皮,披薩皮
花生,罐頭花生
青江菜,青剛菜
豬骨,冬骨
泡打粉,無鋁炮打粉
米豆,白豆
扁尖筍,扁尖筍
茅屋起司,Cottage Cheeae
松子仁,松子粒
薤,薤
九尾草,通天草
卡士達醬,奶香餡
過溝菜,蕨萁
藥燉排骨湯,藥燉排骨湯汁
辣椒醬,Tabasco
粉蒸肉粉,粉蒸粉
蝦,泰國蝦
蝶豆藍花,藍花蝶豆
黃豆醬,黃豆醬
龍鬚菜,香櫞瓜苗
靈芝,靈芝菇丁
鬚苣,鬚苣
柱侯醬,柱侯醬
馬郁蘭,馬約蘭草
龍蒿葉,龍篙葉
大吉嶺茶,大吉嶺茶
椰果,椰子凝膠
火鍋料,火鍋餃
柳葉魚,喜相逢
酸奶油,酸奶油
煉乳,練乳
印度香料,Garam masala香料粉
豬耳朵,豬耳朵
砂糖,精緻細砂
豬耳朵,骨仔肉
鼠麴草,清明草
紅糖,棕糖 brown sugar
薑,乾薑
山槴子,山梔子
氣泡水,無糖汽泡水
羊鞭,羊鞭
甜桃果泥,蜜桃果泥
豆仔魚,豆仔魚
香豉醬,香豉醬
?蝦蛄,?蝦蛄
鱉,水魚
菜薊,朝鮮薊片
蘑菇醬,蘑菇醬
卡門貝爾起司,卡門貝爾乳酪
糖漬橙片,血橙片
砂糖,蔗糖粉
豬絞肉,豬紋肉
鮮味炒手,康寶鮮炒手
梨子,橫山梨
蔥,蔥綠
玫瑰花粉,天然玫瑰花粉
巧克力醬,榛果可可醬
開心果,開心果
蒜,去皮蒜粒
黃豆芽,大豆芽
燕窩,燕窩
鴻喜菇,紅喜菇
沙嗲醬,沙哆醬
春川燉雞塊調理醬,春川燉雞塊調理醬
松子仁,海松子
燒酒,燒酒
新北市健康三寶,新北市健康三寶
豆腐乳,霉豆腐
乾果,乾果
鹹鴨蛋,咸蛋
豆皮包,豆皮包
螃蟹,新鮮活蟹
白雪菇,白雪菇
紅糖,紅糖
西谷米,西米谷
玉米,玉黍黍
深綠色蔬菜,深綠色蔬菜
筍,筍
裝飾糖粒,彩糖
杏仁,杏片片
年糕,年糕切塊
白表,豬背油
麵衣,麵衣
食鹽,REALSALT
玉米筍,玉米筍
芥菜梗,芥菜梗
豬骨,前肢骨
迷迭香,迷迭香
潤餅皮,潤餅皮
青醬,青醬料
養樂多,養樂多《2罐》
夾心餅乾,夾心餅乾
紅糟,紅糟
香菇,香菇丁
香筍,香筍
烏龍茶,青茶茶包
茶碗蒸,茶碗蒸汁液
糖漬橙片,柳程片
蝦排,蝦排
釋迦,釋迦
穀類,穀類
砂糖,貳砂
熟地,伏地
節瓜,腿瓜
諾鈣C發泡錠,『諾鈣C發泡錠』
白菇,白精靈
海鮮,海鮮
麻糬,大福
吳郭魚,吳郭魚
土魠魚,竹鮫
醬油,龜甲萬和露
義大利醬,義大利醬
鰹魚鹽,鰹魚鹽
諾鈣 C,諾鈣ｃ
燕尾斑,野生魚鋪燕尾斑
麻婆豆腐淋醬,麻婆豆腐醬
魚肉,魚淨肉
A菜,刈葉萵苣
乾瓢,乾瓢
沙丁魚,沙丁魚
桔醬,客家橘醬
義大利麵,貝殼麵
酸豆,羅望子葉
義大利玉米粥,Polenta
棉花糖,marshmallows
牛樟菇,樟菇
高麗菜,甘藍
番薯,甘藷
紫米,冠德濁水溪台灣黑米
辣椒,斷魂椒
香鬆,三島香松
澳門大骨煲,澳門大骨煲
味噌,味曾
榛果,榛子
豬瘦肉,豬瘦肉
蔥,細香蔥末
法式香料,普羅旺司綜合香料
紅醬,紅醬調理包
果醬,鮮果醬
辣根,辣根
年糕,甜粿
翼豆,翼豆
棗子,蜜棗
荸薺,馬蹄
日本油菜,餅菜
車前草,芣?
透抽,真鎖管
川貝,川貝粉
酸辣湯包,酸辣湯
豬小腸,小腸
牛奶,鮮牛奶
日式鏗魚汁,日式鏗魚汁
蟹肉棒,蟹肉棒
雞蛋粉,雞蛋粉
年糕醬,韓式棒年糕
羊栖菜,羊栖菜
橘子,高牆桶柑
夏威夷豆,Macadamia
車蝦,花蝦
蔬菜麵,菠菜條
梅醬,梅香莊老梅膏
食鹽,健康減鈉鹽
菠菜,菠菜梗
雞腿排,雞腿排
起司,芝士條
咖啡,濃咖啡
紅色色素,食用色素紅
鹿肉,鹿肉
稜角絲瓜,金門菜瓜
果醬,蔓越莓果醬
水餃,冷凍餃子
蒜,蒜仔
椒鹽,楜椒鹽
菜豆,菜豆
蒜,蒜仁
茄苳,茄苳
青衣魚,黑斑豬齒魚
豬絞肉,細攪肉
餛飩皮,餛飩皮
雞精粉,鮮?粉
紅捲鬚,進口紅綠捲鬚生菜
沙魚煙,沙魚煙
雲吞,雲吞
砂糖,白糖
大麥,大麥片
秋葵,秋葵
奧勒岡,皮薩草
雞翅,鳳翼
蔬菜,蔬菜絲
花雕醉雞汁,花雕醉雞汁
榛果,榛果粒
榛果,榛果粉
亞麻子,大胡麻
魚肉,鮮魚
醬菜,醬菜
海帶,海帶絲
蒸肉粉,辣蒸肉粉
起司,cheese
豬腱子肉,腱子骨
蜜薯片,蜜薯片
葛縷子,葛縷子
蔬果汁,蔬果汁
裝飾糖粒,硬式糖霜
湯種,高筋湯種
泰式小圓茄,泰式小圓茄
薯泥,薯泥
南瓜,金瓜片
前排肉,前排肉
奶油起司,忌廉芝士 - Cream Cheese
豆腐,絹豆腐
黃桃,黃肉桃
香鬆,義美奶香鬆餅
百香果,熱情果
蘆筍,蘆筍
甜粽,鹼粽
橘子,金橘
沙朗牛排,牛外脊肉
番茄,蕃切丁
鵝腿,帶骨鵝腿
野韭菜,熊蔥
蘿蔓萵苣,蘿美萵苣
豬胛心肉,肩胛肉
香鬆,什蔬香鬆
焗烤起司,Pizza專用起司
烏龍茶,冰青茶
鯷魚,堤魚
魚湯,魚湯
白乳酪,白起士片
食用鹼,鹼粉
花生,辣花生
豆豉,嗜
乳酸菌粉,普羅優菌粉
九孔,台灣珍珠鮑魚
莫佐瑞拉起司,摩佐瑞拉起司
芒果,肯特芒果
人蔘,白蔘
洋菇,小白菇
拌飯粉,拌飯粉
魚肉,小魚
小白菜,小白菜
墨西哥捲餅,墨西哥捲餅
酸豆,酸梅樹
梅子粉,梅子粉
四物藥包,四物湯
草仔粿,田艾粄
豆蔻,白蔻
蓮霧,蓮霧
蔥,白蔥
葡萄酒,白葡萄酒
莓醬,有機草莓醬
黑罌栗,黑罌粒
豬骨,大骨
豬骨,豬骨
氣泡酒,汽泡酒
鮮奶油,鮮奶油
西式香料,歐式香料
醬瓜,瓜脯
草莓,Strawberry
蔥,蔥末
水果,綜合鮮果
乾蔥頭,干蔥
餅皮,Yufka
豬油,網油
香蒜粉,小磨坊蒜粉
起酥片,立基起酥片
龍鬚菜,佛手瓜苗
虎豆,花圓豆
酒醋膏,酒醋膏
藍莓,藍梅
蜜豆,大蜜豆
大豆卵磷脂,大豆卵磷脂
大豆卵磷脂,G98卵磷脂
蒔蘿,刁草
酪梨,牛油果
杏仁,杏仁果
九層塔,九層末
綜合丸,炸丸子
桑葚,桑葚子
泡菜鍋,泡菜湯底
蔬菜,綠葉蔬菜
龍蒿葉,龍篙葉碎
豬腱子肉,老鼠肉
蟹肉,人造蟹柳
火鍋料,綜合花鍋料
天津丼,天津飯
紫羅蘭,紫羅蘭
紹興酒,紹興花雕酒
核桃糕,核桃糕
可爾必思,可爾必思
烏骨雞肉,烏骨雞肉
牛腩醬,牛楠醬
高麗蔘精,高麗蔘精PLUS
豆薯,?薯
高山茶,高山茶汁
地瓜粉,地瓜粉
無子葡萄,無子紅葡萄
火龍果,紅火龍果
拌三絲,開陽拌三絲
酵母粉,速發乾酵粉
紅燒肉,紅燒肉
味噌,味噌
帕芙隆起士,帕芙隆起士
香菜,香菜末
莓果,冷凍綜合莓果
榴槤,榴槤
薑,姜片
草苺粉,草苺粉
桂花糖,桂花糖
鳳梨,鳳梨
中華鱘,鱘魚
辣腸,廣東辣腸
蛋炒飯,黃金蛋炒飯
虎豆,福豆
牛腱,牛鍵
洋蔥,球蔥
五香粉,五味粉
預拌粉,翻糖預拌粉
百頁豆腐,百頁
花生糖,花生糖
三七,三七
中濃醬,Bull-Dog中濃醬
豬瘦肉,瘦肉
茵蔯蒿,茵藤
塔皮,生塔皮
干貝,甘貝
杏仁,dried apricot
吻仔魚,不拉魚
玉竹,萎蕤
豉汁,淡豆豉
魚粉,魚粉
鰻魚,真空包饅魚
酵母粉,速發酵母
彩米,紅彩米
什穀雜糧,多穀物雜糧
蛤,蛤勵
破布子湯汁,破布子醃汁
鯧魚,白鯧
紫蘇,香蘇
麥粉,T85裸麥粉
酵母粉,乾孝母粉
話梅,梅乾
苦茶油,祥記茶仔油
大麥,無糖麥片
紅葉萵苣,紅卷鬚萵苣
香菇,乾香茹
泥鰍,泥鰍
胡椒粉,黑胡腳
橄欖油,extra virgin olive oil
豬里肌,豬里肌條
黑豆粉,有機黑豆粉
鮮奶油,whippedcream
菜薊,食托菜薊
菊花,芳香萬壽菊
辣椒,印度鬼椒
海膽,海膽
粽,粽
紫高麗菜,紫高麗
珍珠菇,光帽磷傘
蒜,蒜瓣
高湯,大骨濃縮汁
素肉,素魚
泡打粉,打泡粉
蝦餃,龍鳳餃霸大蝦餃
拌飯粉,彩色食用拌飯粉
歐防風,芹菜蘿蔔
卡門貝爾起司,camembert
彩米,彩米
雞菇,雞菇
仙楂,仙渣
味增醬,味增醬
牛腰,牛腰
橘色食用色素,橘色食用色素
粽,粽子
熟蝦,熟蝦
庫司庫司,北非小米
西葫蘆,美國南瓜
甜椒,彩色大辣椒
柿子,四周柿
青南瓜泥,青南瓜泥
豆豉,大苦
軟絲仔?,軟 絲
胡蘿蔔,紅蘿蘿
蒔蘿,蒔蘿葉
傳統英國茶,傳統英國茶
烤肉醬,李錦記蜜汁燒烤醬
花茶包,花茶包
烏龍麵,乾烏冬
培根,培跟
魚骨,魚骨頭
黑醬,黑麵醬
胛心排,排頭
綠豆沙,綠豆沙
玫瑰花醬,玫瑰花釀
燒酒雞藥包,大潤發燒酒雞調味包
燒肉丼醬,燒肉丼醬
起司腸,桂冠德國起司腸
孜然,阿拉伯茴香
紅燒汁,紅燒汁
龍眼乾,古法炭焙龍眼
素湯頭,素湯頭
黑芝麻交切片,黑芝麻交切片
鯖魚,青花魚
蘋果,蘋果
韭蔥,韭蔥
天山華翠菇,滿天星菇
黑棗,黑棗
牛五花肉,培根牛
熟肉絲,熟肉絲
藿香,廣藿香
彩色糖珠,裝飾糖果
章魚燒,章魚燒
牛奶,脫脂奶
香菇,鈕釦菇
蘭花干,花干
黑豆瓣醬,豉油炸醬
鳳梨汁,鳳梨汁
魚高湯,柴魚汁
酵母粉,即發酵母
蒔蘿,Dill 蒔蘿
瑞可達起司,ricotta cheese
肥豬肉,肥豬肉
透抽,大卷
花椰菜,美國花菜
奧勒岡,牛至粉
蟹腳,蟹腿肉
芋泥,芋泥餡
野山蔘,野山蔘
奶油起司,Creem Cheese
茄子,蛋茄
紫心地瓜漿,紫心地瓜漿
胡椒粉,白胡粉
哈密瓜,哈密瓜
XO醬,XO醬
小蘇打粉,Baking Soda
豬肋排,豬腹協排
巴西里,番芫荽
花椰菜,青花椰
豬腱子肉,豬腱肉
鯛魚,鯛魚肉
優酪乳,優酪
馬茲拉起司,新鮮莫札瑞拉起司
蘆根,蘆根
青花椒,青花椒
七味粉,七位唐辛子
辣椒醬,韓式辣椒醬
萵筍,莖用萵苣
饅頭,冷凍饅頭
舞茸,舞茸
芝麻菜,芝麻菜
伏特加,Vodka
筊白筍,菰蔣草
黑加網,臭魚仔
蝦,嗆活蝦
甘露子,地母
燒雞,燒雞肉
砂糖,砂糖
過溝菜,過溝菜
小吉魚,小吉魚
大陸妹,大陸妹
桂竹筍,桂竹筍
薺菜,薺菜
小卷,新合發脆卷
泡菜,泡菜
海蘆筍,海蘆筍
黃薑粉,黃薑粉
牛軋糖,牛軋糖
香草醬,香草醬
嫩肉粉,味好美嫩肉粉
蹄膀,腿庫
甜筒,脆皮甜筒杯
蘆筍,細葉百部
甜桃,台灣甜桃果肉
七味粉,七味唐辛子粉
雞里肌肉,雞里肌肉
砂糖,特砂
中藥酒汁,酒汁
起司,高溶點煙燻起司
荸薺,菩薺
大白菜,芽白心
黃色色素,黃色四號色素
香瓜,美濃瓜
蜜汁醬,蜜汁淋醬
香菜,胡荽
軟糖,明治Poifull酸味軟糖
豆棗,豆棗
蔥,株蔥
羊肩肉,羊肩
米椒,糯米椒
小番茄,小鮮茄
蕺菜,魚腥草
粄條,過水粄
黃麻菜,長蒴黃麻
粉圓,黑珍珠粉圓
粉皮,大福皮
榴槤,榴連
鮑魚菇,鮑魚菇
蜂蜜,雜花蜜
蔥,香蔥末
蝦,新鮮活蝦
羊肉,羊肉
羊排,羊肋
九孔,雜色鮑
帕馬森起司,帕米吉安諾起司
鮭魚,煙三文魚
胛心排,頸骨
柳橙汁,新鮮橙汁
筊白筍,茭白筍
米,越光米
蟹殼,蟹殼
高湯,海鮮湯頭
味增醬,韓式味增醬
飯,熟米飯
蔥油餅,蔥油餅
羊排,羊肋排
排骨,肉骨
哈密瓜,秋香洋香瓜
味醂,味 淋
酒糖液,酒糖液
油,液態食用油
醬油雞,豉油雞
素火腿,素火腿
花生,新鮮花生
塔皮,派皮
法國麵包,法包
饅頭,白色小饅頭
牛奶,新鮮牛奶
蔓越莓,蔓越莓
川七,洋落葵
魚露,蒸魚汁
紫色甘藍,紫色甘藍
青星九刺鮨,過魚
雞醬,泰式辣雞醬
刺蔥粉,刺蔥粉
胡椒粉,白糊椒
龍眼乾,龍眼乾肉
四神中藥包,四神中藥包
肉桂粉,月桂粉
酸豆,九層皮
洋菇,白蘑菇
全雞,冰鮮雞
植物油,紅花籽油
米血,豬血糕
老抽,老抽
糖漿,糖葫蘆糖漿
啤酒,Guinness 黑啤酒
大頭菜,結頭菜
Oreo餅乾,奧利奧
雞塊,雞塊
咖哩,咖喱
醬瓜,瓜仔
雞油,雞汁油脂
日本油菜,小松菜
海參,刺蔘
干貝,干 貝
香蕉,甘蕉
苦苣,苦菊
麵包,歐包
蜜餞,切碎洛神蜜餞
素肉,素腸
雞腿,雞髀
糖醋醬,糖醋汁
鹽膚木,臺灣鹽麩子
豬里肌,腰裏肉
蒜,蒜末
味精,味晶
蛋液,殺菌液蛋
牛骨,牛骨
酥心粉,白玉酥粉
含片,口含片
糯米粉,元宵粉
五花豬肉片,五花薄片肉
舞茸,舞茸菇
油蔥酥,紅蔥蒜
牛奶,純牛奶
大頭菜,芥頭菜
枸杞,构杞
干貝,瑤柱
豬胛心肉,豬胛心肉
地瓜粉,蕃薯粉
芋圓,雙色芋圓
水,浸泡水
胡椒粉,白糊椒粉
酥皮,千層派酥
豆豉,豆?
山芹菜,山芹菜
雞絲麵,雞絲麵
鬼頭刀,鬼頭刀
玉米醬,罐頭粟米蓉
五加皮,五加皮
汽水,雪碧
豉汁,豆豉汁
桔醬,桔醬
生腸,脆腸
手指餅乾,手指餅乾
螃蟹,沙公
人參果,牛心梨
八角,八角茴香
火鍋料,桂冠火鍋餃
明太子醬,明太子醬
千張,千張
肉鬆,肉菘
果乾,花果乾
奧勒岡,奧立岡粉
白花椰菜,青白花菜
布朗尼,布朗尼
梗米,梗米
豆干,豆腐干
鮑片,鮮網鮑
蒟蒻,蒟蒻
沙嗲粉,沙嗲烤肉粉
花椰菜,花棷菜
豌豆仁,豌 豆
墨西哥香料,西班牙香料
仙楂洛神,仙楂洛神
胛心排,頭排
肺炎草,肺炎草
飯,熟米
圓餅,圓餅
一陽齒,鐵雞蛋
牡蠣,蠔乾
亞麻子,胡麻仁
餅乾,小圓餅乾
味醂,味醽
咖啡,特濃咖啡粉
優格,优格
萵苣,萵苣
檸檬皮,檸檬皮絲
哈密瓜,哈蜜瓜
麻婆豆腐淋醬,麻婆豆腐淋醬
油蔥酥,油酥
低筋麵粉,紫羅蘭薄力粉
九層塔,千層塔
何首烏,何首烏
醃漬菜,福神漬
巧克力粉,黑巧克粉
味醂,味醂
輕煮汁,輕煮汁
豬肉條,豬柳
香鬆,日本飯素
藜麥,台灣藜
義大利麵,曲管麵
橙皮,臍橙皮
冰梅,無籽冰梅
桔皮,桔皮
梨子,高接梨
車前草,田灌草
土芹菜,土芹
紅腰豆,red kidney beans
翻車魚,曼波魚
甘藷葉,番藷葉
魚露,魚醬油露
中華鱘,中華鱘
水蓮菜,龍骨瓣莕菜
鮑片,鮑片
消化餅乾,消化餅乾
粄條,粿仔條
豬梅花肉,梅花排
雪菜汁,雪菜汁
透抽,透迪
甘果,油甘果
桂花釀茶包,桂花釀茶包
白鳳菜,白廣菜
筊白筍,菰菜
和風碳烤粉,和風碳烤粉
咖哩,咖喱塊
胡麻醬,富味鄉純黑細研胡麻醬
保久乳,保久乳
楓糖,楓糖漿
鬆餅粉,大河川無鋁鬆餅粉
滷元蹄,滷豬腳
琴酒,琴酒
車蝦,竹節蝦
脆圓,脆圓
獅子頭,冷凍獅子頭
香菇,生鮮菇
雞腿肉,雞腿肉
麻辣鍋底,麻辣汁
橙酒,干邑橙酒
紅糟醬,紅糟醬
義大利香料,綜合義式香料
雞腿排,無骨雞腿排
義式花香醬,義大利花香醬
橘子,臍橙
八寶粥,八寶粥
蘿蔓萵苣,蘿曼
筊白筍,茭首
蚌蘭,紅三七
雞屁股,雞屁股
菜薊,菜薊
糖粉,粉糖
土魠魚,梭齒魚
粉紅色著色劑,粉紅色著色劑
紫米,台灣黑米
酸筍,酸筍
白蘿蔔,蘿蔔泥
Oreo餅乾,黑餅乾
荔枝果泥,荔枝果泥
廣式臘鴨腿,廣式臘鴨腿
義大利香料,義大利乾香料
食茱萸,鳥不踏
鱈寶,鱈寶
過溝菜,食用雙囊蕨
奶油,奶油
牛腰,牛腰肉
醬牛肉,醬牛肉
紅麴米,紅麴米
米粉,白糯米粉
堅果,無油炸過綜合核果
九尾草,九尾草
巴西里,乾百香里葉
高湯,排骨湯
羅勒子,明列子
披薩皮,pizza皮
豆瓣醬,豆瓣
伏特加,波蘭伏特加
楊桃,五斂子
日式年糕,日式年糕
酵母粉,乾酵母粉
假人蔘,波世蘭
諾鈣C發泡錠,諾鈣C
美乃滋,美乃滋
蹄膀,蹄蒡
花生,花生仁
腰尺,豬胰臟
枸杞,甘杞
綠豆芽,荳芽
油,食油
牧師米,牧師米
荸薺,芍
鰻魚,烤鰻魚
番茄,宜蘭番茄
落葵,繁露
味噌,味?
鯛魚,雕魚
芹菜,芹
金針花,乾金針花
胡麻豆腐,海鮮胡麻豆腐
植物油,生油
米果,米果
汽水,可樂
毛豆,毛豆
粄條,泰國乾澱粉條
日本茶,日本茶
咖啡豆,Espresso專用豆
甘露子,草石蠶
紅魚,紅鰭笛鯛
肉丸,肉丸
甜椒,紅 黃彩椒
粥,米糊
豬肉丁,肉丁
鱸魚,鱸魚
甜椒,紅椒
辣椒醬,駱藝不絕天香麻辣醬
丹蔘,山參
紅茶,TWININGS皇家伯爵茶
蔘鬚,人蔘鬚
帶魚,魛魚
高梁酒,金門高粱38度
珍珠梅,珍珠梅
沙拉醬,莎拉醬
杏仁露,杏仁露
青星九刺鮨,條舅
糙米麩,糙米麩
紅色色素,粉紅色色膏
油菜,胡菜
落葵,非洲菠菜
山核桃,烤過的碎美國山核桃
油條,油條
甜椒,黃彩椒
哈密瓜,蜜世界洋香瓜
香茅,香芧
酪梨,油梨
鮑魚菇,灰鮑魚菇
菜豆,壞豆
紅醬,辣味茄醬
櫻桃,紫櫻
瓜子?,野生黑毛
山芹菜,鴨兒芹葉
馬茲拉起司,Mozarrela 起司
通心粉,通心粉
水茄,雲水茄
三色蔬菜,三色蔬菜豆
黃耆,北?
芋泥,芋泥
辣椒粉,紅辣椒粉
混合菇,松葉菇
豬眼筋,豬眼筋
手指餅乾,姆指餅乾
蘇打餅,全麥蘇打餅乾
芥藍芽,芥藍芽
紫高麗菜,紫甘藍
茄茉菜,牛皮菜
酒味濃湯,酒味濃湯
杏桃汁,胡西雍杏桃汁
哈密瓜,天香洋香瓜
蔥,蔥粒
洋菇,波特魔菇
米,大賀香
醬油飯,醬油飯
草莓,草每
豬肉醬,茄汁肉醬
亞麻子,亞麻仁
味精,酒味精
亞達子,亞達籽
豬軟骨排,豬軟骨排
熟蛋,熟蛋
橘子,新鮮金橘
腰果,腰果仁
亞麻籽,亞麻仔
鵪鶉蛋,小鳥蛋
海苔,海苔片
蒜,蒜蓉
海帶,昆 布
鬆餅粉,市售鬆餅粉
十全藥包,十全大補藥材
刺鯧,刺鯧
香菇,綜合鮮菇
雞腿肉,雞腿肉去骨
香鬆,小磨坊珍青鬆
洋菇,蘑菇
豬油,赤油
殼魚,黃厚殼魚
蜜餞,橘皮蜜餞
莓果粉,野櫻莓果粉
糯米,長糯米
砂糖,細白沙糖
小番茄,泰國車厘茄
萊姆汁,萊姆汁
蟹腳,蟹腳肉
寬冬粉,小寬粉
橘子,蜜柑
四破魚,廣仔
蘋果,蘋 果
茯苓,土茯苓
雞米花,冷凍雞米球
雞翅,大轉彎
泰式涼拌醬,泰式涼拌醬
起司,起斯片
牛奶白菜,白梗白菜
辛奇醬,韓式辛奇醬
寶塔花菜,寶塔花菜
維他命c軟糖,維他命C軟糖
饅頭,山東白饅頭
辣椒醬,麻辣醬
酸辣醬,酸辣拌醬
塔士塔達,塔士塔達
紹興酒,香雪酒
奶油,植物性黃油
義大利香料,義大利香科
筊白筍,春菊
紅葉萵苣,紅葉萵苣
蜂蜜,蜂密
焗薯,焗薯
食用鹼,食用鹼
夾心餅乾,夾心餅
土司,去邊白吐司
紅棗,3棗
麻竹筍,吊絲麻
義大利香料,自磨式義大利香
蝦,生蝦
天婦羅沾料,天婦羅沾料
XO醬,XO
卡夫奇妙醬,卡夫奇妙醬
半雞,半雞
花生,碎蒜香花生
豆腐,嫩豆腐塊
牡蠣,長牡蠣
奧勒岡,俄力岡粉
辣椒,紅大辣椒
小薏仁,小薏仁
山核桃,胡桃楸
玉子燒,玉子燒
香料,綜合香料粉
小麥草濃縮膠囊,小麥草濃縮膠囊
蛋黃醬,美奶蛋黃醬
黑棗,黑棗乾
蒜味醬,蒜味醬
奧勒岡,俄立岡香料
豬血,豬血
午餐肉,Spam午餐肉
雞骨,雞退骨
披薩皮,比薩皮
米線,台東米線條
麻蓉餡,麻蓉餡
杏鮑菇,杏包菇
玉竹,玉竹
乾百合鱗片,乾百合鱗片
章魚,章魚
豆瓣醬,辣豆辦醬
可可粉,冰可可
肉桂,牡桂
椰奶,椰奶
筍,荀干
桂花,乾桂花
豆簽,豆簽
奶香粉,鮮奶香粉
味精,味素
素蛋粉,素蛋粉
覆盆子,覆盆苺
炸醬,簡易炸醬料
生魚片,沙魚片
酪梨,鱷梨
酸辣醬,泰式甜雞醬
麻婆豆腐燴飯,麻婆豆腐燴飯
蛋皮,煎蛋薄片
米酒,調味料酒
雞蛋,土雞蛋
素肉,素哈姆
拌飯料,粉色扮飯粉
海鮮塊,越南海鮮湯塊
烏魚,烏仔魚
豬油,黑豬板油
烤肉醬,美式燒烤醬
蘋果酒,蘋果酒
蜜汁醬,蜜汁醬
豬油,豬脂
筍,筍子
燉飯米,燉飯用短米
豬軟骨排,軟骨肉
藥燉湯底,藥膳鍋湯底
魚肉,魚塊
米,埤南米
五味醬,現成五味醬
薑,薑碎
蝦仁,去殼熟紅蝦
油,高溫用油
木耳,木茸
辣椒醬,韓式辣烤醬
紅色色素,食用紅色6號
脆漿粉,Crispy Powder
梗米,蓬萊米
人參果,赤鐵果
雞蛋,全蛋
米線,粑粑絲
七味粉,七味辣粉
黑木耳,紅木耳
酒,白洒
冬陰功,冬陰醬
餐包,橄欖型餐包
嘴邊肉,下顎肉
寬冬粉,寬 粉
薤,火蔥
腐皮,豆筍
雷公草,含葭草
乳瑪琳,乳瑪琳
無子葡萄,無子綠葡萄
橄欖油,OLIVER OIL
豬後腿肉,豬後足
優酪乳,sourcream
茼蒿,筒蒿
維他命c軟糖,維他命c軟糖
羊排,法式羊肋排
鳴戶卷,凱蒂鳴戶卷
五味醬,五味拌醬
燻雞餡,燻雞餡
娃娃菜,翠玉白菜
甘醋,甘醋
通心粉,長通粉
腰果,介壽果
黃瓜,青瓜
黨參,黨蔘
罌粟籽,御米
帕達諾起司,帕達諾起司
丹蔘,丹蔘
海唇菜,海唇菜
七味粉,味好美辣粉
麵包,福克西亞
南瓜,淨南瓜肉
鴻喜菇,紅禧菇
人參果,香瓜梨
腐皮,豆菊
蟳,青蟳
墨西哥餅皮,墨西哥餅皮
砂糖,白砂糖
膏蟹,青蟹
奇異果,奇異果
檸檬汁,萊拇的汁
蜂蜜,蜂蜜
豆花,花生豆花
檸檬皮,青檸皮
Oreo餅乾,OREO黑炫風餅乾屑
蔥,蔥綠末
豆蔻,荳蔻
飯友,飯友素
太妃糖,太妃糖
豬軟骨排,豬軟骨肉
濃湯粉,濃湯粉
蟹肉棒,蟹味條
水煮蛋,白煮蛋
番茄,蕃茄
義大利甜醋,義大利巴薩米可醋
TABASCO,Tabasco sauce
榛果,切碎榛果
筊白筍,筊白荀
螺肉,蝸牛肉
焗烤起司,比薩起司
蛤,蛤礪
黑豆,丹波黑豆
猴頭菇,獅子茸
奶油起司,cream cheese
小番茄,黃番茄
七味粉,七味辣椒粉
玉米粒,玉米粒罐頭
陳皮,陳皮
竹輪,日式竹輪
當歸鴨肉,當歸鴨肉
薯條,加卡比薯條
TABASCO,Tabasco Pepper Sauce
海瓜子,淺蜊
嘉寶瓜,嘉寶兵瓜
火龍果,紅龍果
奶精,液態奶精
李子,蘋果仔
夏威夷豆,澳洲堅果
芋圓,紫薯圓
吉利丁　,明膠片
梅醬,梅仔醬
玉米粉,玉米粉
罌粟籽,罌粟籽
胛心排,豬肩排
鮮奶油,安佳植物奶
浙醋,浙醋
玉米粒,玉米粒
巧克力粉,阿華田營養麥芽飲品
糯米粉,上新粉
水,煮水
番薯,紫薯茸
年糕,年糕
香菜,香菜籽粉
綠捲鬚,綠捲鬚萵苣
筍,筍丁
麵糰,中種麵糰
柳葉魚,多?魚
茼蒿,打某菜
蘿蔔花,蘿蔔花
蘿蔔芽,蘿蔔芽
豬腳,剁塊豬前腳
黃麻菜,國王菜
牛奶白菜,黑葉白菜
豆酥醬,豆酥醬
薄荷糖,薄荷糖
小米粥,小米粥
脆片,脆片
泡菜,韓國泡菜
紹興酒,邵興酒
酸豆,泰國甜角
糖果,市售糖果
奧勒岡,披薩草
醃漬梅,醃漬梅
芙蓉花,芙蓉花
醋,醋水
起司,軟質起司
莓醬,紅莓醬
香蘋茶,香蘋茶
拌飯料,彩色食用扮飯粉
義大利香料,義式綜合香料
豆瓣菜,豆瓣菜
香菜,香菜莖碎
石膏粉,石灰
奧勒岡,俄立岡葉
花椰菜,綠花椰末
青魚,青魚
果汁,水果汁
薯餅,冷凍薯寶
韓式甘味調味粉,韓式甘味調味粉
高梁酒,38°金門高粱酒
Oreo餅乾,Oreo餅乾
美乃滋,梅乃滋
飯,熟飯
亞麻子,亞麻子
芒果,愛文芒果
糙米,糟米
芝麻菜,芸芥
腐皮,腐皮
豌豆芽,小豆苖
西洋參,粉光蔘
蒜苗,蒜葉
香菇,香菇絲
拔葉萵苣,拔葉萵苣
話梅,話梅
蒜蓉醬,蒜蓉醬
墨角蘭,馬鬱蘭
鰈魚,鰈魚
米糕,筒仔米糕
葡萄糖漿,葡萄糖漿
米血,米血
起司,芝司樂Chesdale
胡蘿蔔,紅蘿蔔
米干,米干
山藥,山薯
手卷,伊達卷
素肉,素肉塊
加州李,蜜李
肝連肉,條仔肉
番薯,紫心甘藷
荔枝,荔枝
味噌,甜味噌
蝦仁乾,蝦仁乾
全麥麵粉,全麥麵粉
荔枝汁,荔枝果汁
蘋果,小蘋果
紅醬,茄醬
桂花醬,甜桂花醬
關東煮,便利商店關東煮
薄燒魚,薄燒魚
藥燉包,滷包袋
排骨,小排肉
紅鱸,紅臭魚
鐵蛋,鐵蛋
胛心排,梅花排骨
酒釀,酒釀
麻吉皮,雪莓娘皮
寧波年糕,寧波年糕片
火雞肉,火雞
水餃,餃子
菜豆,四季豆
榴槤,榴連果肉
果醬,cranberry jam
鰹魚水,烹大師鰹魚水
蛋黃,淡黃
越南薄餅,越南薄餅
肝連肉,隔胸肉
七味粉,七味唐辛子
大頭菜,菜叩
亞麻籽,亞麻粉
麝香草,新鮮白里香
瑪斯卡彭起司,Marscarpone cheese
藍起司,藍乳酪
花生,帶皮花生
羊腿,羔羊腿
奶水,奶水
肉丸,小豬肉丸
脆梅,臺東Q梅
核桃,胡桃仁
蘋果花,蘋果花
蜆,蜆
糖漬蔓越苺果粒,糖漬蔓越苺果粒
奶油,厚忌廉
蛤,葛麗
魚丸,丸子們
硫酸鋁納,明礬
糖心蛋,糖心蛋
粄條,沙河粉
蹄膀,豬前腿
天婦羅,時蔬天婦羅
醃魚,醃魚
玉帶根,拖鞋花
土魠魚,??魠魚
海鰻,虎鰻
蘆筍,綠蘆筍
淮山,淮山
麻婆豆腐淋醬,麻婆豆腐醬料包
法國麵包,法國棍子
菱角,菱 角
海蜇頭,海蜇頭
白北魚,白北魚
小番茄,金女小番茄
話梅,梅干
食鹽,高級精鹽
葡萄柚汁,葡萄柚汁
麥粉,稞麥粉
橄欖油,美麗媞妮
野莧菜,糠莧
蒜,大蒜瓣
桑葚汁,桑葚汁
雞肉,雞肉片
明太子,醃漬明太子
味醂,味綝
玉米,黃玉米
酸甜醬,酸甜醬
馬茲拉起司,莫扎雷拉起司
巧克力,大波露
拌飯粉,彩色拌飯粉
肉蓯蓉,肉蓯蓉
羊起司,羊奶cheese
豆渣,豆粕
奶油起司,chream cheese
羊肉,羊肉塊
花椰菜,綠花菜花
蜜漬汁,蜜漬汁
節瓜,節瓜
豬母菜,馬蛇子菜
荳蔻粉,大荳蔻粉
白蘿蔔,白蘿蔔
石榴汁,石柳汁
白菇,白菇
玉帶根,扭曲草
香精,香蘭葉香精
薯餅,冷凍薯球
人蔘,人蔘
沙拉醬,沙律醬
法式香料,法式香料
雪裡紅,雪裡紅
豆瓣醬,辣豆辦油
高筋麵粉,高筋粉
蝦夷蔥,細香蔥
龍眼乾,桂圓肉
燻肉,煙燻肉片
鱉,甲魚
甜椒,紅 甜 椒
巧克力粉,Dark chocolate
糯米飯,糯米飯
鹹豬肉,鹹豬肉
胡蘿蔔,紅囉蔔
九層塔,蘿勒葉
白花椰菜,白花菜
煙燻料,煙燻料
鯖魚,挪威靖魚
桃子,久保桃
棒棒腿,雞脾肉
紅色色素,食用紅色色素膏狀
隔夜飯,冷藏隔夜飯
胡椒粉,研磨黑糊椒
甘露子,蟲草
樹子,破朴子
羊腿,羊膝
豌豆仁,荷仁豆
馬茲拉起司,馬芝拉乾酪
素沙茶醬,素沙茶醬
包心芥菜,水鹹菜
發糕粉,發糕粉
甜椒,黃 椒
枸杞,枸起
九層塔,蘿勒葉香料
腰果,蜜汁腰果仁
胡椒粉,湖椒粉
紫蘇,青紫蘇
起司,高熔點起司
牛奶,嬰兒食用奶
丹蔘,赤參
鴨梨,鴨梨
薑,新鮮的薑切片
番茄,牛番茄
馬郁蘭,墨角蘭
醬油膏,黑龍蔭油
豬梅花肉,梅花厚片
乳瑪琳,植物奶油
棗子,珍珠蜜棗
冰塊,冰粒
奧勒岡,俄力岡
牛奶,瑞穗全脂鮮乳
素麵,素麵
黑麥,黑麥
瑞可達起司,意大利軟芝士
九層塔,乾蘿勒葉
魚翅,才口翅
黑糯米,黑糯米
豌豆仁,青豆仁
起司,乾酪起司
夏威夷豆,夏威夷果仁碎
紅色色素,食用紅色色素
饅頭,起司饅頭
川芎,川芎
四物藥包,四物藥包
醬油,柴魚醬油
甜甜圈,甜甜圈
紫高麗菜,紫圓白菜
蕃茄糊,蕃茄糊
鮭魚,鮭魚排
荷蘭醬,法式荷蘭醬
豬里肌肉片,豬里肌火鍋片
蒸肉粉,五香蒸肉粉
台灣搵醬,台灣搵醬
新竹米粉,新竹米粉
優酪乳,土耳其式酸牛奶
馬鈴薯,蒸熟馬玲薯
焗烤起司,焗烤用cheese
酸辣湯塊,牛頭牌泰式酸辣湯塊
榆耳,榆耳
杏鮑菇,杏鮑茹
起司,拔絲起司
巧克力,m&ms
紫玉菜,紫玉菜
小魚乾,小魚干
馬茲拉起司,義式馬札瑞拉起司
玉米粉,粟米粉
滷湯,老滷湯
苦苣,苦苣
素方餅,烤素方
牛奶,年奶
落葵,紫角葉
肉粉,肉粉
罐頭蘋果,罐頭蘋果
蒜,蒜粒
豬油,肥油
花椰菜,綠色花野菜
飯,軟飯
橘子,柑橘
蝦捲,蝦卷
蝦卵,蝦卵
香蒜粉,蒜粉
綠豆芽,綠豆芽
起司,雙色起司條
辣椒,朝天椒
蔬菜,蔬菜
螺旋藻,螺旋藻
牧草汁,牧草汁
菜脯,菜甫片
松茸汁,松茸汁
粽,肉粽
蹄膀,豬蹄膀
檸檬汁,檸檬汁
芥菜,芥菜葉
發糕,發糕
蝦片,印尼蝦片
娃娃菜,娃娃菜
透抽,頭抽
胡蘿蔔,紅羅蔔小
芝麻豆腐,芝麻豆腐
蒜蓉酥,蒜蓉酥
蒜花,蒜花
黃色色素,黃色4號色素
筍,熟筍
蒜花,蒜芎
焗烤起司,焗烤用起司條
玉米粉,粟米粒
滷元蹄,花生豬腳
低筋麵粉,低肋面粉
甘藷葉,甘藷葉
橘子,野生金橘
茶葉,茶葉片
龍蒿,乾龍蒿
牛菲力,里脊肉
梅醬,梅醬
蘭姆精,蘭姆精
胡椒粉,黑楜椒顆粒
滷湯,醃漬汁
雞柳,雞柳
枇杷膏,枇杷膏
水蓮菜,銀蓮花
蒸煮麵,蒸煮麵
梅醋,梅醋
黑瓜汁,黑瓜汁
義大利甜醋,甜醋
柳橙汁,Orange Juice
干貝,鮮帶子
皮蛋,變蛋
饅頭,養身饅頭
李子,香水李
果膠,果膠
藜麥,灰米
巧克力餅乾,chocolate chips
雞醬,Chicken seasoning
瑪斯卡彭起司,安佳馬茲卡邦
香蕉,芽蕉
咖啡豆,咖啡豆
豬肺,豬肺
罌粟籽,嬰粟籽
蓮藕,蓮根
豬肉,豬肉
豬肋排,豬肋
荔枝汁,現搾荔枝果汁
植物油,青蔥油
石斑魚,石斑
植物油,椰子油
豬蹄筋,豬腳筋
豬肚,豬肚
橙皮,乾橘皮
植物油,棕櫚油
藜麥,黎麥
雞汁,比亞尼咖哩雞汁
瓜子,瓜子仁
桔皮,桔子皮
豬油,白油
玉米,紫玉米
小豆蔻,cardamom
咖啡,咖啡粉
柳橙,柳橙
羊肚,羊肚
植物油,植物油
肉 排,肉 排
枸杞,苟杞
鷹嘴豆,三角豆
和風醬,日式和風沙拉醬
雞肉飯,比亞尼雞肉飯
酥皮,穌皮
起司,片裝CHEESE
三色蔬菜,三色丁
米線,米線
哈密瓜,蜜瓜
蛋液,蛋汁
胡椒粉,糊椒粉
巧克力粉,可可分粉
酸奶油,酸忌廉
青椒,青彩椒
和風醬,摩斯日式和風醬
柿子,筆柿
大白菜,包心白
空心菜,空心菜
醃漬破朴子,醃漬破朴子
泡打粉,自發粉
茯苓,茯苓
乳瑪琳,馬琪琳
筍,荀絲
豬排,厚切連骨豬扒
麵糰,基礎麵糰
大阪燒醬汁,大阪燒醬
瓠瓜,瓠仔
高湯,上湯
香鬆,亞麻籽素香鬆
格呂耶爾起司,瑞士葛瑞爾起司
印度香料,印度香料粉
綜合豆,綜合豆
枸杞,枹杞
花生,油炒花生
格呂耶爾起司,高山起司
紅豆,大紅豆
咖啡酒,咖啡香甜酒
生抽,生抽
餐包,餐包
豆酥碎,豆酥
鹿尾菜,鹿尾菜
紅色色素,紅色6號食用色素
豬絞肉,絞肉
車前草,車輪菜子
金針菇,罐頭金珍菇
宮保雞丁醬,宮保雞丁醬
洋菇,蘑 菇
白靈菇,白靈菇
麻油,香油
沙嗲醬,沙嗲醬
白木耳,白木耳
班蘭汁,斑蘭汁
松阪豬,雪紋豬
甜菜根,根菾菜根
起司粉,卡夫芝士粉
百香果,百香果
雲吞,餛純
鮪魚,罐頭鮪魚
燕麥,燕麥粒
豬排,帶骨薄肉排
梨子,新興梨
巧克力粉,朱古力粉
茶包,家樂福康福茶茶包
義大利香料,義大利綜合香
醬瓜,愛之味蔭瓜
全雞,幼秀雞
羅勒子,珍珠果
燕麥粥,燕麥粥
紅捲鬚,紅捲鬚生菜
乾果,乾果類
清湯,黃金清湯
巧克力,朱古力粒
辣椒醬,韓式紅醬
費南雪,費南雪
九層塔,乾燥蘿勒香料
馬鈴薯,馬齡薯
明日葉,明日葉
切達起司,車打芝士片
炸雞,香酥雞塊
奶油,含鹽牛油
鮮味露,康寶鮮味露
高麗菜,捲心菜
泰式香料,泰式香料包
高筋麵粉,聯華水手牌強力粉
火腿,火腿片
魚丸,義大利小丸
鳥梅,鳥梅
車輪餅,車輪
筍香飯,筍香飯
在來米粉,在來粉
麥粉,浮小麥
荔枝,玉荷包
番紅花,番紅花
蜂蜜水,濃蜂蜜水
針菇罐頭,飯友珍菇
鮪魚,鮪魚
亞達子,亞答枳
紅色色素,食用紅色素
蜜汁醬,蜜汁烤肉?
起司粉,散起司
果糖,桔果蜜
北耆,北耆
蘑菇醬,磨鼓醬
鮭魚,鮭魚頭
法式香料,西式普羅旺斯香料
甜椒,黃椒
魚雜,魚雜
回鍋肉片,回鍋肉片
隔夜飯,冰過二天的左右的剩飯
豬大腸,大腸
鵲豆,扁豆
低筋麵粉,低筋面粉
覆盆子,野草莓
?菜,韭菜籽
莓果乾,曼越莓乾
啤酒,五加皮酒
榨菜,搾菜
蘋果,頻果
片糖,糖片
蜜餞,陳年梅
龍舌蘭蜜,龍舌蘭糖漿
酪漿,Buttermilk
植物油,椰蜜
芡實,芡實
茄子,日本圓茄
代糖,代糖
五香粉,五花粉
板豆腐,板豆腐塊
葵瓜子,甘草葵瓜子
胡椒粉,黑糊椒
雞腿排,去骨雞腿排
麵粉,防沾粉
烤鴨醬,烤鴨醬
七味粉,七味唐辛粉
香料,綜合香料束
菠菜,波菜葉
辣椒,辣 椒
紅龍果泥,紅龍果泥
中筋麵粉,中粉
麻辣鍋底,7-ELEVEN麻辣鍋
蘋果,美國五爪蘋果
軟絲仔?,軟舌
帶魚,帶魚
干貝,玉帶
樂活玫萃麗包,樂活玫萃麗包
緬甸酸豆醬,緬甸酸豆醬
植物油,菜油
辣椒醬,忠字號麻辣醬
刺柏,杜松子
年糕醬,韓式辣年糕醬
米,米粒
黑木耳,乾雲耳
透抽,抽透
葉子,裝飾葉子
綠豆芽,掐菜
紅鱸,紅喉
義大利餃,RAVIOLI
果凍,i-KiRei奇亞籽輕纖凍
低筋麵粉,日本nippon低粉
綠豆粉,白色綠豆粉
焦糖粉,焦糖粉
肚片,肚片
番茄,紅蕃茄
四物藥包,四物包
米苔目,米苔目
湯圓,湯圓
涼拌酢,涼拌酢
龍吐珠,龍吐珠
筍乾,筍絲
麥芽,原色麥芽
鷹嘴豆,雞豆
鳳尾草,鳳尾草
桂花,中藥房購買乾桂花
櫻花,櫻花漬
柿乾,柿乾
蒜味醬,香蒜汁
奶油,融化牛油
豬後腿肉,帶皮豬腿
橙皮,新鮮橙皮
甜椒,彩椒切條
馬鈴薯,馬玲薯去皮
豬腱子肉,腱子肉
瓠瓜,入味干瓢
絲瓜,長絲瓜
魚肚,魚腩
香菜,香菜
豬骨,眼鏡骨
蝦醬,馬拉盞
小白菜,白菜葉
咖哩,S&B甜味咖喱
茄子,圓茄
油條,酥炸油條
魚腸,魚腸
黃豆芽,黃豆芽
鯧魚,鯧魚
螃蟹,大沙公
石斑魚,紅條石斑
香菇,香菇
辣椒粉,卡宴辣椒粉
蟹肉棒,桂冠蟹味棒
九層塔,新鮮蘿勒切末
馬郁蘭,新鮮馬郁蘭
豌豆仁,馬豆
天婦羅,天婦羅片
玉子燒,錦系玉子
格呂耶爾起司,葛瑞爾起司
蘋果,金冠蘋果
南瓜,金瓜
牛肉片,澳洲黑牛火鍋片
起司,綜合起司
豬骨,飯匙骨
豬絞肉,碎肉
奧勒岡,俄立崗
紅捲鬚,紅捲鬚葉萵苣
花蟹蚶,花蟹蚶
水,冷水
起司粉,起司酥脆粉
橘子,橘子
芹菜,三片葉
海鮮粉,海鮮調味粉
筊白筍,茭粑
番薯,地瓜泥
盤龍蔘,綬草
杏仁,南北杏
滷水,滷水
吉利T,Pectin
奶油,無鹽黃油
洋甘菊茶包,洋甘菊茶
枇杷,蘆枝
小薏仁,小薏仁粉
紅色色素,食用紅色凝膠
蛇舌草,白花蛇舌草
帕馬森起司,Parmesan Cheese 粉
照燒醬,Teriyaki醬膏
棒棒腿,小雞腿
葡萄,葡萄
黃耆,黃蓍
豬脆管,脆管
關東煮,關東煮
紅捲鬚,紅捲鬚
蘑菇醬,黑菇醬
中東麵餅,皮塔餅
芹菜,旱芹
果律醬,果律醬
樹子,醃樹子罐頭
炸雞腿,炸雞腿
甜椒,五色椒
乾枇杷葉,乾枇杷葉
蟹肉棒,蟹 肉 棒
鴨蛋,鴨蛋
烤肉醬,牛頭牌燒烤醬
雞屁股,雞尾椎
玉米,玉米棒
米粉,粗米粉
樹薯,樹薯粉
羊羹,羊羹
紫洋蔥,紫圓蔥
魚卵,魚子
鬆餅,美式基礎鬆餅
味醂,味碄
通心粉,通心面
綠豆芽,如意菜
豆腐乳,糟豆腐
檸檬汁,黃檸檬汁
海蝦,大青蝦
木耳,木耳
豬小肚,豬膀胱
桔皮,蜜桔皮
黃瓜,胡瓜
鵝腿,鵝腿
魷魚嘴,龍珠
番薯,蒸好的紫薯
巴西里,巴西裏末
黑豆瓣醬,手工豉油炸醬
山藥,紫山藥
雞腳,雞爪
海鮮炊飯料,海鮮炊飯料
胡蘿蔔,紅羅蔔絲
黑木耳,木樅
金桔,金桔
豬里肌,豬小里肌
山藥,山藥片
放山雞,雙認證樸活山雞
四神湯,四神湯
餛飩皮,餛頓皮
馬茲拉起司,瑪滋瑞拉起司
天津丼,蟹玉丼
塔皮,現成小塔皮
蔬菜條,蔬菜條
粉腸,空腸
冷凍蔬菜,冷凍蔬菜包
甜菊,甜菊
落葵,落葵
牛排,牛排肉2公分厚切
味噌,味 噌
棉花糖,白色棉花糖
豆腐,豆腐渣
肯瓊粉,Cajun spices
鰱魚,鰱魚
黃耆,青耆
巧克磚,深黑苦甜可可磚
筍,脆筍丁
奧勒岡,俄力崗
金盞花,金盞花
雞胸肉,雞胸肉
羊起司,羊乳酪粉
奶油萵苣,義大利生菜
?菜,?菜段
番薯,地瓜
貝禮詩奶酒,Amarula奶酒
馬頭魚,馬頭
西瓜,金蘭西瓜
青嘴魚,龍尖
洋蔥,玉蔥
白魚,白身魚
起司,混合的奶酪
美國空心菜,美國空心菜
苦茶油,富味鄉苦茶油
起司粉,奶酪粉
美乃滋,美奶汁
豌豆芽,豆苗
紅豆,赤豆
燒賣,燒賣
紅色色素,紅色6號色素
九孔,綠淡菜
豆瓣醬,辣豆醬
葵扇白菜,葵扇白菜
豉汁,豉汁醬
栗子,板栗
龍眼乾,古法炭焙龍眼乾
蔬果粉,天然蔬果粉
玉米,糯玉米
橙花水,橙花水
仙楂洛神,乾仙楂洛神
紫高麗菜,紫高麗絲
芝麻,芝麻
莓醬,蔓越莓醬
中式麵餅,烙餅
藍苺,藍苺冷凍粒
赤宗魚,赤宗
乳清,乳清
春雞,春雞
鱒魚,鱒魚
火雞肉,火雞肉
蘆薈,蘆薈
雪茄,雪茄
豬母菜,螞蚱菜
雞腿肉,土雞腿肉
南瓜籽,原味南瓜籽
酒藥,酒藥
醬油膏,美茶釀
培根,培根
摩洛哥香料,摩洛哥綜合香料
蝦仁,蝦肉
食鹽,盬
土魠魚,土魠切片
鬱金粉,鬱金粉
羊起司,山羊乳酪
蔓越莓,新鮮紅莓
冬粉,春雨
竹小町,竹小町
Oreo餅乾,奧利奧Oreo
魚油,鮭魚油
珍菇精,珍菇精
瑞可達起司,鹽漬里考塔乾酪
月餅餡,月餅餡
鬆餅,鬆餅
白刀豆,白鳳豆
墨魚醬,墨魚汁醬
布利乳酪,布里乾酪
Q梅,Q梅
四破魚,四破魚
鍋貼,鍋貼
苦精,安哥斯苦精
豬母菜,長壽菜
泰式酸辣湯塊,泰式酸辣湯調理包
卵磷脂,卵磷脂
伍斯特醬,伍斯特醬
高湯,林柏好食大骨濃縮液
猴頭菇,白髮菇
乳酸菌粉,超級克菲爾
脆李,脆李
蛋殼,蛋殼
干貝,鮮貝
醃肉調味粉,醃肉粉
果凍,諾鈣Ｃ果凍
越橘,北國紅豆
色素,可食用色膏
椒鹽,pepper
伍仔魚,新鮮午仔魚塊
彩色糖珠,彩色糖珠
蛤蜊湯,蛤湯
孟宗竹筍,貌兒竹
蘿凱花,蘿凱花
鮮雞晶,雞晶
七里香,七里香
紅腰豆,紅腰豆
柴魚粉,鰹魚露
油揚,日式油炸豆腐薄片
番茄,桃太郎番茄
麻油,芝壓油
藤三七,藤三七
鳳梨膏,鳳梨膏
壽喜燒,壽喜汁
大白菜,包心白菜
玉帶根,百足草
酒,櫻桃酒
蠶豆,蠶豆
番薯,地 瓜
起司,原味起司
豆輪,麵輪
山藥,紫山藥片
興渠,阿魏
腰果,檟如樹
象拔蚌,太平洋潛泥蛤
水果罐頭,水果罐頭
起司,芝是樂起司
栗子,剝殼熟粟子
素肉,素苞魚
本菇,本占地菇
酸辣湯包,酸辣湯醬
中東麵餅,中東麵餅
義大利香料,義式綜合香料粉
辣椒,醃漬辣椒
黑輪,黑輪
油菜,芸薹
胡蘿蔔,紅蘿蔔末
麵線,麵線
大判揚,大判揚
蘋果,頻果絲
荸薺,荸齊丁去掉水分
莓果乾,有機野櫻莓乾
腰果,樹花生
白酒醋,白酒醋
甘仔魚,蛙仔魚
粄條,腸粉
酸辣湯包,酸辣湯包
芥末,芥茉
素腰花,素腰花
糙米,糙米
黑芝麻粉,馬玉山黑芝麻糊
芋頭,山芋
炸粉,酥炸粉
雪蓮,雪蓮
鼠麴,鼠麴
豌豆芽,寒豆苗
芹菜,山芹
小卷,新鮮小管
桑葚汁,桑椹汁
薑,老薑片
椰絲,椰絲
鱸魚,爐魚
韭花甜條,韭花甜條
食鹽,低鈉鹽
玉米醬,粟米蓉
紅糖,棕糖
梨子,洋梨
葡萄醋,葡萄醋
油魚,圓鱈魚
蘿蔓萵苣,羅曼葉
碳酸氫氨,碳酸氫氨
辣椒粉,韓國辣椒粉
火鍋料,火鍋料
紫高麗菜,綠藤紫高麗苗
胡蘿蔔,紅蔔蔔
奶油,融化奶油液
泡打粉,蛋糕發粉
鮮奶油,鮮乳脂
青蛙下蛋,青蛙下蛋
茶包,茶包
瓠瓜,瓠乾
話梅,化梅
豬油,炸油
馬鈴薯,馬玲薯
諾鈣 C,諾鈣C錠
醬油,鰹魚醬油
碟瓜,碟形瓜
春捲沾醬,春捲沾醬
烤鴨片,市售烤鴨片
香料,香料包
紅茶,伯爵茶液
九層塔,蘿勒切碎
烏魚,鯔魚
藜麥,奎藜
香腸,香腸
雞肉絲,雞肉絲
西式香料,西式綜合香料
清燉雞湯,清雞火鍋上湯包
藥燉包,藥包
高湯,高湯水
抹茶粉,抹茶粉
咖喱醬,咖喱包
胡麻醬,Q比醬胡麻醬
BB醬,BB辣醬
花生,熟花生片
金萱,抹茶歐蕾
蒜味粉,蒜味香料
壽喜燒,壽喜燒
火鍋料,桂冠日式小火鍋系列
珍珠米,珍珠米
炸粉,酥脆粉
鮮奶油,Whipped Cream
象拔蚌,象拔蚌
抹茶醬,抹醬仙-抹茶醬
胡椒粉,黑椒
鯛魚,多莉魚
花瓣,薔薇花瓣
金桔,酸桔
蛋鬆,蛋鬆
咖哩醬,青咖喱醬
醬油,醬 油露
卡士達醬,脆酥甜香濃卡士達醬
金眼鯛,金眼鯛
粉皮,粉皮
雪裡紅,皺葉芥菜
荷葉白菜,荷葉白菜
七里香,千里香
蒔蘿,時蘿
提拉米蘇慕斯粉,提拉米蘇醬
水,礦泉水
桃子,玫瑰桃
浙醋,大紅浙醋
檸檬茶,檸檬茶
豬五花肉,五花豬
年糕,甜年糕
芭樂汁,芭樂汁
玫瑰花,玫瑰花辦
香蕉,紅皮蕉
鮮味粉,味粉
黑木耳,川耳絲
豬大腸頭,豬直腸
鵝心,鵝心
味精,味精
柳橙汁,香魁克
越橘,越橘
麻竹筍,玉冷筍
芝麻醬,Tahini 醬
釋迦,釋迦果
荸薺,荸齊
甜椒,彩椒丁
亞麻籽,亞麻仁籽
泡打粉,B.P
蔥,香蔥醬
豬肉條,肉條
干絲,白干絲
奶油,植物牛油
鳳梨,甘蔗鳳梨
臘鴨脾,臘鴨脾
吉利丁　,吉力丁
魷魚,尤魚
烤鴨片,烤鴨
紅茶,英式伯爵茶茶包
火鍋料,桂冠燕餃
義大利香料,意大利香料
棒棒腿,小雞腿切塊
鮪魚,鮪魚罐頭
豬里肌肉排,去骨大裏肌肉
糖漿,焦糖果露
牛菲力,裏脊肉
九層塔,九層塔葉
黑麥,黑麥片
蘆筍,文山竹
豬油,前赤油
牛排,牛排肉片
魚翅,魚翅
車蝦,車蝦
櫻桃,梅桃
龍舌蘭酒,Tequila Wine
蝶荳藍花,蝶荳藍花
鬚苣,?苣
蜆,蚋仔
冰梅,冰梅
色素,食用色素1號
?菜,青?菜
甜椒,黃甜椒
布利乳酪,Brie 起司
土魠魚,鰆魚
蘑菇醬,菇菇醬
紫萵苣,紫生菜
照燒醬,照燒醬
韓國年糕,韓式年糕
日本茶,日本烘培茶
炒蛋,炒蛋末
胡蘿蔔,胡羅蔔絲
水蓮菜,台灣鏡蓋
綠豆粉,綠豆粉
義大利香料,義大利什錦香料
酸辣湯包,泰式酸辣清湯香料包
綠豆,綠豆粒
落葵,龍宮菜
龍骨,龍骨
湯種,湯種
油揚,油揚
菊花,白菊花
葛樓子,葛樓子
西瓜,小玉西瓜
烤肉醬,沙茶燒烤醬
紫萵苣,?生菜
檸檬皮,檸檬皮屑
蛋皮,煎好的圓形薄蛋皮
咖哩雞丁,咖哩雞丁
辣椒,Paprika
油,老油
素豆腸,豆腸
紫高活芽,紫高活芽
刈包皮,刈包皮
綜合丸,綜合丸子
豌豆仁,豌豆仁
白菇,白菇切小塊
三絲丸,小型三絲丸
胛心排,胛心排
菜鬆,菜鬆
蛤蜊湯塊,牛頭牌蛤蜊湯塊
烤肉醬,統一四季燒烤醬
花生,油花生
豆腐,豆腐
麥片,即食麥片
蔬菜,冷凍青紅蔬菜
義大利甜醋,義大利甜醋
豉油,日本豉油
車蝦,日本對蝦
香菇,罐裝鮮菇
紅條魚,東星斑
放山雞,樸活山雞
七葉蘭,七葉蘭
香蝦拌醬,香蝦拌醬
蝦漿,蝦漿
當歸藥包,當歸藥材
雞蛋,生蛋
炸衣,炸麵衣
茶包,茶包袋
蔬菜,喜愛的新鮮蔬菜
雞蛋花,雞蛋花
帕達諾起司,Padano乾酪
糖醋魚塊,鎮江醋魚
辣椒,紅辣椒
豬絞肉,餃肉
豆蔻,肉蔻
章魚,猴水仔
辣根,西洋山?菜
牛腱,紅牛腱
黃瓜,刺瓜
香鬆,任何口味的香鬆
辣椒,紅尖椒
棒棒腿,小棒腿
小麥,粗麥粒
筍乾,熟筍干
莎莎醬,salsa
筊白筍,高筍
高筋麵粉,高筋
二砂糖,粗糖
番薯,新北健康三寶甘藷
紹興酒,元紅酒
剩菜,家裡的剩菜
麥芽,土麥芽漿
薑,生姜
肉羹,肉羹
橙皮,橘皮丁
中東麵餅,Pita口袋餅
三色蔬菜,冷凍的三色蔬菜
鳳梨,甜蜜蜜鳳梨
香草,香草
太白粉,木薯粉
紫草,紫草
吉利丁　,吉利片
藥燉湯底,藥燉湯底
泰式烤雞料理包,泰式烤雞料理包
蔥,蔥綠切絲
紫蘇,日本大葉
小米,粟
水餃皮,餃子皮
膨皮,膨皮
帕馬森起司,巴馬臣芝士碎
辣椒粉,紅辣末
蛋液,蛋水
葡萄柚,青皮葡萄柚
粿,粿
花豆,紅花豆
起酥片,現成起酥
蟹黃,蟹膏
粥,粥
美乃滋,梅奶滋
手指餅乾,義式手指餅乾
芥藍菜,芥藍
花生,剝皮花生
萵苣,萵 苣
貢丸,自製肉丸
蘭姆酒,藍姆酒
奧勒岡,牛至葉
牛豬混碎肉,牛豬混碎肉
羅勒子,花粉子
春雞,童子雞
海蜇皮,海蜇
玉米油,玉米油
節瓜花,櫛瓜花
紹興酒,女兒紅
金粉,金粉
雞腿,肉雞腿
四物藥包,中藥四物包
雞腳,肉雞腳
假人蔘,紫人參
美生菜,西生菜
花生,去殼無鹽花生
瑞典薄餅,瑞典薄餅
紅李沾醬,紅李沾醬
肉餡,鮮肉餡
中東麵餅,袋餅
豬絞肉,免治豬肉
巧克力米,彩色巧克力米
牛蒡,牛蒡
半天筍,檳榔心
河粉,河粉
綠豆,綠豆
野莧菜,豬莧
卡士達粉,蛋粉
和風醬,和風沙拉醬日式蔬菜佐料
蝦,去殼大蝦
鴨腳,鴨腳
水餃,鮮肉餃
隔夜飯,冷藏剩飯
鴨腿,鴨腿
李子,桃接李
年糕醬,年糕醬
鴨腸,鴨腸
魷魚乾,阿根廷魷魚乾
烹大師堅魚風味,烹調大師
菊花,乾燥黃菊花
肉醬,京醬肉醬
義大利脆硬餅,義大利硬餅乾
黑木耳,黑目耳
棗子,印度棗
鹹鴨蛋,咸旦
黑木耳,木檽
酥球,橄欖形酥球
黑輪,高雄黑輪
油,五珍寶調和油
金針菇,金珍菇
Oreo餅乾,Oreo餅乾碎
乳豬,乳豬
辣椒乾,宮保
大白菜,燙熟的大白菜葉
米糕,米糕
羊排,羊排
腐皮,皮絲片
味醂,味 霖
起司,起司
茶汁,濃茶
腰子,腰只
油蔥,油蔥
半支蓮,半支蓮
柳橙,橙肉
油粿,油粿
花枝,花枝條
鵝胗,鵝胗
辣椒粉,一味唐辛子
薄荷葉,薄菏葉
苦瓜,苦瓜
帕馬森起司,Parmigiano 起司
芡水,太白水
全雞,珍珠雞
稜角絲瓜,雨傘瓜
苦茶油,主婦苦茶油
紅燒肉,冰糖紅燒肉
雞肉,仿土雞肉
美生菜,結球萵苣
粄條,乾澱粉
豬肝,粉肝
混合菇,菇類
綠竹筍,綠竹筍
胡椒粉,白楜椒粉
綠茶,綠茶
豬里肌肉片,豬里肌肉片
普洱茶,普洱小沱茶
洋蔥,Onion
西梅乾,西梅乾
小番茄,小番茄
川牛膝,甜川牛膝
藿香,藿香
橘子,金柑
人蔘,花旗蔘片
調味粉包,調味粉
起司腸,桂冠德式起司腸
人參果,仁心果
牛奶,奶
辣拌醬,桑辣拌醬
焦糖片,焦糖片
豬後腿肉,豬瘦腿肉
土魠魚,土托魚
辣拌醬,香辣醬
黑胡椒蘑菇醬,黑胡椒蘑菇醬
味精,高鮮味精
烏骨雞肉,烏骨雞
蔬菜,什錦蔬菜
乳酸菌粉,活性乳酸菌粉
薤,珠蔥
甘仔魚,瓜仔魚
蒜,蒜頭碎
小番茄,聖女小蕃咖
鍋粑,現成的鍋粑
水,白開水
魚肉,魚
糖花,小糖花
綜合丸,烤丸子
泰式酸辣湯塊,泰式酸辣湯醬
左手香,左手香
甘仔魚,甘仔魚
椒鹽,楜椒
糙米,玄米
鴕鳥肉,鴕鳥肉
洛神醬,洛神醬
麻辣鍋底,巿售麻辣湯底
紹興酒,大陸紹興
桑葉,新鮮桑葉
蒜蓉醬,泰式蒜蓉醬
醃料包,調理包
桑葚,新鮮桑葚
雞翅,中節翅
瓠瓜,瓠瓜絲
烹大師堅魚風味,烹大師風味
大芥菜,衝菜
筊白筍,茭白筍塊
可爾必思,可爾必斯
咖哩,咖哩粉
綜合丸,橙果水產大虱丸
魚皮,魚皮
刀削麵,刀削麵
決明子,假綠豆
田雞,田雞腿
紅燒茄汁湯,茄汁湯頭
燈籠果,燈籠果
石膏粉,熟石膏粉
瑞士捲,基礎原味瑞士捲
醋栗,醋栗
洋菜粉,系寒天
麵包,佛卡夏
丁香魚,日本銀帶?
棒棒腿,棒腿
芡水,淋芡汁
牛排,帶骨牛排肉
壽喜燒,穀盛壽喜燒
大黃,大黃
芽菜,芽菜
照燒醬,好燒醬
班蘭汁,班蘭汁
四方餅,四方餅
爆米花,市售爆米花
鯷魚,江魚仔
烏龍茶,熱烏龍茶湯
包子,鮮肉包
燒賣皮,燒賣皮
法國麵包,巿售法國軟法
糖醋醬,糖醋
鮮豬凍,鮮豬凍
麥芽,水飴麥芽
鹹魚原鍋飯,鹹魚原鍋飯
油蔥酥,紅蔥油酥
義大利香料,小磨坊義式香料
蘿蔓萵苣,蘿曼葉
控肉,爌肉
菠菜,菠菱
南瓜,南瓜皮絲
豬里肌,前脊肉
餅皮,蒸餅皮
奶油,牛油
脆梅,醃梅肉
奶油起司,忌廉芝士CreamCheese
可爾必思,可爾必思水語
刈包,刈包
和風醬,胡麻和風醬
菠菜,菠菜
薄荷糖漿,綠薄荷糖漿
七層塔,七層塔
紅蔥頭,紅蔥末
丁骨牛排,丁骨
紅豆,蜜紅豆
雞翅,肉雞翅
香辣粉,辣粉
牛後腿肉,牛腿肉
香草粉,香草粉
透抽,中管
艾草粉,艾草粉
蔥,蔥切細粒
包心芥菜,包心芥菜
青龍辣椒,青龍辣椒
草仔粿,艾草粿
桂花,桂子
綜合丸,照燒雞肉丸
雞湯罐頭,Cream of chicken罐頭
煎餃,冷凍煎餃
烏芭葉,烏芭葉
羊肉,羊小塊
四神湯,四神湯配料
香草精,香草精
鴨血,鴉血
柳橙汁,柳丁汁
山竹,山竹子
香鬆,味導香鬆
酵母粉,醱粉
蝦夷蔥,小蔥
墨魚醬,新鮮墨魚醬
蜆,蜆仔
豬油,豬油
韓式拌醬,韓式拌醬
鮭魚,三文魚柳
蛤,大蛤仔
牡蠣,急凍桶蠔
水餃,餃
排骨,排骨
鮮奶油,動鮮
甜椒,三色椒
消化餅乾,餅乾消化餅
落葵,蝟菜
海浮石,海浮石
梨子,豐水梨
白蒜,蒜白
蘋果,現削蘋果
炸粉,脆漿
三點蟹,3點蟹
豌豆仁,碗豆
甜椒,彩椒絲
海蝦,天使紅蝦
生腸,生腸
落葵,胭脂豆
銀粉,食用銀粉
水,冷開水
餅乾粉,奇福餅乾粉
辣椒醬,煎餅辣味醬
箭竹筍,箭竹筍
枝仔冰,枝仔冰
桔皮,橘皮
巴西里,新鮮百香里
炸大蝦,炸大蝦
烏梅汁,亮農場有機Q梅汁
榛果,榛果
珍菇,香珍菇
在來米粉,在來米粉
薤,小蒜
蛤,鮮蛤
鮮味炒手,康寶鮮菇鮮味炒手
雞醬,泰式甜醬
紅蔥頭,紅蔥頭
芥末,芥末
雞醬,泰式葵果甜雞醬
胡椒粉,白胡椒粉
蔬菜,pazi
芥藍芽,菜嬰
A菜,葉萵苣
海苔,海苔粉
蒜味醬,糖蒜
樹子,破布子連汁
海菜,紫菜
蜜餞,紅李蜜餞
李子,李子
紅酒醋,紅酒醋
龍舌蘭酒,龍舌蘭酒
蔬菜,綜合蔬菜
油魚,鎮海漁城南極圓鱈
豬胛心肉,肩夾肉
辣椒,生辣椒
小番茄,車里茄
紅糟,紅槽醬
飛魚,飛魚
綠茶,綠茶包
苦地膽,苦地膽
牛肚,金錢肚
河粉,泰式河粉
魷魚絲,魷魚乾
牛肋排,牛條肉
山竹,鳳果
菜脯,菜埔小菜
橘子醬,橘醬
披薩,PIZZA
馬郁蘭,馬喬蘭
大餅,雜糧大餅
鰤魚,青甘?
豬腳,咸豬手
紅豆湯,紅豆湯
紫糯米,紫糯米
餃子餡,全蝦餃子餡
櫻桃汁,櫻桃汁
辣椒粉,匈牙利紅椒粉
蔥,蔥綠切花
魯菜,魯菜
蛋黃,雞蛋黃
奶油,另備牛油
烤肉醬,燒烤醬
桑葚汁,桑葚原汁
紅毛丹,紅毛丹
魚皮,魚皮
辣椒粉,Cayenne Pepper
魚香肉絲,魚香肉絲
紅茶,天堂鳥冰紅茶
春捲皮,春卷皮
青魚,去刺青魚
蒜,蒜子
藤心,黃藤
彩米,綠彩米
白蔭油,白陰油
胡蘿蔔,紅蘿蔔丁
天麻,天麻
湯包皮,湯包皮
奶酪,純奶酪粉
薑,沙羌片
甘草,炙草
豆蔻,肉果
莓果,綜合莓
薄荷糖漿,薄荷糖漿
檸檬酪,檸檬奶油醬
白蘿蔔,白羅蔔
藜麥,Quinoa
糖醋醬,酸糖醋汁
芝麻醬,芝?醬
七味粉,唐辛七味子
玫瑰花,新鮮有機玫瑰花
煎餅,全麥煎餅
煎餃,全麥煎餃
果汁,7Select鮮果汁
厚片吐司,厚片吐司
杏仁,杏仁
蔬菜,七種蔬菜
砂糖,藍糖霜
眝麻根,眝麻根
小蘇打粉,小梳打粉
白扁豆,花蓮豆
酒釀,雪花釀
奇異果,中國醋粟
太白粉,芡粉
酸奶油,酸奶醬
水,熱開水
饅頭,現成饅頭
燒肉,燒肉丁
隔夜飯,隔夜冷飯
夏枯草,夏枯草
拌飯料,蛋味拌飯料
梅干扣肉,梅干扣肉
鹽蛋,彩鹽蛋
中筋麵粉,中筋麵粉
青椒,青椒絲
卡士達醬,奶黃液
蕺菜,側耳根
桔梗,桔梗
醬油膏,素油膏
雞胸肉,雞清胸肉
牛樟菇,窟內菰
香草籽,新鮮香草籽
海菜,水雲
鹽蛋,蛋鹽
前排肉,上腦肉
焗烤起司,烤pizza用cheese
牛奶,生奶
莓醬,野莓醬
波蘿蜜,波蘿蜜
奇雅籽,chia seed
辣鮮露,康寶辣鮮露
酒釀,甜酒釀
鐵樹葉,鐵樹葉
米豆,黑眼豆
蝦蛄,蝦蛄
XO醬,XO 醬
薏仁,熟薏仁
柿子,甜柿
小蘇打粉,梳打粉
Haagen dazs,Haagen dazs迷你杯
巴西里,洋芹
橄欖油,Olive oil
馬鈴薯,洋芋
馬鈴薯,馬鈴薯條
法國麵粉,法國麵包粉
棕櫚葉,棕櫚葉
發酵粉,醱酵粉
薤,野韭
蝦,大蝦子
包子,肉包
海蝦,野生海大蝦
奶油,室溫下的無鹽牛油
義大利麵,ARBELLA 寬麵
泰式香料,泰式香料
西汁,西汁
牛肉片,美國霜降燒烤片
酪梨,酪梨
明太子調理包,明太子調理包
美乃滋,美乃汁
消化餅乾,麥唯他消化餅
胛心排,肩胛排
羅勒子,羅勒籽
豬母菜,地馬菜
蒜,香蒜粒roast garlic
豬里肌,腰內肉
嘴邊肉,豬臉頰肉
蝦,無毒大蝦
﻿牛肉,熟牛肉
青鱗魚,青鱗魚
橙皮,橙皮細末
雞蛋,動福蛋
餅乾,餅乾碎
冷泡茶,文山青茶即品冷泡茶
蝦醬,蝦膏
櫻桃,櫻珠
洋菇,藦菇
酸辣湯塊,牛頭牌酸辣湯塊
巴西蘑菇,巴西蘑菇
蔬菜冰磚,蔬菜冰磚
烏梅汁,台東有機Q梅梅汁
麻糬,麻糬
話梅,話 梅
豆子,豆子丁
帕馬森起司,費城芝士
煮鵝湯,煮鵝湯
廣東萵苣,皺葉萵苣
花茶包,立頓茗閒情茉莉花茶
大根芽,大根芽
濃縮紅甜菜汁料理粉,濃縮紅甜菜汁料理粉
紅腰豆,芸豆
瓠瓜,干瓢
裝飾糖粒,裝飾糖珠
香菜,芫荽
味醂,味淋
杏仁,北杏
茶葉,熟茶
魚肉,去骨魚排
橙皮,橙皮
蛤,中蛤粒
筊白筍,菰筍
蛋油,蛋油
白斬雞,白斬雞塊
炸香料,炸香料
牛肝菌,牛肝菌
芥子油,芥子油
東方美人茶,東方美人茶
胛心排,豬頸骨
伍仁果,伍仁果
原味燒餅,原味燒餅
五榖粒,五榖粒
茅屋起司,茅屋起司
蠶豆,蠶豆仁
絲路,絲路
紅扁豆,扁豆子
蘿蔓萵苣,蘿蔓萵苣
飯,冷飯熱飯
抹茶拉堤粉,抹茶拉堤粉
冰魚,南極冰魚
麵線,壽麵
辣椒乾,辣椒乾
康寶濃湯,康寶濃湯
小番茄,小蕃茄
橘子汁,新鮮蜜柑汁
麵糰,麵糰
豬母菜,馬齒莧
紅豆,赤小豆
牛肉絲,牛肉絲
三色蔬菜,3色蔬菜丁
柳橙,香吉士
放山雞,放山母雞
雜豆,雜豆
豚骨湯塊,牛頭牌豚骨湯塊
龍蒿,龍蒿
麻糬,求肥
氣泡酒,義大利LAMBRUSCO 粉紅氣泡酒
桂花露,桂花湯汁
雞蛋,石安玉子
柚子,白柚
麵糊,麵糊
紹興酒,陳年紹興
養樂多,比菲多
鯛魚,海雞母
番紅花,蕃紅花
奧勒岡,奧勒崗葉
低筋麵粉,低筋
裝飾糖粒,彩虹小圓珠糖粒
胡椒粉,糊椒
薑,南薑
瑞可達起司,瑞叩塔起司
素麵包,素麵包
紅土,紅土
金茸,金茸
拌飯料,彩色拌飯料
豆腐乳,腐乳汁
醬油,龜甲萬和露醬
山楂,山楂片
三七,田七
雞翅,雞小翅
牛奶,花奶
寒天,寒天QQ
黑珍菇,黑珍菇
豬肝,熟粉肝
甘露子,甘露子
酸豆角,酸豆角
牛小排,牛仔骨
半雞,雞半隻
o急汁,o急汁
帕馬森起司,帕瑪森cheese
茴香酒,茴香酒
Q心皮,Q心皮
便當,小煎飯餅便當
梅醬,梅汁醬
燒鴨,燒鴨
夾心餅乾,迷你夾心餅乾
土魠魚,藍點馬鮫魚
咖哩,咖理塊
橘子,年柑丁
豆薯,涼薯
康寶濃湯,康寶濃湯包
卡夫奇妙醬,MiracleWhip
寒天,寒天絲
馬郁蘭,馬鬱草
照燒醬,照燒汁
飯,冷飯
橙皮,酒漬橙皮丁
起司,北海道原味起司球
手卷,綜合手卷
披薩,披薩
鯛魚,鯛魚片
海鮮醬,海鮮醬
桂竹筍,桂竹筍片
紅色色素,紅色5號色素
蘋果,蘋果肉
巴西里,香芹菜
梨子,西洋梨
樹子,破果子
苦精,苦精
蚵仔麵線,蚵仔麵線
鬆餅粉,鬆餅粉
炒蛋,炒蛋碎
紫色色素,紫色色膏
四神湯,四神藥材
橄欖油,頂級初榨橄油
紫藷香鬆,紫藷香鬆
棒棒腿,翅小腿
蔬菜,蔬菜綜合包
魚唇,魚唇
大骨湯,大骨湯
吉利丁　,吉利丁片
纖維粉,綜合纖維粉
鳥豆,鳥豆
冰塊,冰
鰻魚,饅魚罐頭
巧克力,chocolate
帕馬森起司,陳年帕馬森乾酪
萊姆,龍珠果
牛菲力,美國菲力
節瓜,小冬瓜
麥粉,裸麥粉
米,有機米
米粉,蓬萊米粉
全雞,光雞
美乃滋,美奶茲
果糖,水果糖
柑曼怡,柑曼怡
優格,原味優葛
燕魚,燕魚
西洋參,西洋參
紅燒扣肉,廣達香紅燒扣肉
紫蘇,綠紫蘇葉
高湯,牛頭牌高湯罐
荸薺,水栗
豆漿,無糖豆漿
紅糟,紅槽
豬母菜,老鼠耳
甘蔗,竹蔗
蔥,細蔥
二砂糖,turbinado sugar
甘露子,益母膏
吻仔魚,魚勿仔魚
白魚,白魚
肉捲,自製肉捲
芋頭,芋
伏苓,伏苓
豬心,豬心
鮮奶油,Whipping Cream
紫薯粉,紫心甘藷粉
迷迭香,fresh rosemary
饅頭,雜糧小饅頭
牛肋排,牛肋排
RDF禾法頌尼斯燉菜,RDF禾法頌尼斯燉菜
芋頭,芋片
秀珍菇,莠珍菇
高麗菜,包心菜
焦糖醬,鹹味焦糖醬
麻辣鍋底,麻辣鍋底
南瓜,小青南瓜
節瓜,結瓜
枸杞,生杞
巴西里,義大利香芹菜
彩色蔬菜,綜合彩豆
老虎醬,老虎醬
檸檬,青檸片
蝦丸,自製蝦丸
銀絲卷,銀絲捲
松阪豬,松阪肉
酪漿,酪乳
混合菇,草野菇
箭竹筍,劍筍
香菇,花菇
奶酪,鮮奶酪
日本南瓜,日本南瓜
膨皮,炸豬皮
苦茶油,冷壓苦茶油
蜂蜜,蜜糖　 　　　　　　
抹茶,抹茶好朋友
橘子,紅柑
檸檬酪,檸檬凝乳
泡打粉,泡達粉
薯條,chips
椒鹽,椒鹽
巧克磚,巧克磚
柿子,紅柿
香菜,香菜根碎
山楂,山楂
美人心,美人心
冷凍蔬菜,steam veggies
金針菇,凍菌
威化餅乾,威化餅
滷味,滷味
女貞子,女貞子
糯米醋,糯米醋
凱薩醬,凱撒脆綠鮮
水蓮菜,刺種莕菜
豆醬醃床,豆醬醃床
太白粉,馬鈴薯粉
果粒茶,果粒茶
吉利丁　,即溶吉利丁粉
菜脯,老菜浦
羅布麻茶包,羅布麻茶包
中濃醬,中濃醬
臘味,臘味
連翹,一串金
穀粉,穀粉
菜脯,菜圃
田雞,虎皮蛙
穀粒,穀粒
黑喉,黑喉魚
大麥仁,大麥仁
蝦,鮮蝦
高麗菜,高麗菜葉
毛豆,毛豆仁
粄條,板條
水,溫水
番薯,黃金甘藷
肯瓊粉,肯瓊粉
雞腿,去骨雞腿
甜椒,紅甜椒
吉利丁　,魚膠片
九孔,綠貽貝
椰纖粉,椰纖粉
Oreo餅乾,歐利歐
淡醬粉,淡醬粉
玉米粉,玉米澱粉
醬瓜,花瓜
豬絞肉,絞腿肉
麻竹筍,巨竹
Oreo餅乾,OREO餅乾
竹笙,竹笙
紅色色素,粉紅色素
竹笛,竹笛
田雞,哈士蟆
鰻魚,鰻魚
大麥,熟麥片
葉綠素,葉綠素
薄荷糖漿,薄荷香蜜
千層香酥薄餅,京餅
火腿,火腿肉片
醋,酢
植物油,液體植物油
薑,羌片
通寧水,通寧水
布利乳酪,布里乳酪
泡打粉,速發粉
奧勒岡,奧瑞岡
酒,酒
桑葉,桑葉
人蔘,高麗參
豉椒醬,豉椒醬
海膽醬,日本海膽醬
生菜沙拉,莎拉
柑桔,柑桔
凱薩醬,costco凱薩醬
蠔油,豪油
裝飾糖粒,裝飾彩糖
桑葚,桑葚
加州李,加州青李
雞湯,老雞煨湯
雞蛋,玉子
蜜豆,蜜豆
雪利酒,加烈酒
蜜之果,蜜之果
五彩辣椒,五彩辣椒
羊肉,羊
大頭菜,莖藍
油豆腐,豆腐卜
樹子,破菩子
豬五花肉,豬胸肉
蟹肉,蟹肉
草苺乾,草苺乾
預拌粉,克寧姆預拌粉
味增醬,辣味噌醬
紫色花椰菜,紫色花椰菜
茄子,日本茄
羅勒子,蘭香子
低筋麵粉,低粉
龍葵,烏甜仔菜
柚子葉,柚子葉
水麥芽,水麥芽
生菜沙拉葉,生菜沙拉葉
焗烤起司,焗烤用雙色起司
脆梅,翠梅
菠菜,菠菱菜
優酪蝦球調味汁,優酪蝦球調味汁
奶香粉,奶香粉
椰粉,椰粉
水餃皮,飩餛皮
烏龍麵,烏龍麵
波蘿蜜,菠蘿蜜
茉莉花茶,茉莉花茶
魚高湯,紫魚汁
蛋皮,煎蛋皮切絲
豬里肌肉排,法式里肌排
液熊油,液熊油
蔥,蔥段
印度香料茶,印度香料茶茶包
青花椰苗,青花芽菜
冷凍蔬菜,綜合冷凍蔬菜
蝦仁,去殼蝦肉
葡萄柚,綠寶石柚
可樂果,可樂果
漢堡,漢堡
桂花釀茶包,有機乾燥桂花
雞腿,帶骨雞腿
魚皮,虱目魚皮
粉心粉,粉心粉
馬茲拉起司,模札瑞拉起司
吻仔魚,刎仔魚
食鹽,幼鹽
松阪豬,松阪豬
番石榴,番石榴
春川燉雞塊調理醬,春川燉雞調理醬
豬肉醬,豬肉醬
鹽膚木,山埔鹽
青衣魚,四齒仔
辣根,山蘿蔔
紅燒湯底,紅燒湯頭
雞精,雞精
美生菜,美生蘿
酪梨,梨酪
筊白筍,加澤筍
雞精粉,雞粉
燻肉,燻肉
辣椒,指天椒
梨子,大雪梨
八珍中藥包,八珍中藥包
甜椒,彩椒切片黃
荸薺,荸萁
蘋果汁,蘋果汁
枸杞,杞子
青星九刺鮨,紅格仔
砂糖,細砂糖
煉乳,鍊乳
椰子粉,椰奶粉
豬五花肉,五花腩
石斑魚,斑魚
伍仔魚,伍仔魚
帕馬森起司,帕爾瑪森起司
菜脯,碎菜埔
覆盆子,托盤
薄荷葉,薄荷
水,溫開水
小豆蔻,荳蔻莢
卡非醬,卡非醬
蒜,算仔
醋,辣香酢
米霖,醇米霖
冷凍蔬菜,蔬菜粒
麥芽,黃麥芽
蝦,泰國母蝦
牛頭皮,牛頭皮
醬菜,醃漬醬菜
蛋液,蛋黃液
火腿,小火腳
豆豉,乾蔭鼓
蔬菜粉,蔬菜粉
魚尾巴,魚尾巴
火腿,小火腿
羅宋湯,羅宋湯
杏仁,杏桃乾
格呂耶爾起司,gruyere
甘露子,肺癆草
伏特加,伏特加
麻油,芝麻油
醬油,瑞春蘭級清油
豬排,豬扒
假人蔘,土人蔘
香草,普羅旺斯風味香料
糖醋排骨,糖醋排骨
大頭菜,紅蕪菁
辛奇醬,辛奇醬
洋蔥,洋蔥末
紅醬,拿坡里紅醬
酒釀,醪糟
蒜,清蒜
醃肉,醃豬肉片
奶油萵苣,奶油萵苣
泡椒水,泡椒水
柳橙汁,柳橙汁
魚丸,魚丸子
豬梅花肉,豬上肉
豬肉醬,肉醬
魷魚絲,魷魚絲
火腿,雲腿
蝦,新鮮大蝦
印度香料,Masala
玉竹,葳蕤
雞骨,雞骨頭
黃色色素,色素黃色5號
二砂糖,黃糖
人蔘,人參
蛋黃醬,Kewpie BB蛋黃醬
荸薺,蓖萁
雞蛋,雞卵
豬腱子肉,中里肌
牛菲力,牛菲力
燒酒雞藥包,燒酒雞藥包
筍乾,荀乾
牛心,牛心
左手香,印度琉璃苣
甘露子,白冬蟲草
蹄膀,蹄膀
檸檬皮,檸檬屑
大理石片,抹茶大理石片
酥皮,酥皮紙
麻糬粉,超軟麻糬粉
目孔魚,木葉?
肥膘,肥膘肉
蕺菜,蕺菜
火鍋料,餃霸
酵母粉,迅發酵母
手卷,手卷
烤肉醬,烤香醬
紅茶,仕女伯爵茶茶包
豆沙,豆沙
高麗菜,梨山甘藍
蒜香黑糊椒醬,蒜香黑糊椒醬
鴨胸,櫻桃鴨胸
烤麩,烤麩
色素,香料色素
脆漿粉,脆漿粉
興渠,哈昔尼
水,暖水
香精,各色班單香精
Oreo餅乾,OREL 餅乾
葡萄糖漿,葡萄糖醬
接骨木花汁,接骨木花汁
沙蔘,沙蔘
椰子汁,棷汁
豆瓣菜,水蔊菜
?菜,綠?菜
脆瓜,自製脆瓜
蝦,大蝦
糖果,糖果
馬芬堡,英式馬芬滿福堡
甘藍芽,比利時甘藍
九層塔,basilic
魴魚,枋魚
鳳梨,牛奶鳳梨
番薯,紅薯
蝦皮,蝦的幼苗
高筋麵粉,高筋面粉
飯團,三色飯糰
蔓越莓,蔓越梅
黃魚,大黃魚
東方美人茶,膨風茶
巴西里,巴西里末
玫瑰花,玫瑰
紅蛋,紅蛋
甜豌豆,甜脆豌豆
飯,溫飯
穀片,Rice Krispies
茄茉菜,茄茉菜
茶汁,冷卻茶汁
雪裡紅,雪裏紅
肉泥冰磚,肉泥冰磚
蟹肉棒,蟹柳
珍珠米,珍珠蒟蒻米
肯瓊粉,卡疆
葡萄酒,紅葡萄酒
醬油,淡色醬油
菜脯,辣菜圃
肉桂粉,玉桂粉
三七,土三七
番薯,紫薯泥
火鍋料,桂冠黃金起司球
瑪斯卡彭起司,馬士卡彭
火鍋料,白板
酵母粉,乾酵粉
花生,烤花生
起司,北海道起司球
辣椒醬,愛之味麻辣醬
芙蓉糕粉,芙蓉糕粉
油條,老油條塊
貝芽菜,蘿蔔纓
綠豆芽,芽心
當歸藥包,當歸
雞胸肉,帶皮雞脯
巧克力糖,金莎
番薯,紫薯
紫高麗菜,紅甘藍
螺絲粉,螺螄粉
發芽米,發芽米
牛肉丸子,小牛肉丸
水餃皮,餃皮
稜角絲瓜,廣東絲瓜
海帶,海龍
和風醬,和風沙拉醬
筊白筍,菰
瑪斯卡彭起司,馬斯卡朋
卡士達醬,巧達醬
預拌粉,蛋白糖霜預拌粉
亮光膠,亮光膠
麵片,麵片
蘋果,翠玉青蘋果
麥芽,土麥芽膏
紅豆,熟大紅豆
豬大腸,肥腸
榛果,榛果碎
螺,肉螺
蔬菜湯,什錦蔬菜瘦身湯
金針花,萱草
醬瓜,福松蔭瓜
棒棒腿,雞小腿
莓果,綜合野莓
川七,川七
豬排,豬排
炒黑白絲,炒黑白絲
杏鮑菇,幸鮑菇
蟹黃,蟹黃
餅乾,奇福餅乾
烏醋,鳥醋
胡蘿蔔,紅K
刈包,掛包
芭樂,牛乳芭樂
油蔥酥,乾蔥頭末
青龍辣椒,青龍
色素,調色用色素
水蓮菜,野蓮仔
燻雞,燻雞肉
甜筒,甜筒杯
紹興梅,紹興梅
瓠瓜,瓠瓜
馬芬堡,義美馬芬堡
大麥,即溶麥片
司康,司康
植物油,葵花子油
蔬菜,當令時蔬
冷泡茶,焙香烏龍即品冷泡茶
蓮霧,連霧
茅根,茅草
香鬆,時蔬香鬆
胡椒粉,胡椒
韓國冷湯包,韓國冷湯包
帕馬森起司,Pizza Cheese
花生,蒜味去皮花生
梅菜,梅干菜
泡打粉,Baking Powder
土魠魚,馬鮫魚
五花豬肉片,五花肉片
夏威夷豆,夏威夷豆
裝飾糖粒,水晶彩虹糖粒
放山雞,放山雞
芋粿,芋粿
椰奶,椰漿
秋葵,咖啡黃葵
雞蛋,7-11白殼蛋
胡蘿蔔,甘筍
柿霜,柿霜
油菜,油菜
椰棗,椰棗乾
便當,素便當
荳蔻粉,豆蔻粉
亞答子,亞答子
味醂,味淋汁
巧克力,Dark Chocolate
火腿,火腿
梅醬,梅膏
奶油白醬,奶油白醬
蛇肉,蛇肉
蜂蜜,百花蜜
小卷,鮮小卷
起司,芝司樂
小麥啤酒,德國麥啤
預拌粉,克林姆粉
馬鈴薯,馬鈴藷泥
香菜,鹽須
起司,芝司樂原味起司
小羔羊排,羔羊小排
麻吉皮,麻吉皮
香柚皮,柚白皮
番薯,紫心地瓜
脆片,家樂氏無糖脆片
油,中油
米,十穀米
鴨胸,鴨胸
養樂多,養樂多
豆瓣醬,辣豆辦
羊起司,菲達羊起司
墨魚醬,墨魚醬
香草冰砂粉,香草冰砂粉
奧勒岡,俄立崗粉
罐裝蜜桃,罐頭蜜桃
興渠,阿虞
麥粉,硬質小麥粉
鴨胗,鴨胗
沙拉米,沙拉米
鯪魚,鯪魚肉
脆漿粉,酥漿粉
酸甜醬,泰式酸甜醬
皮蛋,皮蛋
豬舌,豬舌
起司,切片起司
蝦,活蝦
膏蟹,膏蟹
葡萄醋,義大利陳年酒醋
蘭花干,滷花干
改良劑,改良劑
玉米餅,玉米餅
酥球,酥球
檸檬,黃檸檬
二砂糖,二砂糖
玫瑰花茶,玫瑰花茶
貢丸,貢丸
豆漿,豆 漿
虎豆,虎斑豆
烏殼綠竹筍,烏腳綠竹筍
乾果,開心果仁
沙拉醬,生菜沙拉醬
豬里肌肉排,里肌小排
番茄汁,番茄汁
嘴邊肉,菊花肉
梅子汁,梅子汁
起司,起司絲
糖果,可愛糖果
鰻魚,黑鰻
蛤,蛤
車蝦,斑節蝦
高麗菜,高麗菜絲
中筋麵粉,中筋面粉
金針菇,毛柄金錢菌
糟滷,糟?
筊白筍,交白筍
雞蛋,蛋
納豆,納豆
九尾草,狗尾草頭
木糖醇,木糖醇
樹子,破布子醬
蒜,大蒜末
義大利燴海鮮調味汁,義大利燴海鮮調味汁
穀片,綜合穀粒
番茄,番茄
棒棒腿,雞脾仔
壽喜燒醬,壽喜燒醬
起司,乾起司
辣鮮露,辣鮮露
核桃,合桃
預拌粉,日本克林姆粉
豆薯,豆仔薯
鴨骨,鴨骨
豆胗,豆胗
小卷,小卷
銀龍抱白玉,銀龍抱白玉
巧克力,Chocobaby
綠豆芽,銀苗
魚漿,?漿
牛肩肉,牛嫩肩
醬油,醬油水
黃米,黃米
魚醬,魚醬
穀片,SpecialK香脆麥米片原味
橘子,蜜柑切丁
火腿,帕瑪生火腿
知母,知母
蜜豆奶,蜜豆奶
優格,Yogurt
帕馬森起司,帕馬森起司條
秋葵,黃秋葵
香蕉,北蕉
太白粉,薯粉
食用菊,食用菊
甘草,乾草
赤宗魚,赤?
氣泡酒,冰火汽泡酒
大麥,原味喜瑞兒
米,大米
開心果,開心顆
醬油膏,金蘭油膏
火鍋料,桂冠蛋餃
Oreo餅乾,OREO碎餅
香草精,vanilla extract
金梭魚,金梭魚
吻仔魚,吻魚
九層塔,乾燥蘿勒葉
榛果,烤好榛果
桑葉,乾桑葉
梅醬,梅林醬
酸辣醬,泰式酸辣沾醬
薤,蕗蕎
港式波蘿包,港式波蘿包
蔥,葉蔥
壽喜醬,壽喜醬
京醬牛肉炒醬,京醬
香菜,香菜莖末
凱薩醬,凱薩沙拉醬
油包,油包
雞屎藤,雞屎藤
珠螺,珠螺
雞翅,三節翅
葡萄酒,甜葡萄酒
雞腳,鳳爪
珍珠菇,滑子蘑
泡打粉,炮打粉
綠金針,青金針
龍眼乾,龍眼乾
玉米油,栗米油
麝香草,白里香
蛋液,蛋液
梅子汁,梅漬
當歸羊肉藥包,當歸羊肉藥包
藍起司,藍起司
蔥,蔥切末
波士頓萵苣,奶油生菜
茉莉花茶,茉莉香片
飯,白米飯
菠菜,嫩菠菜
玫瑰花茶粉,玫瑰花茶粉
南瓜,南瓜片
隔夜飯,隔夜剩飯
糖果,綠色圓形軟/硬糖
蟹腳,蟹角肉
巧克力粉,巧克力粉
黃豆粉,黃豆粉
咖哩,咖喱粉
麥粉,粗磨小麥粉
菜薊,朝鮮薊心
龍眼,亞荔枝
芋泥,芋泥餡料
綿花糖,棉花糖
辣椒醬,泰式辣椒醬
起司,乾酪
薑,將絲
卡士達醬,卡士達餡
十全藥包,十全中藥包
山藥,白山藥丁
三七,金不換
丁香魚,灰海荷溫
美祿,Milo
綠竹筍,四季筍
豆瓣菜,水田芥
蝦,大蝦皇
裝飾糖粒,裝飾用糖霜
小黃瓜,小黃瓜片
蒔蘿,蒔蘿dill
牛雜,牛雜
裝飾糖粒,聖誕節裝飾彩糖
韭菜花,韭菜花
抹茶粉,抹搽粉
葉子,葉子
哈密瓜,甜瓜
葡萄柚,葡萄柚
黃鰭鯛,赤翅仔
菁菜,菁菜
莓果乾,小紅莓乾
優格,原味優格
豇豆,長 豆
歐防風,歐防風
小黃瓜,醃製的小黃瓜汁
烤肉醬,巴比烤醬
蝦米,冬蝦
卡士達粉,卡士達粉
菜豆,豆子段
肝腸,肝腸
燒酒,韓國燒酒
塔皮,現成甜派底皮
大心芥菜,大心芥菜
殼魚,殼魚
豆瓣醬,辣豆瓣
魚乾,魚乾
酪漿,白脫牛奶
忘憂草,忘憂草
豬胛心肉,?脖子肉
牛五花肉,牛五花
透抽,透抽身
義大利麵,義大利麵
牛筋,牛筋
冷凍蔬菜,綜合蔬菜配料
菜心,嫩莖萵苣
醬鼓,醬鼓
紫蘇,紫蘇
萊姆,萊姆
手指餅乾,指形餅乾
海鹽,RDF禾法頌蓋朗德鹽之花
串燒醬,串燒醬
糖粉,糖粉
燒賣皮,大白皮
紅槽魚,紅槽魚
白腰豆,白腎豆
饅頭,無糖白饅頭
小黃魚,小黃魚
鰻魚,燒鰻
怪味醬,怪味醬
香樁,香椿芽
銀絲卷,銀絲卷
青龍辣椒,青龍椒
黑木耳,黑木耳
鷹嘴豆,鷹嘴豆
腓力牛排,腓力牛排
羊腿,羊小腿
韓國年糕,韓式年糕條
刺山柑,刺山柑
椒鹽,鹽椒粉
通心粉,通粉
南瓜,南瓜果肉
菜脯,菜脯
肯瓊粉,肯瓊香料粉
麻竹筍,麻竹筍
紫洋蔥,紫蔥
甜椒,彩椒切丁
手指餅乾,海綿手指餅乾
布利乳酪,布利Brie乾酪
芡汁,芡汁
銅鑼燒,銅鑼燒
花椰菜,菜花
飯團,三角飯糰
高湯,高湯罐
香柚皮,香柚果皮
魚油,鮮搾鮭魚油
海鹽,頂級鹽之花
荔枝,離枝?
艾草,艾草
黃色色素,黃色5號食用色素
剉冰,剉冰
油,一般食用油
龍葵,牛酸漿
糖醋魚塊,糖醋魚
滷汁,魯汁
檸檬汁,檸矇汁
烏醋,烏醋
拌飯粉,綠色拌飯粉
蒔蘿,蒔蘿子
芋頭,竽頭
蛤,去殼蛤仔
英國伍斯塔醬,英國伍斯塔醬
鮭魚卵,鮭魚卵
樹子,甘樹子
目孔魚,目孔魚
破布子湯汁,破布子汁
A1醬,A1醬
酒粕鰈鱈,酒粕鰈鱈
雞胗,雞盹
泡麵,出前一丁
金針菇,金針菇
魚肉,魚條
山芹菜,鴨兒芹
香鬆,香鬆
菠菜,紅根菜
奶酪,無鹽奶酪
XO醬,台式OX醬
金針花,金針菜
月桂葉,葉桂葉
加州李,加州李
薄荷葉,薄荷葉
醋栗,黑加侖
烹大師堅魚風味,烹大師鰹魚風味
麥粉,高芯高筋
砂糖,貳號砂糖
紅豆餡,紅豆沙
麒麟七星斑,麒麟七星斑
沙薑,沙薑
紅棗,紅棗
蛋黃,大雞蛋黃
莓醬,手作草莓醬
清酒,月桂冠
蔘茶包,花旗蔘茶包
二砂糖,二級紗糖
榛果,烤熟榛果
香蕉,香　蕉
紅蔥頭,紅蔥
黑輪,黑輪條
凱薩醬,凱薩醬
肉桂,桂皮
七彩烘蛋,七彩烘蛋
螃蟹,沙母
雞腿,雞上腿
牛奶,光泉低脂鮮乳
牛奶,全脂鮮奶
金美人仙女貝罐頭,金美人仙女貝罐頭
八寶粥,八寶粥豆子
廣式沾醬,廣式沾醬
冰皮粉,雪粉
剩菜,餐剩餘的菜餚
蕎麥,藜麥飯
蝦,蝦
花生,去皮原味花生
蜜柑原汁,蜜柑原汁
豬梅花肉,豬梅花肉
巴蘭葉汁,巴蘭葉汁
黃耆,黃?
甜豌豆,甜豌豆
味噌,辣味增醬
大芥菜,辣油菜
半雞,半雞切塊
羊肉爐,羊肉爐
豬小肚,豬小肚
茶葉,茶葉
四神湯,四神藥帖
帕馬森起司,Pizza cheese
蕎麥麵,蕎麥麵
豬絞肉,半肥瘦肉碎
沙薑,三藾
梅菜,鹽菜
豬蹄筋,長筋
法棍切片,法棍切片
瓠瓜,蒲仔
甜椒,紅黃彩椒
芝麻醬,麻醬
格呂耶爾起司,格呂耶爾芝士
焗烤起司,焗烤起司
馬茲拉起司,Mozzarella
果乾,裝飾果乾
桃山奶黃餡,巴巴露餡
伍仔魚,吳仔魚
鼠麴草,乾鼠麴草
瑪斯卡彭起司,馬士卡彭起司
麥片,Special K麥片
砂糖,白色細砂
香菜,芫妥子粉
澄粉,橙面
鬆餅,比利時原味鬆餅
香樁,大紅椿樹
砂糖,細白砂
香菇,埔里香菇
苦瓜,珍珠苦瓜
亞麻籽,亞麻籽粉
冬粉,粉絲
羅勒子,山粉圓
全雞,帶骨雞
花生,熟花生碎
吉利丁　,明膠
西瓜子,西瓜子
玉米粉,急凍有機粟米粒
帕馬森起司,帕瑪森芝士粉
隔夜飯,隔夜飯
西葫蘆,翠玉瓜
果泥,果泥
甜椒,紅 椒
脆漿粉,油炸粉
豆花,水煮豆
穀片,Special K原味麥米片
西瓜,西瓜皮
酸豆,羅旺子葉
紅色墨西哥豆罐頭,紅色墨西哥豆罐頭
海苔,海苔
雞丁,雞肉丁
墨魚醬,純墨魚醬
香蕉,香蕉
香菇,香蕈
沙嗲粉,沙嗲粉
麵包粉,麵包粉
炸雞翅,美式炸雞翅
人參果,人參果
菌菇,蕈菇
素蛋黃,金酪仁
辣椒,青辣椒
黨參,黨參
豬油,白板油塊
巴西里,洋芫荽
梅泥,梅泥
葵花芽,葵花芽
凱薩醬,凱撒脆綠鮮沙拉醬
米,五榖米
冬陰功,冬蔭公醬
亞麻籽,亞麻籽仁
腐皮,腐竹
蛋白,蛋清
竹碳粉,竹碳粉
拉麵,抻麵
天婦羅沾醬,天婦羅沾醬
鯛魚,鯛魚
蔥,蔥白切小丁
鮮味粉,鮮味粉
鵪鶉蛋,鳥蛋
海蟹,梭子蟹
雞湯罐頭,雞湯罐頭
稜角絲瓜,澎湖絲瓜
小茴香,小回香籽
青木瓜,青木瓜
石斑魚,石班
穀片,家樂氏Special K麥米片
話梅,煮飯梅
大阪燒料理包,大阪燒料理包
厥子,厥子
鱉,鱉
綠捲鬚,綠捲鬚生菜
雞醬,雞醬
白拌醬,白拌醬
義式肉腸,義大利肉腸
十全藥包,十全大補帖
海參,海蔘
小番茄,聖女小番茄
預拌粉,黃金起司球預拌粉
太和湯,太和湯
琴酒,龐貝藍鑽琴酒
雞肉鬆,雞肉酥
醋,醋
杏仁,杏粉
裝飾糖粒,虹彩糖粒
甜菜,根菾菜
脆梅,醋梅
孟宗竹筍,貌頭竹
落葵,皇宮菜
脆漿粉,起酥粉
芝麻菜,火箭生菜
起司粉,Cheese粉
豆沙餅,白豆沙餅
味噌,味增
梅子汁,老梅汁
油蔥萬用醬,油蔥醬
醬瓜,黑瓜
胡蘿蔔,胡蘿蔔絲
美乃滋,美乃資
蔬菜,燙蔬菜
板藍根,板藍根
蛋包飯,蛋包飯
出汁,出汁
脆漿粉,炸酥粉
水,燙水
肩胛小排,無骨肩小排
蔗糖,庶糖
番薯,熟地瓜
香辣粉,韓國辣粉
甜椒,彩色椒
豬絞肉,豬繳肉
螃蟹,活蟹
起司,切片乾酪
箭竹筍,雲筍
焦糖醬,焦糖漿
綜合丸,綜合丸
大麥,青的農場-麥片
茶葉,茶葉梗
紅茶,皇家伯爵茶
百草粉,百草粉
竹炭粉,竹炭粉
奶油,淡忌廉
酸辣湯包,酸辣湯罐頭
雞米花,辣味雞球
甜菜汁,有機甜菜汁
小蘇打粉,小蘇打粉
素炒手,素炒手
蛤,蛤粒
鮪魚,罐裝鮪魚
粉圓,熟粉圓
烤肉醬,BBQ沾醬
日本油菜,日本油菜
迷迭香,新鮮迷跌香
沙茶醬,沙茶油
真姬菇,蟹味菇
牛排,薄片牛排肉
青椒,椒絲
茄子,長茄
螺絲粉,螺絲粉
瑪斯卡彭起司,馬斯卡彭Moscarpone
冬陰功,冬蔭功醬
筍,荀片
魚湯,魚煨湯
螺肉,螺肉
假人蔘,水人參
西洋參,花旗參
豉汁,豉汁
牛奶,白脫奶
威士忌,威士忌酒
鮑魚菇,粉紅鮑魚菇
大頭菜,大頭菜
蔬果粉,蔬果粉
奶昔,Niji’s Diet日機纖果奶昔
蕃茄醬,茄膏
蔥,綠蔥
饅頭,奶香小饅頭
起司,乿酪絲
甘納許,甘納許
胡蘿蔔,紅蘿蔔片
通心粉,通心麵
鮑魚菇,粗皮側耳
青杞,青杞
香鬆,味島香鬆
枸杞,goji berry
蛋白粉,純蛋白粉
酸奶油,淡酸奶
雪裡紅,雪菜葉碎
青花椰苗,青花芽
炒蛋,炒蛋
泡打粉,烤粉
落葵,藤葵
莓醬,草莓醬汁
核桃,合桃碎
烏醋,黑醋
脆酥粉,脆酥粉
釋迦,鳳梨釋迦
肉汁,肉汁
黃耆,北蓍
小番茄,車尼茄
虱目魚,虱目魚肚
米,高纖米
水果,當令鮮果
黑醬,黑醬
奧勒岡,乾燥牛至
菠菜,小波菜
粉圓,波霸
手指餅乾,義大利手指餅乾
菠菜飯,菠菜飯
香瓜,香瓜
龍利魚,龍利魚
虎掌,虎掌
胡椒粉,胡 椒 粉
薤,烏來珠蔥
鹹鴨蛋,鹹鴨蛋
紅豆,紅豆
火腿,煙薰火腿塊
脆梅,醃漬紅梅
泡芙,義美小泡芙
玫瑰花粉,玫瑰花粉
比目魚,板魚
春捲醬,越南春捲醬
牛菲力,牛柳
馬茲拉起司,馬茲瑞拉起司
雞胸肉,大成雞清胸肉
尼斯醬,尼斯醬
牛後腿肉,牛後腿肉
豬絞肉,肉末
金粉,食用金箔
洛神醬,落神花果醬
椰粉,椰香粉
蔬菜泥,蔬菜泥
白鳳菜,臺灣土三七
小麥,小麥
醉雞汁,醉雞汁
蝦,白蝦
酒,白酒
龍腸,曼波魚腸
柚子,西施蜜柚
荳蔻粉,肉荳蔻粉
地黃,地黃
豬母菜,酸莧
土司,去邊土司
小茴香,小茴
桂花烏龍茶湯,桂花烏龍茶湯
南瓜子,南瓜子
柳松菇,茶樹菇
四神湯,四神料
豬油,豬肥油
貝果,培果
脆梅,好運梅
白菇,精靈菇
梅花肉片,豬腩片
阿摩尼亞,阿摩尼亞粉
特製醬料,特製醬料
涼糕,小倉涼糕
雞蛋,機蛋
豇豆,長豆角
丸久小山園抹茶,丸久小山園抹茶
臘腸,潤腸
蔥,香蔥碎
小卷,鎖管
醬瓜,醃醬瓜
蘭花干,蘭花干
紫高麗菜,紫洋白菜
薑,薑片
茄苳,茄苳葉
烤鴨醬,烤鴨炒料
蘿蔓萵苣,羅美心生菜
植物油,菜籽油
蔓越莓,小紅莓
杏仁豆腐丁,杏仁豆腐丁
粉蒸肉粉,蒸肉粉
田雞,田雞
梗米,壽司米
藥燉湯頭,藥燉湯頭
味增醬,韓式辣味噌醬
廈門炒米粉,廈門炒米粉
碳酸氫鈉,baking soda
雞翅,雞全翅
氣泡酒,氣泡香檳
糖漬橙片,糖漬橙片
紫菜湯包,紫菜湯包
筍,乾荀絲
白蘿蔔,大根
醬瓜,醃瓜仔脯
蔥,細蔥綠
芒果,蓮花芒果
麻婆豆腐,麻婆豆腐
橘子,日本蜜柑
五穀饅頭,五穀饅頭
蝦皮,白色小蝦皮
苦茶油,苦茶油
栗子,栗子粒
三色蔬菜,冷凍三疏
焦糖,鹹味焦糖
核桃,核果
番薯,甘藷泥
薤,辣韭
三杯醬,肉類用三杯醬
黃魚,黃魚
雞腿菇,雞腿蘑菇
三角仔,金錢仔
牛五花肉,牛培根
雞腿菇,雞腿菇
甜粽,甜粽
蘆筍,家福白蘆筍
鰤魚,青甘魚
海蜇皮,海蜇皮
葵果泰式打拋調理包,葵果泰式打拋調理包
水果,果子
豬里肌,豬腰內肉
太白粉,生粉
﻿牛肉,牛肉
硫酸鋁納,燒明礬
菜脯,碎菜圃
月桂葉,玉桂葉
佛甲草,半支連
火鍋料,全聯好菜便利包
梗米,池上米
控肉,五花控肉
水蓮菜,捲瓣莕菜
義大利麵,麵餃
芋圓,芋圓
洋蔥,洋蔥丁
當歸,當歸葉
竹輪,吉古拉
羊奶頭,羊奶頭
醬油,日本醬油
膽肝,膽肝
Oreo餅乾,OREO 碎餅
櫻花,鹽漬櫻花
香菜,香菜葉
牛奶,牛乳
蛋白,雞蛋清
巴西里,蕃茜
香菜根,芫茜莖
牛腸,牛腸
香瓜汁,香瓜汁
馬蹄粉,馬蹄粉
吉利T,吉利T膠
橘子,長果金柑
隔夜飯,剩飯
牛腱,牛腱
綠豆粉,綠豆粉皮
茵蔯蒿,茵蔯蒿
牛腩,牛腩
胡蘿蔔,紅蘿菠末
康寶濃湯,康寶湯包
香菜,芫茜粉
肝連肉,隔間肉
可可豆,可可子
菊花茶包,菊花茶包
奧勒岡,奧立岡葉
仙草雞,仙草雞
醬瓜,大茂脆瓜
紅潤釀,紅潤釀
土司,吐司
胛心排,甲排
蘇打水,無糖蘇打水
酸辣羹湯,康寶酸辣濃湯
蔬菜麵,蔬菜麵
地瓜圓,熟地瓜圓
烤肉片,烤肉片
油,五珍寶
香蒜粉,蒜香粉
美國西南方風味香料粉,美國西南方風味香料粉
花生,碎花生粒
全雞,土雞
起司粉,芝士粉
大麥,granola麥片
覆盆子,蛇莓
豬梅花肉,梅肉
奶粉,奶粉
拌飯料,扮飯粉
草莓,草莓
葡萄酒,紅酒
胡椒粉,黑胡椒粉
水針魚,針魚
胡椒粉,黑胡椒粒
麻油,黑麻油
醬瓜,條瓜
楊莓,楊莓
砂糖,糖霜粉
小白菜,青菜
蛋炒飯,蛋炒飯
素方餅,素方餅
薏米,薏米
落葵,天葵
莫佐瑞拉起司,磨佐拉起司
美生菜,生菜葉
奶精,奶精
叻沙醬,叻沙醬
辣油,辣油
豬梅花肉,前腿肉
洋菜粉,洋菜粉
酸黃瓜,甜碎瓜
燒鴨,烤鴨肉
杏鮑菇,小朵杏包菇
白蘭地,白蘭地酒
火鍋沾料,火鍋沾料
芥藍菜,綠葉甘藍
臘肉,臘肉
方糖,翻糖
米粉,白糯米
墨西哥香料,墨西哥香料
丁香魚,寮仔魚
伏特加,伏特加酒
優酪乳,優酪乳
芋圓,熟芋圓
杏鮑菇,杏胞菇
萊豆,萊豆
黑醬,韓國黑豆醬
白鶴靈芝,白鶴靈芝
海綿蛋糕,海綿蛋糕
咖哩醬,咖哩醬
土芹菜,芹菜管
大紅袍,大紅袍
櫻桃,紅櫻桃
小番茄,聖女果
墨西哥香料,墨西哥香料粉
醬瓜,醃瓜
高筋麵粉,高筋緬粉
蟳,蟳
夏威夷豆,澳洲果仁
甘露子,地露
蛤蜊湯塊,蛤蜊湯塊
馬卡龍餅,馬卡龍餅
螃蟹,蟹
在來米粉,水磨在來粉
函館荒鮭,函館荒鮭
蒜花生碎,蒜味花生碎
豬牛混和肉餅,豬牛混和肉餅
諾鈣 C,諾鈣 C
甜椒,小彩椒
花椰菜,綠花菜
紅茶,紅茶水
綠豆,青小豆
胡椒粉,粗黑糊椒粉
油揚,福袋油揚
檸檬,檸檬
桂花糖,醃漬桂花糖
豬骨,豬大骨
臭草,臭艾
二層肉,二層肉
魚板,魚版
牛奶,鮮奶
披薩皮,雙層夾心餅皮
栗子菇,栗子菇
氣泡水,汽泡水
魚肉,魚片
起司腸,芝士腸
烹大師堅魚風味,烹大師堅魚風味
海珊瑚,鹽草
菊花南瓜,菊花南瓜
Oreo餅乾,OREO餅乾屑
馬郁蘭,馬郁蘭
牛腩醬,義大利式牛楠醬
牧師米,宜蘭有機牧師之米
金銀菜,銀菜
山芹菜,水芹
廣東油雞淋醬,廣東油雞淋醬
豆瓣菜,水芥
戚風蛋糕,戚風蛋糕
烤肉醬,烤肉沾醬
水果茶,水果茶
仙草,涼粉
豬肉片,豬肉薄片
辣椒粉,Cayenne
調味蔬菜,調味蔬菜
枯梗,枯梗
沙拉筍塊,沙拉筍塊
馬茲拉起司,馬斯卡澎起司
莧菜,三色莧
麥片,special 麥片
假人蔘,參草
紅醬,義式茄汁醬
麥粉,麥粉
油,熱油
乾葛,乾葛
紅色色素,紅色色素
西瓜,西瓜
哈密瓜,雪瓜
酵母粉,快發酵母粉
雷公草,雷公草
鰻魚,鰻魚罐頭
火鍋料,長型火鍋餃
油,食用油
紅醬,Classico紅醬
蔬菜粉,有機尼諾蔬菜調味粉
魚肉,白肉魚排去皮去骨
石膏粉,熟石膏
鴨胸,鴨菲力
辣椒醬,剁椒
炸醬,沙茶炸醬
果凍液,果凍液
君橙酒,君橙酒
杏鮑菇,鮑姑
帕馬森起司,帕瑪乾酪
沙薑,三奈
塔塔醬,塔塔醬
水鴨,水鴨
紅鳳菜,紅菜
九層塔,Basi
牛排,澳洲牛排肉
雞腿肉,仿仔雞腿去骨
甜椒,紅甜彩椒
鴨心,鴨心
乳瑪琳,瑪其琳
過溝菜,蕨山貓
胡椒粉,粗黑楜椒粉
大青葉,大青葉
冰魚,南極蝦魚
杏桃醬,杏桃醬
塔皮,鹹派皮
素筋,素筋
薤,野蒜
榛果,碎榛果
醬瓜,瓜仔肉
印度香料,印度香料 Masala
金眼鯛,無刺紅皮刀魚肉
魚板,蒲鉾
素筋,辣味素筋
含殼草,雷公根
霸王花,霸王花
蛤蜊湯,蛤蜊湯
玫瑰花,食用玫瑰花辦
芹菜,香根芹
蜜餞,台東金鑽洛神蜜餞
東方美人茶,白毫烏龍
魚菲力,魚菲力
HP醬,HP醬
槐花,槐花
粉紅甜心菇,粉紅甜心菇
鮮味露,美極鮮味露
咖啡豆,哥羅比亞娜玲瓏
起司,現磨起司
肉燥,肉臊
藤心,藤心
濃縮乳酸飲料,濃縮乳酸飲料
龍鬚菜,梨瓜苗
九層塔,蘿勒
蒜苗,新鮮嫩蒜葉
燻肉,燻肉片
冰梅,無籽冰梅肉
葛粉,葛粉
瑞可達起司,Ricotta 起司
烏梅汁,Q梅汁
麥芽,土麥芽
綠豆,青豆子
桃子,油桃
麻竹筍,瓦坭竹
銅鑼燒粉,銅鑼燒粉
BB醬,B.B醬
混合菇,野菇
酒杯菇,酒杯菇
A菜,萵仔菜
粥,稀飯
米漿粉,米漿粉
薯餅,星星薯餅
甜椒,有機彩色大辣椒
起司,TASTY 起司
香菜,莞荽
甜辣醬,甜辣醬
杏鮑菇,杏孢菇
茵蔯蒿,茵陳
黑芝麻交切片,京兆尹黑交切片
甜椒,彩椒碎
奧勒岡,俄勒岡葉
魷魚,柔魚
三色蔬菜,冷凍混合豆
瑞可達起司,里考塔乾酪
豬大腸頭,大腸頭
色素,食用色素不同顏色
黑棗,棗乾
花果香料醬,花果香料醬
雞米花,椰子雞球
菌菇,菌菇
玉竹,節地
三色蔬菜,冷凍蔬菜三色豆
燉牛肉,燉牛肉
英國伍斯塔醬,英國烏斯塔醬
龍鳳果,龍鳳果
薑,薑切片
麵包粉,雜糧預拌粉
辛奇醬,品高 韓式辛奇醬
法國麵粉,T55法國粉
蘇打餅,蘇打餅乾
米,美國長米
班尼迪克蛋,水波蛋
柴魚粉,柴魚絲
荳蔻脆捲,荳蔻脆捲
瑪斯卡彭起司,馬士卡朋起司
曇花,曇花
角椒,長椒
透抽,中卷片
巧克力米,巧克力米
車輪卷,車輪卷
桃膠,桃膠
椰糖,椰糖塊
雞酒,麻油雞湯
蛤蜊湯,蛤蜊湯汁
手指餅乾,市售手指餅乾
薯餅,冷凍薯餅
白蘭地,干邑
紫蘇,赤蘇
海菜,海茄子
米苔目,涼粉條
馬茲拉起司,Mascarpone 起司
麻辣鍋底,麻辣鍋湯汁
蒜味鹹酥雞,蒜味鹹酥雞
辣椒,辣椒段
豬骨,骨盆骨
豬肉片,火鍋白肉片
火炭母草,火炭母草
陳皮,廣陳皮
西洋菊苣,西洋菊苣
杏鮑菇,杏苞菇
牛絞肉,牛丸漿
蒜,香料共和國 蒜粒
食鹽,砂鹽
咖喱醬,咖喱醬
芥蘭菜,芥蘭花
落葵,軟筋菜
砂糖,白細砂
砂糖,軟式糖霜
微酵多醣醋,微酵多醣醋
魯肉罐頭,滷肉罐頭
醬瓜,福松陰瓜
雞胸肉,雞清肉
甜椒,去籽乾紅椒
樹子,樹子
薑,生薑片
核桃,烘烤過的核果類
龍眼乾,b. 桂圓乾
醬油,龜甲萬-料亭和露
馬鞭草,馬鞭草
豆瓣醬,韓式豆辦醬
葛根,葛根
可樂果,mini可樂果
柿子,牛心柿
酵母粉,乾酵母
紅魚,紅雞仔
花生醬,花生顆粒醬
胡椒粉,黑糊椒粒
菠菜,菠菜葉
土芹菜,土芹菜
豇豆,長豆
楊桃,楊桃
豆瓣醬,麻辣豆辦醬
桂枝,桂蒂
蘋果醬,香料蘋果醬
台畜歐式冷蹄,台畜歐式冷蹄
巧克力,巧可力塊
白芝麻,白芝麻粒
花蟹蚶,花蚧蚶
烏梅汁,烏梅汁
冷凍蔬菜,冷涷蔬菜
花果茶酒汁,花果茶酒汁
煙燻料,醃燻料
月桂葉,Bay leaf
紅色色素,粉紅色食用色素
小羔羊排,法式羔羊排
芡實,雞頭蓮
空心菜,蕹菜
羊排,澳洲羊排
烤肉醬,金蘭烤醬
太白粉,日本太粉
寒天,寒天條
清湯,清香湯底
雞精粉,雞晶粉
厚蛋燒,厚蛋燒
凱薩醬,脆綠鮮
沙蟹,沙蟹身
豬小肚,小肚
枸杞,枸杞
醬油膏,甜口油膏
牛肩肉,牛肩排
Oreo餅乾,Oreos餅乾
蜜豆,蜜大豆
小蘇打粉,小蘇打
貝爾佩斯起司,貝爾佩斯乾酪
素當歸湯,素當歸湯
滷汁,萬用魯包
玉竹,西竹
泰式涼拌海鮮總匯,泰式涼拌海鮮總匯
砂糖,特級細砂
椒鹽,黑楜椒鹽
過溝菜,蕨貓
榛果,榛果果露
翼豆,四面豆
白表,豬背脂肪
豬肋排,肋條肉
調味蔬菜,Mirepoix
酸辣羹湯,康寶港式酸辣濃湯
冷泡茶,冷泡茶
味噌,味曾醬
黃金炒飯,黃金炒飯
肝連肉,橫隔肌
三角仔,三角魚
水雞,水雞
胡蘿蔔,黃蘿蔔
庫司庫司,庫司庫司
椒鹽,香料共和國~原味椒鹽
金品比薩,金品比薩
蝦片,蝦片
燻肉,煙燻肉
泡打粉,雙重發粉
橄欖油,橄覽油
拌飯粉,彩色拌飯粉〈藍色
香菜,香葉
太白粉,團粉
節瓜,櫛瓜
腰子,下水
米酒,料酒
咖哩,咖裡塊
櫻花,醃漬櫻花葉
金錢餅,金錢餅
瓠瓜,瓠乾絲
藍梅醬,藍梅醬
味噌,韓式辣味增
洋甘菊,洋甘菊
藜麥,藜麥
板豆腐,硬豆腐
糖醋魚塊,糖醋魚塊
桃子,小蜜桃
依士粉,依士粉
豬肝,脂肪肝
起司,起司糊
花瓣,花瓣
棗子,綠棗
烤雞,烤雞肉
枇杷,琵琶果
烤雞,Costco烤雞
堅果,果仁碎
滷汁,魯味包
牛油奶,油奶
薯餅,薯餅
花椰菜,花菜
海鮮涮涮鍋醬,海鮮涮涮鍋醬
起司,cheese片
蝦籽,蝦籽
番薯,番薯
茼蒿,黃帝菜
磯邊燒,磯邊燒
蝦米,蝦米
蒜,去皮蒜瓣
蘭勃舵魚,白毛
炸粉,脆皮粉
五香豆,五香豆
洋菇,魔菇
蝦餃,蝦餃
奶昔,奶昔
蝦餅,蝦餅
千島醬,千島醬
火腿,火腿丁
冰淇淋,香草冰琪琳
優格,凝固狀酸奶
羊起司,Feta 起司
胡椒粉,古月粉
中東麵餅,熟烤餅
藥燉包,藥膳包
抹茶,抹茶
瑪斯卡彭起司,馬斯卡朋起司
烤麩,烤夫
梅醬,冰梅醬
鳳梨,鳳梨片
蹄膀,豬前腿腳
高筋麵粉,高根粉
起司,乾酪絲
麵包粉,雜糧粉
煉乳,練奶
月見沾醬,月見沾醬
藕粉,蓮藕粉
豬胛心肉,西班牙伊比利豬頸肉
美生菜,生菜
香鬆,三島香鬆
海苔,大海苔
莧菜籽,莧菜籽
紫洋蔥,紫洋蔥
吻仔魚,?仔魚
龍蝦,小龍蝦
荸薺,篳薺
蒜水,蒜水
起司,起絲司
中華調味粉,中華調味粉
沙薑,山辣
熟地蟹,熟地蟹
豌豆仁,豌豆莢
瑪斯卡彭起司,馬司卡彭沙司醬
豬絞肉,肉碎
海菜,海菜
瓜子,瓜子
麝香草,百里香料
梅醬,老梅醬
塔克皮,墨西哥夾餅皮
紅鱸,赤鮭
雞湯,雞高糖
客家豆醬,客家豆醬
檸檬糖漿,檸檬糖漿
蛋液,蛋漿
豬胛心肉,胛心肉
西米露,西米露
蔥,蔥白末
九層塔,新鮮皺葉紫羅勒
雞翅,兩節翅
水,飲用水
興渠,芸臺
越瓜,生瓜
四色蔬菜棒,四色蔬菜棒
馬茲拉起司,Mozzarlla
豆腐乳,乳腐
剩菜,菜尾
飯,香米白飯
馬頭魚,日本方頭魚
咖啡,熱咖啡
牡蠣,鮮蠔
庫司庫司,以色列庫斯庫斯
小饅頭點心餅,小饅頭點心餅
油菜,油麻菜籽
滷汁,滷包
咖哩葉,調料九里香
滷牛腱,滷牛腱
香蘋茶,香蘋茶包
酒醋膏,義大利酒醋膏
凍豆腐,冰豆腐
香辣粉,香辣粉
木瓜,石瓜
菜豆,敏豆
椰纖,椰纖
甜不辣,甜不辣
雞腿,雞脾
梨子,雪梨
山藥,蜜薯
鵝肉,鵝
何首烏藥包,何首烏藥包
裝飾糖粒,糖粒
素鰻,素鰻
四神湯,四神材料包
醬油,龜甲萬料亭合露
瑪斯卡彭起司,馬斯卡邦
草菇,草茹
食鹽,家樂福精鹽
塔皮,冷凍蛋塔皮
奇亞籽,奇亞籽
香草,普羅旺斯香料
桃子,福壽桃
紅棗,酸棗仁
饅頭,白饅頭
洋菇,磨茹
冬瓜皮,冬瓜皮
小豆蔻,小豆蔻
番石榴,石榴
醃味料,醃味料
釋迦,佛頭果
石膏粉,燒石膏粉
義大利麵,螺旋麵
?菜,韭菜
辣椒,墨西哥辣椒
蟳,菜蟳
酵母粉,孝母粉
茼蒿,蕫蒿
雞腿,雞?
花椒,花椒
混合菇,綜合蕈菇
調理素肉漿,調理素肉漿
酵母粉,發酵母粉
甜椒,甜椒
湯圓,圓仔
馬茲拉起司,Mozzarella乾酪
印度香料,MASALA綜合香料
干貝,干貝
梅醬,老梅膏
柚子,白金柚
馬鈴薯,馬鈴藷
枇杷,蘆橘
照燒醬,燒汁
奶油起司,奶油起司
白扁豆,白扁豆
豬里肌肉排,里肌肉大排骨
火鍋料,燕餃
蔥,蔥白絲
膨皮,爆皮
鴻喜菇,鴻禧菇
帝王菇,帝王菇
栗子,粟子
山海醬,山海醬
義大利甜醋,巴薩米可醋
豬里肌,里肌
藍花汁,藍花汁
醋,釀造醋
黃耳,黃耳
芒果,金蜜芒果
胡椒粉,黑糊椒粉粒
黑輪沾醬,黑輪沾醬
杏仁豆腐,杏仁豆腐
黃耆,黃耆
穀片,Special K原味香脆麥米片
蜂蜜,Honey
罐裝金槍魚,有鹽罐裝金槍魚
桃子,蟠桃
五香肉丁,五香肉丁
秀珍菇,鳳尾菇
蔥,蔥白段
辣椒醬,是拉叉醬
海蝦,冷凍天使紅蝦
清燉雞湯,清燉雞湯
假人蔘,土紅參
莓醬,草莓醬
羊胸肉,羊胸肉
蛋豆腐,蛋豆腐
天婦羅粉,天婦羅粉
冷凍蔬菜,冷凍蔬菜
大亨堡,大亨堡
鹽膚木,羅氏鹽膚木
羊肉鍋湯,羊肉鍋湯
可爾必思,可爾必思乳酸菌發酵乳
肉燥,肉燥
棗子,棗子
二砂糖,二號砂糖
原味醬包,原味醬包
辣椒,指天椒絲
東方美人茶,福壽茶
田螺,雪螺
西洋芹菜,西洋芹
米油,米油
落葵,蟳菜
油,沙垃油
荳蔻粉,荳蔻粉
塔塔粉,Cream of Tartar
大白菜,黃芽白
乳酸菌粉,乳酸菌粉
木瓜,木瓜
豆豉,豆豉
凸皮麵,凸皮麵
豆漿,超濃無糖豆漿
媚仔菜,妹仔菜
八角,八角
雜糧麵包,雜糧麵包
果泥,熱情果蓉
莧菜,紅莧菜
蝦米,開陽
塔皮,市售葡式蛋塔皮
帕芙隆起士,Provolone
白菇,雪白菇
魚高湯,柴魚高湯
豬骨,後肢骨
芋丸,芋丸
地瓜圓,地瓜圓
油豆腐,豆泡
椰粉,椰子粉
苦瓜,涼瓜
黑罌粒果泥,黑罌粒果泥
筍,熟筍丁
趖,趖
香菜,香菜籽
三色蔬菜,三色豆
起司,起式絲
豆蔻,豆蔻
越瓜,越瓜
大白菜,大片白白菜葉
豬肉條,豬肉條
澎大海,大海子
起司,拉絲起司
Oreo餅乾,奧利奧餅乾
芋圓,小芋圓
醬油,滋優鮮露
白蘿蔔,大蘿蔔
奶酪,無鹽奶
丁香,丁香
鯧魚,昌魚
紅條魚,紅條魚
起司,全家起司球
蔥,蔥白切大段
飯,白軟飯
膏蟹,黃甲蟹
花生,熟原味花生
番薯,黃心地瓜
花雕醉雞,花雕醉雞
帝王蟹,帝皇蟹
真姬菇,斑玉蕈
十全藥包,十全藥膳
海參,海參
奶酪,冰無鹽牛油
蘋果酒,西打酒
蕃紅花粉,紅花粉
小茴香,茴香粉
洋菜粉,涼菜粉
白鳳菜,白鳳菜
螺璇藻,螺璇藻粉
甜筒,甜筒
消化餅乾,無鹽消化餅乾
椪餅,府城膨餅
雞絞肉,雞絞肉
牛樟菇,牛樟菇
咖喱醬,咖喱調味包
甜麵醬,甜麵醬
豌豆芽,荷蘭豆芽
蒜酥,蒜酥
塔皮,葡式蛋塔塔皮
蔥,生蔥
酵母粉,酵母菌
油,健康調和油
番薯,熟紫心地瓜泥
麻竹筍,麻竹筍干
雞米花,雞米球
紅茶,紅茶包